,station,date,1,2,3,4,5,6,7,8,9,10,11,12,13,14,15,16,17,18,19,20,21,22,23,24,25,26,27,28,29,30,31
0,Bongeunsa Station,Error,error,,,,,,,,,,,,,,,,,,,,,,,,,,,,,,
1,Bongeunsa Station,Error,error,,,,,,,,,,,,,,,,,,,,,,,,,,,,,,
2,Bongeunsa Station,Error,error,,,,,,,,,,,,,,,,,,,,,,,,,,,,,,
3,Bongeunsa Station,Error,error,,,,,,,,,,,,,,,,,,,,,,,,,,,,,,
4,Bongeunsa Station,Error,error,,,,,,,,,,,,,,,,,,,,,,,,,,,,,,
5,Bongeunsa Station,Error,error,,,,,,,,,,,,,,,,,,,,,,,,,,,,,,
6,Bongeunsa Station,Error,error,,,,,,,,,,,,,,,,,,,,,,,,,,,,,,
7,Bongeunsa Station,Error,error,,,,,,,,,,,,,,,,,,,,,,,,,,,,,,
8,Bongeunsa Station,Error,error,,,,,,,,,,,,,,,,,,,,,,,,,,,,,,
9,Bongeunsa Station,Error,error,,,,,,,,,,,,,,,,,,,,,,,,,,,,,,
10,Bongeunsa Station,Error,error,,,,,,,,,,,,,,,,,,,,,,,,,,,,,,
11,Bongeunsa Station,Error,error,,,,,,,,,,,,,,,,,,,,,,,,,,,,,,
12,Bongeunsa Station,Error,error,,,,,,,,,,,,,,,,,,,,,,,,,,,,,,
13,Bongeunsa Station,Error,error,,,,,,,,,,,,,,,,,,,,,,,,,,,,,,
14,Bongeunsa Station,Error,error,,,,,,,,,,,,,,,,,,,,,,,,,,,,,,
15,Bongeunsa Station,Error,error,,,,,,,,,,,,,,,,,,,,,,,,,,,,,,
16,Bongeunsa Station,Error,error,,,,,,,,,,,,,,,,,,,,,,,,,,,,,,
17,Bongeunsa Station,Error,error,,,,,,,,,,,,,,,,,,,,,,,,,,,,,,
18,Bongeunsa Station,Error,error,,,,,,,,,,,,,,,,,,,,,,,,,,,,,,
19,Bongeunsa Station,Error,error,,,,,,,,,,,,,,,,,,,,,,,,,,,,,,
20,Bongeunsa Station,Error,error,,,,,,,,,,,,,,,,,,,,,,,,,,,,,,
21,Bongeunsa Station,Error,error,,,,,,,,,,,,,,,,,,,,,,,,,,,,,,
22,Bongeunsa Station,Error,error,,,,,,,,,,,,,,,,,,,,,,,,,,,,,,
23,Bongeunsa Station,Error,error,,,,,,,,,,,,,,,,,,,,,,,,,,,,,,
24,Bongeunsa Station,Error,error,,,,,,,,,,,,,,,,,,,,,,,,,,,,,,
25,Bongeunsa Station,Error,error,,,,,,,,,,,,,,,,,,,,,,,,,,,,,,
26,Bongeunsa Station,Error,error,,,,,,,,,,,,,,,,,,,,,,,,,,,,,,
27,Bongeunsa Station,Error,error,,,,,,,,,,,,,,,,,,,,,,,,,,,,,,
28,Bongeunsa Station,Error,error,,,,,,,,,,,,,,,,,,,,,,,,,,,,,,
29,Bongeunsa Station,Error,error,,,,,,,,,,,,,,,,,,,,,,,,,,,,,,
30,Bongeunsa Station,Error,error,,,,,,,,,,,,,,,,,,,,,,,,,,,,,,
31,Bongeunsa Station,Error,error,,,,,,,,,,,,,,,,,,,,,,,,,,,,,,
32,Bongeunsa Station,Error,error,,,,,,,,,,,,,,,,,,,,,,,,,,,,,,
33,Bongeunsa Station,Error,error,,,,,,,,,,,,,,,,,,,,,,,,,,,,,,
34,Bongeunsa Station,Error,error,,,,,,,,,,,,,,,,,,,,,,,,,,,,,,
35,Bongeunsa Station,Error,error,,,,,,,,,,,,,,,,,,,,,,,,,,,,,,
36,Bongeunsa Station,Error,error,,,,,,,,,,,,,,,,,,,,,,,,,,,,,,
37,Bongeunsa Station,Error,error,,,,,,,,,,,,,,,,,,,,,,,,,,,,,,
38,Bongeunsa Station,Error,error,,,,,,,,,,,,,,,,,,,,,,,,,,,,,,
39,Bongeunsa Station,Error,error,,,,,,,,,,,,,,,,,,,,,,,,,,,,,,
40,Bongeunsa Station,Error,error,,,,,,,,,,,,,,,,,,,,,,,,,,,,,,
41,Bongeunsa Station,Error,error,,,,,,,,,,,,,,,,,,,,,,,,,,,,,,
42,Bongeunsa Station,Error,error,,,,,,,,,,,,,,,,,,,,,,,,,,,,,,
43,Bongeunsa Station,Error,error,,,,,,,,,,,,,,,,,,,,,,,,,,,,,,
44,Bongeunsa Station,Error,error,,,,,,,,,,,,,,,,,,,,,,,,,,,,,,
45,Bongeunsa Station,Error,error,,,,,,,,,,,,,,,,,,,,,,,,,,,,,,
46,Bongeunsa Station,Error,error,,,,,,,,,,,,,,,,,,,,,,,,,,,,,,
47,Bongeunsa Station,Error,error,,,,,,,,,,,,,,,,,,,,,,,,,,,,,,
48,Bongeunsa Station,Error,error,,,,,,,,,,,,,,,,,,,,,,,,,,,,,,
49,Bongeunsa Station,Error,error,,,,,,,,,,,,,,,,,,,,,,,,,,,,,,
50,Bongeunsa Station,Error,error,,,,,,,,,,,,,,,,,,,,,,,,,,,,,,
51,Bongeunsa Station,Error,error,,,,,,,,,,,,,,,,,,,,,,,,,,,,,,
52,Bongeunsa Station,2주,스시오마카세,참치공간,포스코사거리맛집,선릉역점심,선릉역맛집추천,삼성역술집,삼성역맛집,코엑스맛집추천,서울스시맛집,서울데이트장소,2호선맛집,강남구청역맛집,봉은사역맛집,푸딘코,참치맛집,조용한저녁,한강러닝,대일리그램,좋아요반사,좋아요,,,,,,,,,,,
53,Bongeunsa Station,2주,,,,,,,,,,,,,,,,,,,,,,,,,,,,,,,
54,Bongeunsa Station,2주,스템커피,,,,,,,,,,,,,,,,,,,,,,,,,,,,,,
55,Bongeunsa Station,2주,,,,,,,,,,,,,,,,,,,,,,,,,,,,,,,
56,Bongeunsa Station,2주,코엑스,아그라,,,,,,,,,,,,,,,,,,,,,,,,,,,,,
57,Bongeunsa Station,2주,코엑스,인터컨티넨탈,닥터S,오후,미팅,아이스커피,카페라떼,삼성역,삼성동코엑스,봉은사역맛집,카페,,,,,,,,,,,,,,,,,,,,
58,Bongeunsa Station,2주,먹스타그램,먹스타,코엑스맛집,코엑스,,,,,,,,,,,,,,,,,,,,,,,,,,,
59,Bongeunsa Station,2주,BHC,뿌링클,치즈볼,뿌링클,뿌링클순살,치킨,chicken,cheeseball,삼성동맛집,봉은사역맛집,순살치킨,뿌링치즈볼,치킨스타그램,먹스타그램,맛스타그램,먹팔,맞팔,좋아요,먹팔해요,먹팔환영,foodstagram,follow4like,yummy,,,,,,,,
60,Bongeunsa Station,2주,포스코사거리,삼성역,봉은사역,코엑스맛집,삼성역맛집,현대백화점,선릉역맛집,대치동맛집,봉은사역맛집,코엑스데이트,키친바락,키친bar,바락,barrak,제철요리,전통주,우리술,다이닝,일상,혼술,혼밥,JMT,,,,,,,,,
61,Bongeunsa Station,2주,봉은사역맛집,봉은사맛집,삼성역맛집,삼성동맛집,코엑스맛집,코엑스맛집추천,서울맛집추천,서울맛집베스트10,,,,,,,,,,,,,,,,,,,,,,,
62,Bongeunsa Station,3주,매드포갈릭,,,,,,,,,,,,,,,,,,,,,,,,,,,,,,
63,Bongeunsa Station,3주,코엑스맛집,봉은사역맛집,베트남쌀국수,팟타이,맛있다그램,,,,,,,,,,,,,,,,,,,,,,,,,,
64,Bongeunsa Station,3주,코엑스,쇼군,,,,,,,,,,,,,,,,,,,,,,,,,,,,,
65,Bongeunsa Station,3주,,,,,,,,,,,,,,,,,,,,,,,,,,,,,,,
66,Bongeunsa Station,3주,5,코엑스맛집,좋아요,서울오마카세,2호선맛집,포스코사거리맛집,대일리그램,선릉역맛집,대치동참치,선릉역참치,오도로,오마카세스시,서초동맛집,봉은사역맛집,이영자맛집,푸딘코,다이닝키친,미슐랭가이드서울,,,,,,,,,,,,,
67,Bongeunsa Station,3주,,,,,,,,,,,,,,,,,,,,,,,,,,,,,,,
68,Bongeunsa Station,3주,bhc치킨,후라이드치킨,봉은사역맛집,진정한맛집,뿌링클치즈볼,비오니까,치맥,,,,,,,,,,,,,,,,,,,,,,,,
69,Bongeunsa Station,3주,,,,,,,,,,,,,,,,,,,,,,,,,,,,,,,
70,Bongeunsa Station,3주,일상,,,,,,,,,,,,,,,,,,,,,,,,,,,,,,
71,Bongeunsa Station,3주,포스코사거리,삼성역,봉은사역,코엑스맛집,삼성역맛집,현대백화점,선릉역맛집,대치동맛집,봉은사역맛집,코엑스데이트,키친바락,키친bar,바락,barrak,제철요리,전통주,우리술,다이닝,일상,혼술,혼밥,JMT,,,,,,,,,
72,Bongeunsa Station,3주,은정이가멘토라서좋겠다,,,,,,,,,,,,,,,,,,,,,,,,,,,,,,
73,Bongeunsa Station,3주,,,,,,,,,,,,,,,,,,,,,,,,,,,,,,,
74,Bongeunsa Station,3주,피부과근처맛집,봉은사역맛집,삼성미소가인피부과근처,서울우까스,서울우까스봉은사역,소고기너비튀김정식,올해피부과끝,내년에또,매년오는곳,,,,,,,,,,,,,,,,,,,,,,
75,Bongeunsa Station,3주,,,,,,,,,,,,,,,,,,,,,,,,,,,,,,,
76,Bongeunsa Station,3주,,,,,,,,,,,,,,,,,,,,,,,,,,,,,,,
77,Bongeunsa Station,3주,instagram,food,foodie,foodstagram,yummy,daily,lunch,l4l,salmon,sashimi,삼성맛집,삼성동맛집,소브스위드살몬,sovswithsalmon,봉은사역맛집,연어맛집,연어사시미,,,,,,,,,,,,,,
78,Bongeunsa Station,Error,error,,,,,,,,,,,,,,,,,,,,,,,,,,,,,,
79,Bongeunsa Station,Error,error,,,,,,,,,,,,,,,,,,,,,,,,,,,,,,
80,Bongeunsa Station,3주,포스코사거리,삼성역,봉은사역,코엑스맛집,삼성역맛집,현대백화점,선릉역맛집,대치동맛집,봉은사역맛집,코엑스데이트,키친바락,키친bar,바락,barrak,제철요리,전통주,우리술,다이닝,일상,혼술,혼밥,JMT,,,,,,,,,
81,Bongeunsa Station,3주,치폴라로쏘,봉은사역맛집,삼성역맛집,삼성동맛집,삼성동,삼성역,봉은사역,이탈리안레스토랑,맛집추천,강남맛집,삼성역데이트코스,봉은사역데이트코스,봉은사로,직장인스타그램,회식스타그램,데이트추천,데이트하기좋은곳,드마라촬영지,파스타맛집,피자맛집,스테이크맛집,드라마촬영,이탈리안레스토랑맛집,창업문의,온라인홍보,프랜차이즈창업,매장홍보,sns마케팅,,,
82,Bongeunsa Station,4주,,,,,,,,,,,,,,,,,,,,,,,,,,,,,,,
83,Bongeunsa Station,4주,포스코사거리,삼성역,봉은사역,코엑스맛집,삼성역맛집,현대백화점,선릉역맛집,대치동맛집,봉은사역맛집,코엑스데이트,키친바락,키친bar,바락,barrak,제철요리,전통주,우리술,다이닝,일상,혼술,혼밥,JMT,,,,,,,,,
84,Bongeunsa Station,4주,사이드에이,삼성중앙역맛집,봉은사역맛집,,,,,,,,,,,,,,,,,,,,,,,,,,,,
85,Bongeunsa Station,4주,,,,,,,,,,,,,,,,,,,,,,,,,,,,,,,
86,Bongeunsa Station,4주,,,,,,,,,,,,,,,,,,,,,,,,,,,,,,,
87,Bongeunsa Station,4주,,,,,,,,,,,,,,,,,,,,,,,,,,,,,,,
88,Bongeunsa Station,4주,명인등심,꽃대신꽃등심,,,,,,,,,,,,,,,,,,,,,,,,,,,,,
89,Bongeunsa Station,4주,명인등심,,,,,,,,,,,,,,,,,,,,,,,,,,,,,,
90,Bongeunsa Station,4주,맛집스타그램,먹방스타그램,맛집,맛집추천,먹방,먹방투어,삼성동맛집,삼성동,봉은사역맛집,곰바위,곰바위본점,곱창전골,곱창맛집,먹팔,선팔하면맞팔,다음은어디,,,,,,,,,,,,,,,
91,Bongeunsa Station,4주,한끼식사,,,,,,,,,,,,,,,,,,,,,,,,,,,,,,
92,Bongeunsa Station,4주,포스코사거리,삼성역,봉은사역,코엑스맛집,삼성역맛집,현대백화점,선릉역맛집,대치동맛집,봉은사역맛집,코엑스데이트,키친바락,키친bar,바락,barrak,제철요리,전통주,우리술,다이닝,일상,혼술,혼밥,JMT,,,,,,,,,
93,Bongeunsa Station,5주,barrak,JMT,,,,,,,,,,,,,,,,,,,,,,,,,,,,,
94,Bongeunsa Station,5주,koreanfood,푸딩쓰삼성,,,,,,,,,,,,,,,,,,,,,,,,,,,,,
95,Bongeunsa Station,5주,jjimdak,cheese,noodles,coex,foodstagram,follower4follower,,,,,,,,,,,,,,,,,,,,,,,,,
96,Bongeunsa Station,5주,,,,,,,,,,,,,,,,,,,,,,,,,,,,,,,
97,Bongeunsa Station,5주,치폴라로쏘,딸기피자,로제파스타,치킨로제파스타,삼성동,삼성동맛집,봉은사역,봉은사역맛집,레스토랑,레스토랑맛집,존맛탱구리,존맛탱,jmt,jmtgr,,,,,,,,,,,,,,,,,
98,Bongeunsa Station,5주,호텔인나인강남,페스티바레스토랑,삼성동맛집,봉은사역맛집,파스타맛집,뷰좋은레스토랑,점심외식,아들이랑외식,맛집스타그램,와인한잔,크레마시퍼로티,와인스타,먹스타,애스타,,,,,,,,,,,,,,,,,
99,Bongeunsa Station,5주,,,,,,,,,,,,,,,,,,,,,,,,,,,,,,,
100,Bongeunsa Station,5주,바이킹스워프,노아베이커리,얼그레이쉬폰케이크,망고,,,,,,,,,,,,,,,,,,,,,,,,,,,
101,Bongeunsa Station,5주,예천한우정육타운,삼성역맛집,강남맛집,선팔맞팔,봉은사역맛집,코엑스맛집,고기,meatlover,점심,저녁,첫줄,첫줄반사,먹스타맞팔,먹스타그램,먹스타,맛집,맛스타그램,맛스타,셀스타그램,셀카,얼스타그램,좋아요반사,좋반테러,좋반,좋아요,좋아요테러,좋,맞팔,선팔하면맞팔,맞팔해요,
102,Bongeunsa Station,5주,랍스터,스테이크,미디움,오일파스타,파스타,명란파스타,치즈,맥주,삼성역,레스토랑,맛집,고기스타그램,맛집그램,삼성역맛집,봉은사역맛집,,,,,,,,,,,,,,,,
103,Bongeunsa Station,5주,sideshow,사이드쇼,사이드쇼코엑스점,사이드쇼떡볶이,즉석떡볶이,떡볶이,떡볶이맛집,즉석떡볶이맛집,코엑스,코엑스맛집,코엑스몰,coex,coexmall,삼성역,봉은사역,삼성역맛집,봉은사역맛집,,,,,,,,,,,,,,
104,Bongeunsa Station,5주,,,,,,,,,,,,,,,,,,,,,,,,,,,,,,,
105,Bongeunsa Station,5주,포스코사거리,삼성역,봉은사역,코엑스맛집,삼성역맛집,현대백화점,선릉역맛집,대치동맛집,봉은사역맛집,코엑스데이트,키친바락,키친bar,바락,barrak,제철요리,전통주,우리술,다이닝,일상,혼술,혼밥,JMT,,,,,,,,,
106,Bongeunsa Station,5주,연휴시작,정상영업,강풍에,날라가버린,칠판,손글씨,연휴와,강풍에도,굴하지않는,자영업자의삶,삼성동맛집,봉은사역맛집,맥주맛집,재난긴급생활비,제로페이,사용가능,4월마지막,내일은,벌써5월,화이팅,,,,,,,,,,,
107,Bongeunsa Station,6주,,,,,,,,,,,,,,,,,,,,,,,,,,,,,,,
108,Bongeunsa Station,6주,봉은사,LEAFY,매드포갈릭,신규오픈,신상카페,,,,,,,,,,,,,,,,,,,,,,,,,,
109,Bongeunsa Station,6주,takeaway,,,,,,,,,,,,,,,,,,,,,,,,,,,,,,
110,Bongeunsa Station,6주,백세주마을삼성점,백세주마을,삼성동맛집,봉은사역맛집,봉은사맛집,koreanfood,,,,,,,,,,,,,,,,,,,,,,,,,
111,Bongeunsa Station,6주,돼지갈비,맛집,비빔냉면,매운갈비찜,들녘숯불구이,봉은사역맛집,,,,,,,,,,,,,,,,,,,,,,,,,
112,Bongeunsa Station,6주,비야게레로,삼성맛집,삼성역맛집,봉은사역맛집,삼성중앙역맛집,타코맛집,멕시칸맛집,타코스타그램,먹스타그램,맛스타그램,tacos,taqueria,mexicanfood,foodie,foodstagram,villaguerrero,,,,,,,,,,,,,,,
113,Bongeunsa Station,6주,명인등심,명인패밀리데이,명인패밀리데이,명인패밀리데이,명인등심,가정의달,,,,,,,,,,,,,,,,,,,,,,,,,
114,Bongeunsa Station,6주,간만의점심,잠정적재택근무끝,사장님이오랜만에왔다며알아보심,셀럽의길인가,맛집,맛스타그램,먹방,먹스타그램,외식스타그램,연어파티,삼성동맛집,연어맛집,봉은사역맛집,직장인그램,런치스타그램,맛집탐방대,,,,,,,,,,,,,,,
115,Bongeunsa Station,6주,우리가게막내,잘쓸게요대표님,이제공기청정기좀,,,,,,,,,,,,,,,,,,,,,,,,,,,,
116,Bongeunsa Station,6주,치폴라로쏘,갬성샷,소통,몇년지기더라,아라비아타파스타,jmt,삼성맛집,봉은사역맛집,감성맛집,친구생일,케이크,커팅식,냠냠,생일파티,좋아요,life,일상,,,,,,,,,,,,,,
117,Bongeunsa Station,6주,먹스타그램,먹스타맞팔,오늘뭐먹지,맛집공유,봉은사역맛집,삼성동맛집,이타마에바루,,,,,,,,,,,,,,,,,,,,,,,,
118,Bongeunsa Station,6주,madforgarlic,steak,pasta,pizza,garliclovers,비비의추천,,,,,,,,,,,,,,,,,,,,,,,,,
119,Bongeunsa Station,6주,epicurechoi,CHOI푸드,,,,,,,,,,,,,,,,,,,,,,,,,,,,,
120,Bongeunsa Station,6주,먹자로드,삼성동맛집,봉은사역맛집,삼성소곱창,곱창과순대국,먹방,냠냠,일상,log,daily,food,dailyfood,yammy,nofilter,,,,,,,,,,,,,,,,,
121,Bongeunsa Station,6주,노메,먹스타그램,봉은사역맛집,삼성동맛,달걀말이,치즈계란말이,쭈삼맛집,불쭈삼,안주스타그램,팔로우,밥스타그램,코엑스맛집,술스타그램,봉은사역,food,foodie,igfood,foodstagram,daily,instagood,매운맛집,,,,,,,,,,
122,Bongeunsa Station,6주,마제소바,,,,,,,,,,,,,,,,,,,,,,,,,,,,,,
123,Bongeunsa Station,6주,명인등심,명인패밀리데이,명인패밀리데이,명인패밀리데이,명인등심,가정의달,,,,,,,,,,,,,,,,,,,,,,,,,
124,Bongeunsa Station,6주,,,,,,,,,,,,,,,,,,,,,,,,,,,,,,,
125,Bongeunsa Station,6주,맛있는밥상,봉은사역맛집,점심한상차림,,,,,,,,,,,,,,,,,,,,,,,,,,,,
126,Bongeunsa Station,6주,포스코사거리,삼성역,봉은사역,코엑스맛집,삼성역맛집,현대백화점,선릉역맛집,대치동맛집,봉은사역맛집,코엑스데이트,키친바락,키친bar,바락,barrak,제철요리,전통주,우리술,다이닝,일상,혼술,혼밥,JMT,,,,,,,,,
127,Bongeunsa Station,6주,명인등심,명인패밀리데이,명인패밀리데이,명인패밀리데이,명인등심,가정의달,,,,,,,,,,,,,,,,,,,,,,,,,
128,Bongeunsa Station,7주,포스코사거리,삼성역,봉은사역,코엑스맛집,삼성역맛집,현대백화점,선릉역맛집,대치동맛집,봉은사역맛집,코엑스데이트,키친바락,키친bar,바락,barrak,제철요리,전통주,우리술,다이닝,일상,혼술,혼밥,JMT,,,,,,,,,
129,Bongeunsa Station,7주,,,,,,,,,,,,,,,,,,,,,,,,,,,,,,,
130,Bongeunsa Station,7주,봉은사역맛집,우삼겹,소곱창,대창,테라,부추무침,볶음밥,곱창과순대국,,,,,,,,,,,,,,,,,,,,,,,
131,Bongeunsa Station,7주,브루클린더버거조인트,삼성역,,,,,,,,,,,,,,,,,,,,,,,,,,,,,
132,Bongeunsa Station,7주,,,,,,,,,,,,,,,,,,,,,,,,,,,,,,,
133,Bongeunsa Station,Error,error,,,,,,,,,,,,,,,,,,,,,,,,,,,,,,
134,Bongeunsa Station,Error,error,,,,,,,,,,,,,,,,,,,,,,,,,,,,,,
135,Bongeunsa Station,7주,서울,강남구,삼성동,횡성한우고향,샤브샤브,재오스픽,,,,,,,,,,,,,,,,,,,,,,,,,
136,Bongeunsa Station,7주,더플레이스,존맛탱,폭탄피자,코엑스맛집,삼성역맛집,봉은사역맛집,코엑스파스타,삼성역파스타,서울맛집,오늘뭐먹지,먹스타그램,먹스타맞팔,파스타,피자,음식사진,리조또,위꼴,선팔하면맞팔,jmt,dm환영,대존맛,좋아요반사,food,foodstagram,분위기맛집,좋아요하면선팔,선팔맞팔,좋반,협찬,대전맛집,
137,Bongeunsa Station,7주,빌드컷,삼성미용실,삼성동미용실,매직,볼륨매직,크리닉,복구크리닉,프리미엄크리닉,중단발,중단발스타일,미듐단발,사이드뱅,단발레이어드,중단발헤어,오송헤어,봉은사미용실,봉은사역맛집,헤어맛집,소현디자이너,디자이너소현,f4f,좋아요,선팔하면맞팔,오송헤어소현,,,,,,,
138,Bongeunsa Station,7주,식사부터,매드포갈릭,봉은사맛집,봉은사카페,,,,,,,,,,,,,,,,,,,,,,,,,,,
139,Bongeunsa Station,7주,소고기너비아니튀김,소고기돈가츠,수란추가요,맛집,맛스타그램,먹방,먹스타그램,외식스타그램,직장인그램,회사원그램,재택근무끝,삼성동맛집,봉은사역맛집,평일스타그램,오늘아님,,,,,,,,,,,,,,,,
140,Bongeunsa Station,7주,봉은사역맛집,봉은사맛집,봉은사술집,강남이자카야,역삼이자카야,노메,모츠나베맛집,강남술집,역삼술집,술스타그램,술쟁이,,,,,,,,,,,,,,,,,,,,
141,Bongeunsa Station,8주,곱창과순대국,봉은사,내갱한끼,,,,,,,,,,,,,,,,,,,,,,,,,,,,
142,Bongeunsa Station,8주,,,,,,,,,,,,,,,,,,,,,,,,,,,,,,,
143,Bongeunsa Station,8주,,,,,,,,,,,,,,,,,,,,,,,,,,,,,,,
144,Bongeunsa Station,8주,,,,,,,,,,,,,,,,,,,,,,,,,,,,,,,
145,Bongeunsa Station,8주,,,,,,,,,,,,,,,,,,,,,,,,,,,,,,,
146,Bongeunsa Station,8주,,,,,,,,,,,,,,,,,,,,,,,,,,,,,,,
147,Bongeunsa Station,8주,,,,,,,,,,,,,,,,,,,,,,,,,,,,,,,
148,Bongeunsa Station,8주,삼성동맛집,삼성동이자카야,삼성동거리,봉은사역맛집,일상이그리운요즘,란주쿠,햇볕좋은날,월요일,instadaily,instapic,instafood,ranjuku,warayaki,instagood,coex,,,,,,,,,,,,,,,,
149,Bongeunsa Station,8주,,,,,,,,,,,,,,,,,,,,,,,,,,,,,,,
150,Bongeunsa Station,8주,,,,,,,,,,,,,,,,,,,,,,,,,,,,,,,
151,Bongeunsa Station,8주,삼성동맛집,돈주는남자,흑돼지,백돼지,숯불,멜젓에,돈주남,삼성동맛집,봉은사역맛집,삼성역맛집,강남맛집,gangnam,제주,jeju,흑돼지맛집,blackpork,pork,고기,meat,고기맛집,고기스타그램,맛스타그램,먹스타그램,food,foodstagram,맞팔,먹팔,팔로우,,,
152,Bongeunsa Station,8주,포스코사거리,삼성역,봉은사역,코엑스맛집,삼성역맛집,현대백화점,선릉역맛집,대치동맛집,봉은사역맛집,코엑스데이트,키친바락,키친bar,바락,barrak,제철요리,전통주,우리술,다이닝,일상,혼술,혼밥,JMT,,,,,,,,,
153,Bongeunsa Station,8주,,,,,,,,,,,,,,,,,,,,,,,,,,,,,,,
154,Bongeunsa Station,8주,초대창잠실새내점,잠실새내맛집,초대창,초매운대창구이,매운대창원조집,,,,,,,,,,,,,,,,,,,,,,,,,,
155,Bongeunsa Station,9주,명인등심,저기압일땐고기앞으로,,,,,,,,,,,,,,,,,,,,,,,,,,,,,
156,Bongeunsa Station,9주,,,,,,,,,,,,,,,,,,,,,,,,,,,,,,,
157,Bongeunsa Station,9주,모퉁이우ripe,부자대표님,나도대표님하고싶다,,,,,,,,,,,,,,,,,,,,,,,,,,,,
158,Bongeunsa Station,9주,포스코사거리,삼성역,봉은사역,코엑스맛집,삼성역맛집,현대백화점,선릉역맛집,대치동맛집,봉은사역맛집,코엑스데이트,키친바락,키친bar,바락,barrak,제철요리,전통주,우리술,다이닝,일상,혼술,혼밥,JMT,,,,,,,,,
159,Bongeunsa Station,9주,,,,,,,,,,,,,,,,,,,,,,,,,,,,,,,
160,Bongeunsa Station,9주,,,,,,,,,,,,,,,,,,,,,,,,,,,,,,,
161,Bongeunsa Station,Error,error,,,,,,,,,,,,,,,,,,,,,,,,,,,,,,
162,Bongeunsa Station,Error,error,,,,,,,,,,,,,,,,,,,,,,,,,,,,,,
163,Bongeunsa Station,9주,봉은사역맛집,아메리칸테이블,파스타,피자,샐러드,직장인,점심메뉴,이사그만하고싶어요,,,,,,,,,,,,,,,,,,,,,,,
164,Bongeunsa Station,9주,재희키친,jaeheekitchen,신메뉴,새우튀김,다이어트는운동으로하세요,friedshirimps,코엑스맛집,삼성동맛집,봉은사역맛집,봉은사역3번출구,,,,,,,,,,,,,,,,,,,,,
165,Bongeunsa Station,9주,치폴라로쏘삼성점,마레뻬스카토레,크랜베리피자,차돌갈릭오일파스타,치폴라로쏘,cipollarosso,삼성동맛집,봉은사역맛집,파스타맛집,피자맛집,pasta,pizza,salad,이탈리안맛집,이탈리안레스토랑,italianrestaurant,맛스타그램,먹스타그램,인스타푸드,instafood,foodstagram,푸드스타그램,italianfood,marepescatore,,,,,,,
166,Bongeunsa Station,9주,홍콩식우육면,팀호완삼성점,,,,,,,,,,,,,,,,,,,,,,,,,,,,,
167,Bongeunsa Station,9주,홍콩음식점,팀호완삼성점,,,,,,,,,,,,,,,,,,,,,,,,,,,,,
168,Bongeunsa Station,9주,차슈바오번,팀호완삼성점,,,,,,,,,,,,,,,,,,,,,,,,,,,,,
169,Bongeunsa Station,9주,포스코사거리,삼성역,봉은사역,코엑스맛집,삼성역맛집,현대백화점,선릉역맛집,대치동맛집,봉은사역맛집,코엑스데이트,키친바락,키친bar,바락,barrak,제철요리,전통주,우리술,다이닝,일상,혼술,혼밥,JMT,,,,,,,,,
170,Bongeunsa Station,9주,포스코사거리,삼성역,봉은사역,코엑스맛집,삼성역맛집,현대백화점,선릉역맛집,대치동맛집,봉은사역맛집,코엑스데이트,키친바락,키친bar,바락,barrak,제철요리,전통주,우리술,다이닝,일상,혼술,혼밥,JMT,,,,,,,,,
171,Bongeunsa Station,9주,곱창과순대국,봉은사,내갱한끼,,,,,,,,,,,,,,,,,,,,,,,,,,,,
172,Bongeunsa Station,10주,삼성역맛집,봉은사역맛집,봉은사맛집,만리장성,맥도날드,삼성역,mcdonalds,korean,korean,lunch,dinner,,,,,,,,,,,,,,,,,,,,
173,Bongeunsa Station,10주,선릉맛집,봉은사역맛집,깐부치킨,일상,커피,강남,보험,메트라이프,보험쟁이,보장,저축,연금,노후준비,직장인,코엑스,봉은사,,,,,,,,,,,,,,,
174,Bongeunsa Station,10주,소브스위드살몬,코로나,바이러스,면역력강화,연어,,,,,,,,,,,,,,,,,,,,,,,,,,
175,Bongeunsa Station,10주,오픈공지,정상영업,큐브스테이크,삼성동맛집,봉은사역맛집,문의환영,예약가능,코로나,이겨내자,달링스테이크,봉은사역점,봉은사역,,,,,,,,,,,,,,,,,,,
176,Bongeunsa Station,10주,면역력,,,,,,,,,,,,,,,,,,,,,,,,,,,,,,
177,Bongeunsa Station,10주,오송헤어,오송헤어,삼성동미용실,봉은사역맛집,봉은사역사거리,봉은사미용실,단발맛집,단발머리,태슬컷,칼단발,자갈치머리,여자머리,단발머리잘하는곳,단발머리추천,f4f,소현디자이너,감성,레드바이올렛,플럼브라운,바이올렛염색,선팔하면맞팔,,,,,,,,,,
178,Bongeunsa Station,10주,노메,봉은사역,봉은사역술집,봉은사역맛집,삼성동,삼성동맛집,짬뽕,짬뽕맛집,짬뽕탕,오코노미야끼,오코노미야끼맛집,,,,,,,,,,,,,,,,,,,,
179,Bongeunsa Station,10주,이타마에바루,이자카야,삼성동맛집,봉은사역맛집,봉은사역괜찮은술집,봉은사역분위기좋은곳,삼성역술집추천,가성비괜찮은곳,,,,,,,,,,,,,,,,,,,,,,,
180,Bongeunsa Station,10주,이타마에바루,이자카야,삼성동맛집,봉은사역맛집,봉은사역괜찮은술집,봉은사역분위기좋은곳,삼성역술집추천,가성비괜찮은곳,,,,,,,,,,,,,,,,,,,,,,,
181,Bongeunsa Station,10주,이타마에바루,이자카야,삼성동맛집,봉은사역맛집,봉은사역괜찮은술집,봉은사역분위기좋은곳,삼성역술집추천,가성비괜찮은곳,,,,,,,,,,,,,,,,,,,,,,,
182,Bongeunsa Station,10주,이타마에바루,이자카야,삼성동맛집,봉은사역맛집,봉은사역괜찮은술집,봉은사역분위기좋은곳,삼성역술집추천,가성비괜찮은곳,,,,,,,,,,,,,,,,,,,,,,,
183,Bongeunsa Station,10주,이타마에바루,이자카야,삼성동맛집,봉은사역맛집,봉은사역괜찮은술집,봉은사역분위기좋은곳,삼성역술집추천,가성비괜찮은곳,,,,,,,,,,,,,,,,,,,,,,,
184,Bongeunsa Station,10주,명인등심,한우특등심,,,,,,,,,,,,,,,,,,,,,,,,,,,,,
185,Bongeunsa Station,10주,브루클린더버거조인트,봉은사역,수제버거맛집,수제버거,봉은사역맛집,삼성역맛집,코엑스맛집,강남맛집,햄버거,햄돌투어,hamburger,먹스타그램,맞팔,,,,,,,,,,,,,,,,,,
186,Bongeunsa Station,10주,봉은사역,봉은사역맛집,서울우까스,스테이크덮밥,,,,,,,,,,,,,,,,,,,,,,,,,,,
187,Bongeunsa Station,10주,진주,삼성동맛집,삼성역맛집,봉은사역맛집,도심공항맛집,포스코맛집,강남맛집,도다리,강도다리,도다리쑥국,제철음식,제철회,봄,맞팔해요,맞팔선팔환영,,,,,,,,,,,,,,,,
188,Bongeunsa Station,11주,아그라코엑스점,아그라,인도음식맛집,코엑스맛집,봉은사역맛집,서울맛집,코로나덕분에얻은일상,다음엔,스탬커피,,,,,,,,,,,,,,,,,,,,,,
189,Bongeunsa Station,11주,포스코사거리,삼성역,봉은사역,코엑스맛집,삼성역맛집,현대백화점,선릉역맛집,대치동맛집,봉은사역맛집,코엑스데이트,키친바락,키친bar,바락,barrak,제철요리,전통주,우리술,다이닝,일상,혼술,혼밥,JMT,,,,,,,,,
190,Bongeunsa Station,11주,포스코사거리,삼성역,봉은사역,코엑스맛집,삼성역맛집,현대백화점,선릉역맛집,대치동맛집,봉은사역맛집,코엑스데이트,키친바락,키친bar,바락,barrak,제철요리,전통주,우리술,다이닝,일상,혼술,혼밥,JMT,,,,,,,,,
191,Bongeunsa Station,11주,삼성역맛집,봉은사역맛집,그랜드인터컨티넨탈,서울파르나스호텔,그랜드키친,호텔뷔페,현대레드카드,,,,,,,,,,,,,,,,,,,,,,,,
192,Bongeunsa Station,11주,폭탄피자,더플레이스,피자,불쇼,살사소스,꿀,랜치소스,크랜베리,견과류,분위기맛집,기념일데이트,코엑스맛집,피자맛집,삼성동맛집,삼성역맛집,봉은사역맛집,먹스타그램,맛스타그램,먹스타,먹팔,맞팔,food,foodie,foodstagram,,,,,,,
193,Bongeunsa Station,11주,팀호완,차슈바오,porkbun,하가우,샤오마이,새우라이스롤,,,,,,,,,,,,,,,,,,,,,,,,,
194,Bongeunsa Station,11주,은포토,돌스냅,,,,,,,,,,,,,,,,,,,,,,,,,,,,,
195,Bongeunsa Station,11주,코로나바이러스,회식스타그램,회식,메드포갈릭,스테이크,파스타,듬뿍,콜레스테롤수치,오늘만,먹자,먹스타그램,금요일,불금,봉은사역맛집,이태리음식,좋아요,선팔,맞팔,선팔맞팔환영,,,,,,,,,,,,
196,Bongeunsa Station,11주,브루클린더버거조인트,미쿡맛,버거중에최고,,,,,,,,,,,,,,,,,,,,,,,,,,,,
197,Bongeunsa Station,11주,포스코사거리,삼성역,봉은사역,코엑스맛집,삼성역맛집,현대백화점,선릉역맛집,대치동맛집,봉은사역맛집,코엑스데이트,키친바락,키친bar,바락,barrak,제철요리,전통주,우리술,다이닝,일상,혼술,혼밥,JMT,,,,,,,,,
198,Bongeunsa Station,11주,포스코사거리,삼성역,봉은사역,코엑스맛집,삼성역맛집,현대백화점,선릉역맛집,대치동맛집,봉은사역맛집,코엑스데이트,키친바락,키친bar,바락,barrak,제철요리,전통주,우리술,다이닝,일상,혼술,혼밥,JMT,,,,,,,,,
199,Bongeunsa Station,12주,물회,금복당,포항식물회,코엑스맛집,봉은사역맛집,,,,,,,,,,,,,,,,,,,,,,,,,,
200,Bongeunsa Station,12주,육회비빔밥,봉은사역맛집,성북동청국장,,,,,,,,,,,,,,,,,,,,,,,,,,,,
201,Bongeunsa Station,12주,삼성동맛집,봉은사역맛집,소연,구스IPA,바스타그램,감자전,모듬전,안동국시,수육,paleale,pub,seoulkorea,,,,,,,,,,,,,,,,,,,
202,Bongeunsa Station,12주,일미쌈밥,제육볶음,쌈밥,삼성동맛집,삼성역맛집,봉은사맛집,,,,,,,,,,,,,,,,,,,,,,,,,
203,Bongeunsa Station,12주,명인등심,저기압일땐고기앞으로,,,,,,,,,,,,,,,,,,,,,,,,,,,,,
204,Bongeunsa Station,12주,포스코사거리,삼성역,봉은사역,코엑스맛집,삼성역맛집,현대백화점,선릉역맛집,대치동맛집,봉은사역맛집,코엑스데이트,키친바락,키친bar,바락,barrak,제철요리,전통주,우리술,다이닝,일상,혼술,혼밥,JMT,,,,,,,,,
205,Bongeunsa Station,12주,게쉬운여자,,,,,,,,,,,,,,,,,,,,,,,,,,,,,,
206,Bongeunsa Station,12주,산더미튀김,,,,,,,,,,,,,,,,,,,,,,,,,,,,,,
207,Bongeunsa Station,12주,daily,monday,dinner,samseong,food,instafood,sundaesoup,sundaeguk,sundae,squidsundae,stuffedsquid,soju,일상,월요일,저녁식사,삼성동,봉은사역,삼성동맛집,봉은사역맛집,순댓국,순대,오징어순대,소주,진로이즈백,빛맑암,빛맑암신혼일기,,,,,
208,Bongeunsa Station,12주,봉은사역맛집,서브웨이,blt샌드위치꿀조합,달콤커피,커플카카오마우스,꽃지간장게장,미슐랭맛집,자동차극장,인비저블맨,,,,,,,,,,,,,,,,,,,,,,
209,Bongeunsa Station,12주,예쁜척,뿌잉뿌잉,예쁜예비부부,,,,,,,,,,,,,,,,,,,,,,,,,,,,
210,Bongeunsa Station,12주,sovs삼성점,봉은사역맛집,넘나스윗,공적마스크구입성공,,,,,,,,,,,,,,,,,,,,,,,,,,,
211,Bongeunsa Station,12주,아이멀티서비스,DAMOAU,봉은사역대리운전,카드결제가능,국내최저가대리,동창회,봉은사역,봉은사역맛집,봉은사역술집,삼성코엑스,현대아이파크,일상스토리,,,,,,,,,,,,,,,,,,,
212,Bongeunsa Station,12주,코엑스,캘리포니아피자키친,코엑스맛집,코엑스,피자맛집,삼성역맛집,봉은사역맛집,먹스타,먹스타그램,일상스타그램,일상기록,daily,pizza,californiapizzakitchen,,,,,,,,,,,,,,,,,
213,Bongeunsa Station,12주,명인등심,,,,,,,,,,,,,,,,,,,,,,,,,,,,,,
214,Bongeunsa Station,12주,,,,,,,,,,,,,,,,,,,,,,,,,,,,,,,
215,Bongeunsa Station,12주,명인등심,,,,,,,,,,,,,,,,,,,,,,,,,,,,,,
216,Bongeunsa Station,13주,봉은사역,삼성역,팀호완,딤섬,딤섬맛집,미슐랭,홍콩미슐랭,봉은사역맛집,삼성역맛집,코엑스,코엑스맛집,timhowan,,,,,,,,,,,,,,,,,,,
217,Bongeunsa Station,13주,1024,배꼽집,코엑스맛집,코엑스,양곰탕,한우사태곰탕,봉은사역맛집,,,,,,,,,,,,,,,,,,,,,,,,
218,Bongeunsa Station,13주,,,,,,,,,,,,,,,,,,,,,,,,,,,,,,,
219,Bongeunsa Station,13주,,,,,,,,,,,,,,,,,,,,,,,,,,,,,,,
220,Bongeunsa Station,13주,어흥,놀랐지,일상,직딩,관리하는여자,관리하는여자들,내언냐,신사동,커피숍,봉은사역맛집,금복당,커피숍,서초동,강남역,포항식물회,관리전,관리후,턱어디갔니,온종일,강남,휘곤,근데,커피만,세잔,쌩쌩,오예,자기관리,고객관리,이유없이모든것감사,,
221,Bongeunsa Station,13주,분모자떡볶이,신메뉴,신메뉴그램,3개더있지롱,오뎅탕,멘보샤,새우완탕,우삼겹떡볶이,매콤,얼얼,봉은사역맛집,삼성역맛집,예약환영,문의환영,포장,,,,,,,,,,,,,,,,
222,Bongeunsa Station,13주,백세주마을,막걸리,봉은사역,봉은사역맛집,유니쓰,,,,,,,,,,,,,,,,,,,,,,,,,,
223,Bongeunsa Station,13주,명인등심,,,,,,,,,,,,,,,,,,,,,,,,,,,,,,
224,Bongeunsa Station,13주,포스코사거리,삼성역,봉은사역,코엑스맛집,삼성역맛집,현대백화점,선릉역맛집,대치동맛집,봉은사역맛집,코엑스데이트,키친바락,키친bar,바락,barrak,제철요리,전통주,우리술,다이닝,일상,혼술,혼밥,JMT,,,,,,,,,
225,Bongeunsa Station,13주,서울삼성,봉은사역맛집,소주안주,,,,,,,,,,,,,,,,,,,,,,,,,,,,
226,Bongeunsa Station,14주,포스코사거리,삼성역,봉은사역,코엑스맛집,삼성역맛집,현대백화점,선릉역맛집,대치동맛집,봉은사역맛집,코엑스데이트,키친바락,키친bar,바락,barrak,제철요리,전통주,우리술,다이닝,일상,혼술,혼밥,JMT,,,,,,,,,
227,Bongeunsa Station,14주,,,,,,,,,,,,,,,,,,,,,,,,,,,,,,,
228,Bongeunsa Station,14주,공부해서남주자,,,,,,,,,,,,,,,,,,,,,,,,,,,,,,
229,Bongeunsa Station,14주,다랑원,신라다랑원,삼성역맛집,참치맛집,강남참치,tuna,참치,회,스시,선릉맛집,코엑스맛집,경기고맛집,봉은사역맛집,,,,,,,,,,,,,,,,,,
230,Bongeunsa Station,14주,데블스딜라이트,고르곤졸라피자,고르곤졸라,반반피자,화덕피자,버팔로핫윙,폴리스피자,파르나스몰맛집,봉은사역맛집,코엑스맛집,삼성역맛집,,,,,,,,,,,,,,,,,,,,
231,Bongeunsa Station,14주,포스코사거리,삼성역,봉은사역,코엑스맛집,삼성역맛집,현대백화점,선릉역맛집,대치동맛집,봉은사역맛집,코엑스데이트,키친바락,키친bar,바락,barrak,제철요리,전통주,우리술,다이닝,일상,혼술,혼밥,JMT,,,,,,,,,
232,Bongeunsa Station,14주,omlet,porkcutlet,봉은사역맛집,foodie,foodblogger,foodstagram,foodstagrams,foodphotography,foodgasm,foody,foodlover,foodporn,foodgasm,먹스타그램,먹부림,먹방스타그램,맛스타그램,먹방,jmt,엄지척,엄지엄지척,존맛탱,,,,,,,,,
233,Bongeunsa Station,14주,달링스테이크봉은사역점,달링스테이크,새프라이팬,코로나대비,봉은사역맛집,삼성역맛집,회식장소추천,2월끝자락,큐브스테이크,피자맛집,비프스테이크피자,문의환영,예약환영,,,,,,,,,,,,,,,,,,
234,Bongeunsa Station,15주,,,,,,,,,,,,,,,,,,,,,,,,,,,,,,,
235,Bongeunsa Station,15주,,,,,,,,,,,,,,,,,,,,,,,,,,,,,,,
236,Bongeunsa Station,15주,초벌구이,하남돼지집,삼겹살,생삼겹살,특목살,생갈비,갈매기살,항정살,가브리살,소맥,도시락김치볶음밥,,,,,,,,,,,,,,,,,,,,
237,Bongeunsa Station,15주,삼성동맛집,연어맛집,삼성역맛집,코엑스맛집,봉은사역맛집,소브스,삼성동소브스,핫플,핫플레이스,중독성,인싸메뉴,인싸템,JMT,먹스타그램,먹스타그램,음식,KFOOD,먹방,먹방스타그램,먹스타,맛스타그램,맛,우정,힐링,맛집,연어,와인,,,,
238,Bongeunsa Station,15주,삼성동맛집,연어맛집,삼성역맛집,코엑스맛집,봉은사역맛집,소브스,삼성동소브스,핫플,핫플레이스,중독성,인싸메뉴,인싸템,JMT,먹스타그램,먹스타그램,음식,KFOOD,먹방,먹방스타그램,먹스타,맛스타그램,맛,우정,힐링,맛집,연어,와인,,,,
239,Bongeunsa Station,15주,솔향기부페,점심부페,봉은사역맛집,건강밥상,모듬버섯돈육불고기,먹갈치구이,온메밀,유채나물,단백질과미네랄,,,,,,,,,,,,,,,,,,,,,,
240,Bongeunsa Station,15주,솔향기부페,오늘의메뉴,내일의메뉴,강남맛집,봉은사역맛집,한식부페,밥이엄청맛있는집,건강한밥상,숙주짬뽕,야채순대볶음,,,,,,,,,,,,,,,,,,,,,
241,Bongeunsa Station,15주,곰탕,하동관,삼성동맛집,봉은사역맛집,삼성역맛집,코엑스맛집,,,,,,,,,,,,,,,,,,,,,,,,,
242,Bongeunsa Station,15주,카페마마스,단호박스프,감자수프,시그니처샐러드,딸기,,,,,,,,,,,,,,,,,,,,,,,,,,
243,Bongeunsa Station,15주,봉은사역맛집,간장게장맛집,꽃지,미슐랭맛집,미슐랭가이드서울,,,,,,,,,,,,,,,,,,,,,,,,,,
244,Bongeunsa Station,Error,error,,,,,,,,,,,,,,,,,,,,,,,,,,,,,,
245,Bongeunsa Station,Error,error,,,,,,,,,,,,,,,,,,,,,,,,,,,,,,
246,Bongeunsa Station,15주,,,,,,,,,,,,,,,,,,,,,,,,,,,,,,,
247,Bongeunsa Station,15주,냠냠,념념,삼성역맛집,봉은사역맛집,소브스위드살몬,,,,,,,,,,,,,,,,,,,,,,,,,,
248,Bongeunsa Station,15주,,,,,,,,,,,,,,,,,,,,,,,,,,,,,,,
249,Bongeunsa Station,15주,대창,숯불에구워,야들야들,비싼만큼맛있네,한우,천엽,생간,고퀄,소주가술술,곰바위,미쉐린가이드,삼성동맛집,봉은사역맛집,맛스타그램,술스타그램,,,,,,,,,,,,,,,,
250,Bongeunsa Station,15주,포스코사거리,삼성역,봉은사역,코엑스맛집,삼성역맛집,현대백화점,선릉역맛집,대치동맛집,봉은사역맛집,코엑스데이트,키친바락,키친bar,바락,barrak,제철요리,전통주,우리술,다이닝,일상,혼술,혼밥,JMT,,,,,,,,,
251,Bongeunsa Station,16주,삼성동맛집,연어맛집,삼성역맛집,코엑스맛집,봉은사역맛집,소브스,삼성동소브스,데이트,돼지런한부부의일상,,,,,,,,,,,,,,,,,,,,,,
252,Bongeunsa Station,16주,,,,,,,,,,,,,,,,,,,,,,,,,,,,,,,
253,Bongeunsa Station,16주,삼성동맛집,연어맛집,삼성역맛집,코엑스맛집,봉은사역맛집,소브스,삼성동소브스위드살몬,,,,,,,,,,,,,,,,,,,,,,,,
254,Bongeunsa Station,16주,삼성역맛집,봉은사역맛집,백세주마을,막걸리맛집,막걸리안주,순대모음,굴전,,,,,,,,,,,,,,,,,,,,,,,,
255,Bongeunsa Station,16주,소브스위드살몬,봉은사역맛집,봉은사,연어요리,연어맛집,연어스테이크,연어마끼,연어파스타,발렌타인데이,화이트데이,데이트,온더테이블,일상,소통,좋아요,sovswithsalmon,onthetable,daily,,,,,,,,,,,,,
256,Bongeunsa Station,16주,봉은사역맛집,비밀공간,줌마룩,맘룩,맘스타일,눈내리는날,육아맘소통,맘소통,오오티디,dailygram,자부타임,foodstagram,foodie,데일리룩,소확행,아가리어터,다이어트언제하냐그램,마실룩,여성복쇼핑몰,맘스타그램,기온맘,,,,,,,,,,
257,Bongeunsa Station,16주,시추안하우스,코엑스맛집,삼성역맛집,봉은사역맛집,마라소고기전골,거진두달만에먹어보는마라,,,,,,,,,,,,,,,,,,,,,,,,,
258,Bongeunsa Station,16주,소브스위드살몬,,,,,,,,,,,,,,,,,,,,,,,,,,,,,,
259,Bongeunsa Station,16주,,,,,,,,,,,,,,,,,,,,,,,,,,,,,,,
260,Bongeunsa Station,Error,error,,,,,,,,,,,,,,,,,,,,,,,,,,,,,,
261,Bongeunsa Station,Error,error,,,,,,,,,,,,,,,,,,,,,,,,,,,,,,
262,Bongeunsa Station,Error,error,,,,,,,,,,,,,,,,,,,,,,,,,,,,,,
263,Bongeunsa Station,Error,error,,,,,,,,,,,,,,,,,,,,,,,,,,,,,,
264,Bongeunsa Station,Error,error,,,,,,,,,,,,,,,,,,,,,,,,,,,,,,
265,Bongeunsa Station,Error,error,,,,,,,,,,,,,,,,,,,,,,,,,,,,,,
266,Bongeunsa Station,Error,error,,,,,,,,,,,,,,,,,,,,,,,,,,,,,,
267,Bongeunsa Station,Error,error,,,,,,,,,,,,,,,,,,,,,,,,,,,,,,
268,Bongeunsa Station,Error,error,,,,,,,,,,,,,,,,,,,,,,,,,,,,,,
269,Bongeunsa Station,Error,error,,,,,,,,,,,,,,,,,,,,,,,,,,,,,,
270,Bongeunsa Station,Error,error,,,,,,,,,,,,,,,,,,,,,,,,,,,,,,
271,Bongeunsa Station,Error,error,,,,,,,,,,,,,,,,,,,,,,,,,,,,,,
272,Bongeunsa Station,Error,error,,,,,,,,,,,,,,,,,,,,,,,,,,,,,,
273,Bongeunsa Station,Error,error,,,,,,,,,,,,,,,,,,,,,,,,,,,,,,
274,Bongeunsa Station,Error,error,,,,,,,,,,,,,,,,,,,,,,,,,,,,,,
275,Bongeunsa Station,Error,error,,,,,,,,,,,,,,,,,,,,,,,,,,,,,,
276,Bongeunsa Station,Error,error,,,,,,,,,,,,,,,,,,,,,,,,,,,,,,
277,Bongeunsa Station,Error,error,,,,,,,,,,,,,,,,,,,,,,,,,,,,,,
278,Bongeunsa Station,Error,error,,,,,,,,,,,,,,,,,,,,,,,,,,,,,,
279,Bongeunsa Station,Error,error,,,,,,,,,,,,,,,,,,,,,,,,,,,,,,
280,Bongeunsa Station,Error,error,,,,,,,,,,,,,,,,,,,,,,,,,,,,,,
281,Bongeunsa Station,Error,error,,,,,,,,,,,,,,,,,,,,,,,,,,,,,,
282,Bongeunsa Station,Error,error,,,,,,,,,,,,,,,,,,,,,,,,,,,,,,
283,Bongeunsa Station,Error,error,,,,,,,,,,,,,,,,,,,,,,,,,,,,,,
284,Bongeunsa Station,Error,error,,,,,,,,,,,,,,,,,,,,,,,,,,,,,,
285,Bongeunsa Station,Error,error,,,,,,,,,,,,,,,,,,,,,,,,,,,,,,
286,Bongeunsa Station,Error,error,,,,,,,,,,,,,,,,,,,,,,,,,,,,,,
287,Bongeunsa Station,Error,error,,,,,,,,,,,,,,,,,,,,,,,,,,,,,,
288,Bongeunsa Station,Error,error,,,,,,,,,,,,,,,,,,,,,,,,,,,,,,
289,Bongeunsa Station,Error,error,,,,,,,,,,,,,,,,,,,,,,,,,,,,,,
290,Bongeunsa Station,Error,error,,,,,,,,,,,,,,,,,,,,,,,,,,,,,,
291,Bongeunsa Station,Error,error,,,,,,,,,,,,,,,,,,,,,,,,,,,,,,
292,Bongeunsa Station,Error,error,,,,,,,,,,,,,,,,,,,,,,,,,,,,,,
293,Bongeunsa Station,Error,error,,,,,,,,,,,,,,,,,,,,,,,,,,,,,,
294,Bongeunsa Station,Error,error,,,,,,,,,,,,,,,,,,,,,,,,,,,,,,
295,Bongeunsa Station,Error,error,,,,,,,,,,,,,,,,,,,,,,,,,,,,,,
296,Bongeunsa Station,Error,error,,,,,,,,,,,,,,,,,,,,,,,,,,,,,,
297,Bongeunsa Station,Error,error,,,,,,,,,,,,,,,,,,,,,,,,,,,,,,
298,Bongeunsa Station,Error,error,,,,,,,,,,,,,,,,,,,,,,,,,,,,,,
299,Bongeunsa Station,Error,error,,,,,,,,,,,,,,,,,,,,,,,,,,,,,,
300,Bongeunsa Station,Error,error,,,,,,,,,,,,,,,,,,,,,,,,,,,,,,
301,Bongeunsa Station,Error,error,,,,,,,,,,,,,,,,,,,,,,,,,,,,,,
302,Bongeunsa Station,Error,error,,,,,,,,,,,,,,,,,,,,,,,,,,,,,,
303,Bongeunsa Station,Error,error,,,,,,,,,,,,,,,,,,,,,,,,,,,,,,
304,Bongeunsa Station,Error,error,,,,,,,,,,,,,,,,,,,,,,,,,,,,,,
305,Bongeunsa Station,Error,error,,,,,,,,,,,,,,,,,,,,,,,,,,,,,,
306,Bongeunsa Station,Error,error,,,,,,,,,,,,,,,,,,,,,,,,,,,,,,
307,Bongeunsa Station,Error,error,,,,,,,,,,,,,,,,,,,,,,,,,,,,,,
308,Bongeunsa Station,Error,error,,,,,,,,,,,,,,,,,,,,,,,,,,,,,,
309,Bongeunsa Station,Error,error,,,,,,,,,,,,,,,,,,,,,,,,,,,,,,
310,Bongeunsa Station,Error,error,,,,,,,,,,,,,,,,,,,,,,,,,,,,,,
311,Bongeunsa Station,Error,error,,,,,,,,,,,,,,,,,,,,,,,,,,,,,,
312,Bongeunsa Station,Error,error,,,,,,,,,,,,,,,,,,,,,,,,,,,,,,
313,Bongeunsa Station,Error,error,,,,,,,,,,,,,,,,,,,,,,,,,,,,,,
314,Bongeunsa Station,Error,error,,,,,,,,,,,,,,,,,,,,,,,,,,,,,,
315,Bongeunsa Station,Error,error,,,,,,,,,,,,,,,,,,,,,,,,,,,,,,
316,Bongeunsa Station,Error,error,,,,,,,,,,,,,,,,,,,,,,,,,,,,,,
317,Bongeunsa Station,Error,error,,,,,,,,,,,,,,,,,,,,,,,,,,,,,,
318,Bongeunsa Station,Error,error,,,,,,,,,,,,,,,,,,,,,,,,,,,,,,
319,Bongeunsa Station,Error,error,,,,,,,,,,,,,,,,,,,,,,,,,,,,,,
320,Bongeunsa Station,Error,error,,,,,,,,,,,,,,,,,,,,,,,,,,,,,,
321,Bongeunsa Station,Error,error,,,,,,,,,,,,,,,,,,,,,,,,,,,,,,
322,Bongeunsa Station,Error,error,,,,,,,,,,,,,,,,,,,,,,,,,,,,,,
323,Bongeunsa Station,Error,error,,,,,,,,,,,,,,,,,,,,,,,,,,,,,,
324,Bongeunsa Station,Error,error,,,,,,,,,,,,,,,,,,,,,,,,,,,,,,
325,Bongeunsa Station,Error,error,,,,,,,,,,,,,,,,,,,,,,,,,,,,,,
326,Bongeunsa Station,Error,error,,,,,,,,,,,,,,,,,,,,,,,,,,,,,,
327,Bongeunsa Station,Error,error,,,,,,,,,,,,,,,,,,,,,,,,,,,,,,
328,Bongeunsa Station,Error,error,,,,,,,,,,,,,,,,,,,,,,,,,,,,,,
329,Bongeunsa Station,Error,error,,,,,,,,,,,,,,,,,,,,,,,,,,,,,,
330,Bongeunsa Station,Error,error,,,,,,,,,,,,,,,,,,,,,,,,,,,,,,
331,Bongeunsa Station,Error,error,,,,,,,,,,,,,,,,,,,,,,,,,,,,,,
332,Bongeunsa Station,Error,error,,,,,,,,,,,,,,,,,,,,,,,,,,,,,,
333,Bongeunsa Station,Error,error,,,,,,,,,,,,,,,,,,,,,,,,,,,,,,
334,Bongeunsa Station,Error,error,,,,,,,,,,,,,,,,,,,,,,,,,,,,,,
335,Bongeunsa Station,Error,error,,,,,,,,,,,,,,,,,,,,,,,,,,,,,,
336,Bongeunsa Station,Error,error,,,,,,,,,,,,,,,,,,,,,,,,,,,,,,
337,Bongeunsa Station,Error,error,,,,,,,,,,,,,,,,,,,,,,,,,,,,,,
338,Bongeunsa Station,Error,error,,,,,,,,,,,,,,,,,,,,,,,,,,,,,,
339,Bongeunsa Station,Error,error,,,,,,,,,,,,,,,,,,,,,,,,,,,,,,
340,Bongeunsa Station,Error,error,,,,,,,,,,,,,,,,,,,,,,,,,,,,,,
341,Bongeunsa Station,Error,error,,,,,,,,,,,,,,,,,,,,,,,,,,,,,,
342,Bongeunsa Station,Error,error,,,,,,,,,,,,,,,,,,,,,,,,,,,,,,
343,Bongeunsa Station,Error,error,,,,,,,,,,,,,,,,,,,,,,,,,,,,,,
344,Bongeunsa Station,Error,error,,,,,,,,,,,,,,,,,,,,,,,,,,,,,,
345,Bongeunsa Station,Error,error,,,,,,,,,,,,,,,,,,,,,,,,,,,,,,
346,Bongeunsa Station,Error,error,,,,,,,,,,,,,,,,,,,,,,,,,,,,,,
347,Bongeunsa Station,Error,error,,,,,,,,,,,,,,,,,,,,,,,,,,,,,,
348,Bongeunsa Station,Error,error,,,,,,,,,,,,,,,,,,,,,,,,,,,,,,
349,Bongeunsa Station,Error,error,,,,,,,,,,,,,,,,,,,,,,,,,,,,,,
350,Bongeunsa Station,Error,error,,,,,,,,,,,,,,,,,,,,,,,,,,,,,,
351,Bongeunsa Station,Error,error,,,,,,,,,,,,,,,,,,,,,,,,,,,,,,
352,Bongeunsa Station,Error,error,,,,,,,,,,,,,,,,,,,,,,,,,,,,,,
353,Bongeunsa Station,Error,error,,,,,,,,,,,,,,,,,,,,,,,,,,,,,,
354,Bongeunsa Station,Error,error,,,,,,,,,,,,,,,,,,,,,,,,,,,,,,
355,Bongeunsa Station,Error,error,,,,,,,,,,,,,,,,,,,,,,,,,,,,,,
356,Bongeunsa Station,Error,error,,,,,,,,,,,,,,,,,,,,,,,,,,,,,,
357,Bongeunsa Station,Error,error,,,,,,,,,,,,,,,,,,,,,,,,,,,,,,
358,Bongeunsa Station,Error,error,,,,,,,,,,,,,,,,,,,,,,,,,,,,,,
359,Bongeunsa Station,Error,error,,,,,,,,,,,,,,,,,,,,,,,,,,,,,,
360,Bongeunsa Station,23주,,,,,,,,,,,,,,,,,,,,,,,,,,,,,,,
361,Bongeunsa Station,23주,매드포갈릭,madforgarlic,바나나크레이프파우치,봉안사역,코엑스,봉은사역맛집,코엑스맛집,삼성역,삼성역맛집,,,,,,,,,,,,,,,,,,,,,,
362,Bongeunsa Station,23주,삼성동,삼성동맛집,봉은사역맛집,삼성동브런치,삼성동주차카페,아메리칸테이블,아메리칸테이블,,,,,,,,,,,,,,,,,,,,,,,,
363,Bongeunsa Station,23주,명인등심,,,,,,,,,,,,,,,,,,,,,,,,,,,,,,
364,Bongeunsa Station,23주,페스티바,festiva,좋아요,봉은사역맛집,봉은사맛집,뷰맛집,야경맛집,스테이크맛집,21,층,디너코스,조하,재즈,공연,조하,해피뉴이어,,,,,,,,,,,,,,,
365,Bongeunsa Station,23주,봉은사,선릉역맛집,봉은사역맛집,,,,,,,,,,,,,,,,,,,,,,,,,,,,
366,Bongeunsa Station,23주,봉은사역맛집,sovs,소브드위드살몬,연어아보카도마끼,연어,와인,연어튀김로제파스타,,,,,,,,,,,,,,,,,,,,,,,,
367,Bongeunsa Station,23주,천문,치폴라로쏘,치폴라로쏘삼성점,삼성동맛집,봉은사역맛집,가족스타그램,맛스타그램,먹스타그램,,,,,,,,,,,,,,,,,,,,,,,
368,Bongeunsa Station,23주,애쉬브라운,애쉬블루,하이라이트염색,브릿지염색,koreanhairstyle,gangnam,레이어드컷,레이어드s컬펌,애쉬브라운,삼성동미용실,삼성동,삼성동맛집,코엑스맛집,코엑스,잠실맛집,잠실미용실,염색,청담동,청담동맛집,봉은사역맛집,봉은사,,,,,,,,,,
369,Bongeunsa Station,23주,봉은사역,아메리칸테이블,소고기함박스테이크,,,,,,,,,,,,,,,,,,,,,,,,,,,,
370,Bongeunsa Station,23주,GJ,술,GJwasHERE,백세주마을,,,,,,,,,,,,,,,,,,,,,,,,,,,
371,Bongeunsa Station,23주,첫줄,잊을수없는,향기,벌써,네번째크리스마스,내년도함께해여,주말데이트,럽스타그램,데이트,봉은사역맛집,삼성동맛집,호텔나인,좋아요반사,선팔하면맞팔,,,,,,,,,,,,,,,,,
372,Bongeunsa Station,23주,먹스타그램,코엑스,잇더서울,잇더서울2019,코엑스윈터페스티벌,맛집스타그램,,,,,,,,,,,,,,,,,,,,,,,,,
373,Bongeunsa Station,23주,해커스편입설명회,COEX,역대급,영혼가출,유체이탈,순대국,daily,dinner,samseong,food,instafood,sundaesoup,sundaeguk,sundae,squidsundae,stuffedsquid,soju,일상,저녁식사,삼성동,봉은사역,삼성동맛집,봉은사역맛집,순댓국,순대,오징어순대,소주,진로이즈백,빛맑암,빛맑암신혼일기,
374,Bongeunsa Station,23주,코엑스인터컨티넨탈호텔,후식,디저트,봉은사역맛집,봉은사,좋아요반사,먹스타그램,스테이크,파스타,일상,뷔페맛집,뷔페,런치,호텔,스카이라운지,skyloungebar,daily,foodstagram,food,코엑스,코엑스인터컨티넨탈호텔스카이라운지,강생이는먹쟁이,,,,,,,,,
375,Bongeunsa Station,23주,코엑스인터컨티넨탈호텔,봉은사역맛집,봉은사,좋아요반사,먹스타그램,스테이크,파스타,일상,뷔페맛집,뷔페,런치,호텔,스카이라운지,skyloungebar,daily,foodstagram,food,코엑스,코엑스인터컨티넨탈호텔스카이라운지,강생이는먹쟁이,,,,,,,,,,,
376,Bongeunsa Station,23주,코엑스인터컨티넨탈호텔,봉은사역맛집,봉은사,좋아요반사,먹스타그램,스테이크,파스타,일상,뷔페맛집,뷔페,런치,호텔,스카이라운지,skyloungebar,daily,foodstagram,food,코엑스,코엑스인터컨티넨탈호텔스카이라운지,강생이는먹쟁이,,,,,,,,,,,
377,Bongeunsa Station,23주,이타마에바루,연어광어초밥세트,14500원,삼성1동맛지도,삼성동맛집,봉은사역맛집,초밥,직장인점심,먹스타그램,맛스타그램,이자카야,국순당뒷골목,,,,,,,,,,,,,,,,,,,
378,Bongeunsa Station,23주,,,,,,,,,,,,,,,,,,,,,,,,,,,,,,,
379,Bongeunsa Station,23주,연어존맛,연어맛집,소브스,소브스위드살몬,삼성동맛집,삼성역맛집,봉은사역맛집,삼성동데이트,삼성역데이트,강남맛집,강남역맛집,,,,,,,,,,,,,,,,,,,,
380,Bongeunsa Station,24주,오대리국수,봉은사역,봉은사,봉은사역맛집,봉은사맛집,맛집,술안주,맛집,해물파전,파전,,,,,,,,,,,,,,,,,,,,,
381,Bongeunsa Station,24주,봉은사역맛집,코엑스맛집,,,,,,,,,,,,,,,,,,,,,,,,,,,,,
382,Bongeunsa Station,24주,연어맛집,소브스,소브스위드살몬,삼성동맛집,삼성역맛집,봉은사역맛집,삼성동데이트,삼성역데이트,강남맛집,강남역맛집,,,,,,,,,,,,,,,,,,,,,
383,Bongeunsa Station,24주,봉은사역맛집,매드포갈릭,홍합스튜,라구파스타,갈릭스노잉피자,스테이크,존맛탱,JMT,주말,점심,fooddiary,,,,,,,,,,,,,,,,,,,,
384,Bongeunsa Station,24주,연어맛집,소브스,소브스위드살몬,삼성동맛집,삼성역맛집,봉은사역맛집,강남맛집,강남역맛집,연어,연어맛집추천,연어아보카도마끼,연어데리야끼덮밥,연어아보카도샐러드,소브스스페셜롤,연어스테이크,연어초밥,연어샐러드,연어덮밥,연어요리,연어먹방,,,,,,,,,,,
385,Bongeunsa Station,24주,,,,,,,,,,,,,,,,,,,,,,,,,,,,,,,
386,Bongeunsa Station,Error,error,,,,,,,,,,,,,,,,,,,,,,,,,,,,,,
387,Bongeunsa Station,Error,error,,,,,,,,,,,,,,,,,,,,,,,,,,,,,,
388,Bongeunsa Station,24주,bni,송년회,마루챕터,돈주는남자,봉은사역맛집,yearendparty,큐볼더곰,qballthegom,,,,,,,,,,,,,,,,,,,,,,,
389,Bongeunsa Station,24주,코엑스,디퀸즈,삼성역맛집,봉은사역맛집,샐러드,파스타,스테이크,만남,,,,,,,,,,,,,,,,,,,,,,,
390,Bongeunsa Station,24주,대창덮밥,곱창쌀국수,스테이크,닭강정,카레새우덮밥,인절미꿔바로우,파르페,,,,,,,,,,,,,,,,,,,,,,,,
391,Bongeunsa Station,24주,삼성역먹스타,삼성역먹방,삼성역,삼성역맛집,삼성동부대찌개맛집,삼성동먹스타,삼성동맛집,강남구모범음식점,봉은사역먹스타,봉은사맛집,봉은사역맛집,봉은사역먹방,,,,,,,,,,,,,,,,,,,
392,Bongeunsa Station,24주,삼성역맛집,봉은사역맛집,강남맛집,차돌삼합,진대감,진대감차돌삼합,존맛탱,,,,,,,,,,,,,,,,,,,,,,,,
393,Bongeunsa Station,24주,,,,,,,,,,,,,,,,,,,,,,,,,,,,,,,
394,Bongeunsa Station,24주,점심회식,낮술,막걸리2잔헤롱헤롱,돼지고기샤브샤브,봉은사역맛집,삼성역맛집골목,,,,,,,,,,,,,,,,,,,,,,,,,
395,Bongeunsa Station,24주,연어맛집,소브스,소브스위드살몬,삼성동맛집,삼성역맛집,봉은사역맛집,삼성동데이트,삼성역데이트,강남맛집,강남역맛집,,,,,,,,,,,,,,,,,,,,,
396,Bongeunsa Station,24주,연어맛집,소브스,소브스위드살몬,삼성동맛집,삼성역맛집,봉은사역맛집,삼성동데이트,삼성역데이트,강남맛집,강남역맛집,데이트,연어,코엑스맛집,삼성동맛집,크리스마스,송년회,송년회장소,연말,연말파티,,,,,,,,,,,,
397,Bongeunsa Station,24주,연어맛집,소브스,소브스위드살몬,삼성동맛집,삼성역맛집,봉은사역맛집,삼성동데이트,삼성역데이트,강남맛집,강남역맛집,데이트,연어,코엑스맛집,삼성동맛집,크리스마스,송년회,송년회장소,연말,연말파티,,,,,,,,,,,,
398,Bongeunsa Station,24주,,,,,,,,,,,,,,,,,,,,,,,,,,,,,,,
399,Bongeunsa Station,25주,,,,,,,,,,,,,,,,,,,,,,,,,,,,,,,
400,Bongeunsa Station,25주,달링스테이크봉은사역점,화요25,연말회식장소,삼성동맛집,봉은사역맛집,삼성동회식장소,봉은사역회식장소,스테이크맛집,,,,,,,,,,,,,,,,,,,,,,,
401,Bongeunsa Station,25주,포스코사거리,삼성역,봉은사역,코엑스맛집,삼성역맛집,현대백화점,선릉역맛집,대치동맛집,봉은사역맛집,코엑스데이트,키친바락,키친bar,바락,barrak,제철요리,전통주,다이닝,일상,혼술,혼밥,JMT,,,,,,,,,,
402,Bongeunsa Station,25주,이남장,설렁탕,수육,삼성동맛집,소주한잔,추억의맛,반주,봉은사역맛집,삼성역맛집,,,,,,,,,,,,,,,,,,,,,,
403,Bongeunsa Station,25주,,,,,,,,,,,,,,,,,,,,,,,,,,,,,,,
404,Bongeunsa Station,25주,평일,일상,신혼부부,데이트,서울,삼성동,연어전문점,봉은사역맛집,코엑스맛집,삼성동맛집,소브스위드살몬,,,,,,,,,,,,,,,,,,,,
405,Bongeunsa Station,25주,LadiesNight,송년회,맛집,맛스타그램,먹방,먹스타그램,외식스타그램,삼성동맛집,직딩그램,디너그램,술스타그램,안주스타그램,봉은사역맛집,백세주마을,연말모임,송년회장소추천,투나잇,,,,,,,,,,,,,,
406,Bongeunsa Station,25주,명인등심,,,,,,,,,,,,,,,,,,,,,,,,,,,,,,
407,Bongeunsa Station,25주,,,,,,,,,,,,,,,,,,,,,,,,,,,,,,,
408,Bongeunsa Station,25주,Kliz,LifeStyle,점심식사,봉은사역,스세권,starbucks,thankyou,지구사랑,휴대용컵,실리콘컵,starbuckshongkong,카페마마스코엑스점,caffemamas,트러플두부스프,vegetablesoup,봉은사역맛집,코엑스맛집,점심,lunch,맛점,맛스타그램,먹스타그램,,,,,,,,,
409,Bongeunsa Station,25주,노브랜드버거,NBB,,,,,,,,,,,,,,,,,,,,,,,,,,,,,
410,Bongeunsa Station,25주,어른이의하루,코엑스,코엑스아쿠아리움,동심의세계로,신기한물고기들,다이어트중인나에게,피부미용에도좋고,다이어트에도좋은,연어,연어파티,코엑스맛집,삼성동맛집,봉은사역맛집,소브스위드살몬,sovswithsalmon,입에넣자마자사르르,,,,,,,,,,,,,,,
411,Bongeunsa Station,25주,삼성역먹스타,삼성동먹방,삼성동부대찌개맛집,삼섬역맛집,코엑스맛집,코엑스부대찌개맛집,코엑스두루치기,코엑스치즈계란말이,봉은사역맛집,봉은사역먹스타,봉은사역부대찌개맛집,,,,,,,,,,,,,,,,,,,,
412,Bongeunsa Station,25주,봉은사역맛집,구구당,btspopupstore,갯벌의진주,신길아미송연회,,,,,,,,,,,,,,,,,,,,,,,,,,
413,Bongeunsa Station,25주,포르게타,코엑스,주말,코엑스,머쉬룸리조또,트러플,이탈리아요리,,,,,,,,,,,,,,,,,,,,,,,,
414,Bongeunsa Station,25주,삼성역술집,삼성역맛집,코엑스맛집,봉은사역맛집,쿠시152,kushi152,야끼토리,야끼토리맛집,이치방생맥주,,,,,,,,,,,,,,,,,,,,,,
415,Bongeunsa Station,25주,,,,,,,,,,,,,,,,,,,,,,,,,,,,,,,
416,Bongeunsa Station,25주,호시카츠,돈까스,봉은사역맛집,하이볼,로스카츠,히레카츠,멘치카츠,,,,,,,,,,,,,,,,,,,,,,,,
417,Bongeunsa Station,25주,고객님선물,간식스타그램,서울맛집,맛점,간식선물,피부관리실,다이어트,삼성동라스텔라,삼성동피부관리,삼성동카페,봉은사역맛집,코엑스카페,,,,,,,,,,,,,,,,,,,
418,Bongeunsa Station,25주,고객님선물,간식스타그램,서울맛집,맛점,간식선물,피부관리실,다이어트,삼성동라스텔라,삼성동피부관리,삼성동카페,봉은사역맛집,코엑스카페,,,,,,,,,,,,,,,,,,,
419,Bongeunsa Station,25주,오야코동,삼성동,봉은사역맛집,류책상,,,,,,,,,,,,,,,,,,,,,,,,,,,
420,Bongeunsa Station,25주,코엑스맛집,봉은사역맛집,삼성역맛집,샤이바나,미국가정식,치즈는사랑,칠리프라이즈,치즈러버스파게티,,,,,,,,,,,,,,,,,,,,,,,
421,Bongeunsa Station,25주,포스코사거리,삼성역,봉은사역,코엑스맛집,삼성역맛집,현대백화점,선릉역맛집,대치동맛집,봉은사역맛집,코엑스데이트,키친바락,키친bar,바락,barrak,제철요리,전통주,다이닝,일상,혼술,혼밥,JMT,,,,,,,,,,
422,Bongeunsa Station,25주,연어맛집,소브스,소브스위드살몬,삼성동맛집,삼성역맛집,봉은사역맛집,삼성동데이트,삼성역데이트,강남맛집,강남역맛집,,,,,,,,,,,,,,,,,,,,,
423,Bongeunsa Station,25주,연어맛집,소브스,소브스위드살몬,삼성동맛집,삼성역맛집,봉은사역맛집,삼성동데이트,삼성역데이트,강남맛집,강남역맛집,,,,,,,,,,,,,,,,,,,,,
424,Bongeunsa Station,25주,신의주부대찌개,신의주부대찌개삼성점,부대찌개맛집,삼성역먹스타,삼성동먹방,봉은사역먹스타,봉은사역맛집,봉은사역부대찌개맛집,코엑스,코엑스맛집,코엑스부대찌개맛집,코엑스소곱창부대찌개,,,,,,,,,,,,,,,,,,,
425,Bongeunsa Station,26주,피에프창코엑스점,아메리칸중식당,봉은사역맛집,,,,,,,,,,,,,,,,,,,,,,,,,,,,
426,Bongeunsa Station,26주,,,,,,,,,,,,,,,,,,,,,,,,,,,,,,,
427,Bongeunsa Station,26주,황태명가,제로웹,리얼스텝,황태요리,삼성동,사울맛집,강남맛집,삼성동맛집,진부령황태명가,강남황태요리,강남황태맛집,코엑스맛집,봉은사역맛집,봉은사역,코엑스,코엑스사거리,,,,,,,,,,,,,,,
428,Bongeunsa Station,26주,삼성동맛집,봉은사역맛집,성북동,,,,,,,,,,,,,,,,,,,,,,,,,,,,
429,Bongeunsa Station,26주,현정이의깐깐맛집,,,,,,,,,,,,,,,,,,,,,,,,,,,,,,
430,Bongeunsa Station,26주,삼성역먹스타,삼성역먹방,삼성역맛집,삼성동부대찌개맛집,삼성동맛집,삼성동먹방,봉은사역맛집,봉은사역부대찌개맛집,봉은사역먹스타,코엑스맛집,코엑스부대찌개맛집,코엑스,부대찌개맛집,두루치기맛집,치즈계란말이,부대전골,소곱창부대찌개,,,,,,,,,,,,,,
431,Bongeunsa Station,26주,,,,,,,,,,,,,,,,,,,,,,,,,,,,,,,
432,Bongeunsa Station,26주,삼성리,samsungri,winebar,livejazzbar,먹토비,토비,tobi,,,,,,,,,,,,,,,,,,,,,,,,
433,Bongeunsa Station,26주,삼성동맛집,봉은사역맛집,소브스위드살몬,,,,,,,,,,,,,,,,,,,,,,,,,,,,
434,Bongeunsa Station,26주,코엑스맛집,삼성역맛집,봉은사역맛집,더플레이스,더플레이스다이닝,친구랑데이트,힐링수다,수다삼매경,즐거운시간,먹스타그램,,,,,,,,,,,,,,,,,,,,,
435,Bongeunsa Station,26주,아웃백,아웃백스테이크하우스,베이비백립,기브미파이브,투움바파스타,투움바,파스타,먹스타그램,맛스타그램,코엑스,코엑스맛집,삼성역,삼성역맛집,봉은사역,봉은사역맛집,오크우드호텔,outback,outbacksteakhouse,babybackribs,ribs,givemefive,toowoomba,pasta,food,foodstagram,coex,oakwoodhotel,,,,
436,Bongeunsa Station,26주,포스코사거리,삼성역,봉은사역,코엑스맛집,삼성역맛집,현대백화점,선릉역맛집,대치동맛집,봉은사역맛집,코엑스데이트,키친바락,키친bar,바락,barrak,제철요리,전통주,다이닝,일상,혼술,혼밥,JMT,,,,,,,,,,
437,Bongeunsa Station,26주,코엑스,코엑스맛집,코엑스스타필드,코엑스스타필드몰,코엑스스타필드맛집,파르니스몰,파르니스몰맛집,코엑스파르나스몰,코엑스파르나스몰맛집,삼성역,삼성역맛집,봉은사역,봉은사역맛집,삼성역떡볶이,봉은사역떡볶이,코엑스떡볶이,환공어묵,환공어묵떡볶이,치즈볶음밥,계란추가,김말이,야끼만두,라면사리,맛스타그램,먹스타그램,먹방,,,,,
438,Bongeunsa Station,26주,이타마에바루,일식당,이자카야,무국적식당,봉은사역맛집,먹요정햄,jmt,yummy,daily,,,,,,,,,,,,,,,,,,,,,,
439,Bongeunsa Station,26주,데이트스타그램,데이트그램,맛스타그램,먹스타그램,데이트추천,막걸리데이트,막걸리추천,육전,연애스타그램,코엑스데이트,교동전선생삼성점,삼성역맛집,삼성동맛집,삼성중앙역맛집,봉은사역맛집,맛집탐방,막걸리맛집,코엑스맛집,삼성동회식장소,주말데이트,평일데이트,좋반좋아요반사,인친환영,소통,인친해요,맞좋,,,,,
440,Bongeunsa Station,26주,삼성역맛집,삼성동맛집,삼성동부대찌개맛집,삼성역부대찌개맛집,봉은사역맛집,봉은사역부대찌개맛집,코엑스맛집,코엑스부대찌개맛집,부대전골,소곱창부대찌개,치즈계란말이,삼성역,,,,,,,,,,,,,,,,,,,
441,Bongeunsa Station,Error,error,,,,,,,,,,,,,,,,,,,,,,,,,,,,,,
442,Bongeunsa Station,Error,error,,,,,,,,,,,,,,,,,,,,,,,,,,,,,,
443,Bongeunsa Station,26주,연어맛집,소브스위드살몬,레스토랑,연어마끼,아보카도연어샐러드,연어스테이크,연어튀김로제파스타,맥주,냠냠,맛,비주얼,카톡플친,연어파스타,소브스,소브스위드살몬,삼성동맛집,삼성역맛집,봉은사역맛집,삼성동데이트,삼성역데이트,강남맛집,강남역맛집,맛집탐방,먹스타그램,연어사랑,맛집인정,,,,,
444,Bongeunsa Station,26주,삼성역맛집,삼성동맛집,삼성동부대찌개맛집,삼성역부대찌개맛집,봉은사역맛집,봉은사역부대찌개맛집,코엑스맛집,코엑스부대찌개맛집,,,,,,,,,,,,,,,,,,,,,,,
445,Bongeunsa Station,26주,삼성역맛집,삼성동부대찌개맛집,삼성역부대찌개맛집,삼성동맛집,봉은사역맛집,봉은사역부대찌개맛집,코엑스맛집,코엑스부대찌개맛집,,,,,,,,,,,,,,,,,,,,,,,
446,Bongeunsa Station,26주,삼성역부대찌개맛집,봉은사역맛집,삼성역맛집,삼성동맛집,삼성동부대찌개맛집,삼성역맛집,코엑스맛집,코엑스부대찌개맛집,강남맛집,강남부대찌개맛집,,,,,,,,,,,,,,,,,,,,,
447,Bongeunsa Station,26주,맛집스타그램,술스타그램,재희키친,봉은사역맛집,,,,,,,,,,,,,,,,,,,,,,,,,,,
448,Bongeunsa Station,26주,연어맛집,소브스,소브스위드살몬,삼성동맛집,삼성역맛집,봉은사역맛집,삼성동데이트,삼성역데이트,강남맛집,강남역맛집,,,,,,,,,,,,,,,,,,,,,
449,Bongeunsa Station,27주,코다리찜,소스맛집,맛스타그램,먹스타그램,냠냠,맛집,진땡이,코엑스밥집,삼성역맛집,봉은사역맛집,삼성역밥집,선팔,맞팔,선팔맞팔,팔로우,맞팔선팔환영,소통,좋아요,follow,followforfollowback,likeforlikes,fff,f4f,,,,,,,,
450,Bongeunsa Station,27주,인삼주,지호한방삼계탕,연립빵공장,삼성역맛집,봉은사역맛집,삼계탕,몸보신,연립빵공장,현백무역,현대백화점무역센터점빵집,현백무역맛집,일상,daily,foodie,instafood,JMT,,,,,,,,,,,,,,,
451,Bongeunsa Station,27주,소브스위드살몬,먹스타그램,봉은사역맛집,삼성역맛집,,,,,,,,,,,,,,,,,,,,,,,,,,,
452,Bongeunsa Station,27주,밥집,쥬쿠세부타동,삼성동,이타마에바루,,,,,,,,,,,,,,,,,,,,,,,,,,,
453,Bongeunsa Station,27주,맛집,먹스타,먹스타그램,맛스타그램,맛있다,배고파,저녁,야식,좋반,한국음식,koreanfood,koreandish,koreanfoods,koreanfoodlover,koreafood,koreanrestaurant,kfood,koreancuisine,kimchi,seoul,korea,삼성동맛집,봉은사역맛집,부대찌개,이태리부대찌개,직장인,점심,,,,
454,Bongeunsa Station,27주,포스코사거리,삼성역,봉은사역,코엑스맛집,삼성역맛집,현대백화점,선릉역맛집,대치동맛집,봉은사역맛집,코엑스데이트,키친바락,키친bar,바락,barrak,제철요리,전통주,다이닝,일상,혼술,혼밥,JMT,,,,,,,,,,
455,Bongeunsa Station,27주,,,,,,,,,,,,,,,,,,,,,,,,,,,,,,,
456,Bongeunsa Station,27주,오늘모먹지,연어덮밥,봉은사역맛집,이타마에바루,,,,,,,,,,,,,,,,,,,,,,,,,,,
457,Bongeunsa Station,27주,,,,,,,,,,,,,,,,,,,,,,,,,,,,,,,
458,Bongeunsa Station,27주,꽃지,간장게장,봉은사역맛집,맛집스타그램,,,,,,,,,,,,,,,,,,,,,,,,,,,
459,Bongeunsa Station,27주,강남돈주는남자,돈주남,삼성동맛집,봉은사역맛집,제주근고기,제주흑돼지,목살맛집,,,,,,,,,,,,,,,,,,,,,,,,
460,Bongeunsa Station,27주,삼성리,,,,,,,,,,,,,,,,,,,,,,,,,,,,,,
461,Bongeunsa Station,27주,삼성역맛집,봉은사역맛집,회식장소추천,벽돌집,삼겹살맛집,외국인맛집추천,,,,,,,,,,,,,,,,,,,,,,,,,
462,Bongeunsa Station,27주,삼성역맛집,봉은사역맛집,부타이,부타이삼성,,,,,,,,,,,,,,,,,,,,,,,,,,,
463,Bongeunsa Station,27주,어제,늦은점심,피에프창,미국식중화요리,,,,,,,,,,,,,,,,,,,,,,,,,,,
464,Bongeunsa Station,27주,,,,,,,,,,,,,,,,,,,,,,,,,,,,,,,
465,Bongeunsa Station,27주,피에프창,피에프창코엑스점,pfchangs,코엑스,코엑스맛집,삼성역,삼성역맛집,봉은사역,봉은사역맛집,엄빠랑,꿀꿀,,,,,,,,,,,,,,,,,,,,
466,Bongeunsa Station,27주,포스코사거리,삼성역,봉은사역,코엑스맛집,삼성역맛집,현대백화점,선릉역맛집,대치동맛집,봉은사역맛집,코엑스데이트,키친바락,키친bar,바락,barrak,제철요리,전통주,다이닝,일상,혼술,혼밥,JMT,,,,,,,,,,
467,Bongeunsa Station,28주,공차,공차신메뉴,흑임자폼밀크티,흑임자,공차메뉴추천,공차코엑스,코엑스맛집,삼성역맛집,코엑스카페,봉은사역맛집,봉은사역카페,버블티,버블티맛집,삼성역카페,코엑스디저트,마이푸드앤트립,,,,,,,,,,,,,,,
468,Bongeunsa Station,28주,폴리스피자,코엑스맛집,삼성역맛집,봉은사역맛집,서울맛집,피자맛집,마이푸드앤트립,,,,,,,,,,,,,,,,,,,,,,,,
469,Bongeunsa Station,Error,error,,,,,,,,,,,,,,,,,,,,,,,,,,,,,,
470,Bongeunsa Station,28주,셀스타그램,얼스타그램,먹스타그램,맛집,곱창,셀카,셀피,겨울,댓글,맞팔,선팔,선팔하면맞팔,좋아요,팔로우,팔로워,팔로잉,인친,좋아요반사,instagood,소통,봉은사,대치동,삼성동,곱창과순대국집,봉은사역맛집,,,,,,
471,Bongeunsa Station,28주,삼성역맛집,봉은사맛집,봉은사역맛집,코엑스맛집,차,tea,찻집,보이차,석가명차,석가명차오운산,,,,,,,,,,,,,,,,,,,,,
472,Bongeunsa Station,28주,돈주남,돈주는남자,강남고기집,제주도흑돼지,근고기전문점,삼성동,봉은사역맛집,강남,,,,,,,,,,,,,,,,,,,,,,,
473,Bongeunsa Station,28주,먹삐,보리밀삼겹살,먹스타그램,삼성동맛집,봉은사역맛집,솥뚜껑삼겹살,먹계정,먹계정맞팔,삼겹살,삼겹살맛집,서울맛집,강남맛집,굿저,food,먹삐,,,,,,,,,,,,,,,,
474,Bongeunsa Station,28주,미국남부가정식,파스타,잠발라야,샤이바나,코엑스맛집,삼성역맛집,봉은사역맛집,코엑스,먹스타그램,맛집스타그램,맛스타그램,푸드스타그램,일상스타그램,Seoul,coex,foodstagram,shybana,jambalaya,macandcheese,pasta,,,,,,,,,,,
475,Bongeunsa Station,28주,사무엘아담스맛집,보스턴라거,봉은사역맛집,삼성동술집,베이비기네스삼성점,피쉬앤칩,사무엘아담스,레벨ipa,,,,,,,,,,,,,,,,,,,,,,,
476,Bongeunsa Station,28주,교동전선생,항상,예쁘고싶어,네에게만큼은,교동전선생삼성점,삼성역맛집,삼성동맛집,삼성중앙역맛집,봉은사역맛집,맛집탐방,막걸리맛집,코엑스맛집,삼성동회식장소,선팔하면맞팔가요,먹스타,먹방,먹스타그램,맛집,취중진담,신혼,데이트룩,예쁘고싶다,,,,,,,,,
477,Bongeunsa Station,28주,,,,,,,,,,,,,,,,,,,,,,,,,,,,,,,
478,Bongeunsa Station,28주,seoul,서울,서울맛집,맛집,코엑스맛집,봉은사역맛집,맛스타그램,먹스타그램,해물떡찜,해물떡찜0410,똥튀김,공차,,,,,,,,,,,,,,,,,,,
479,Bongeunsa Station,28주,치콜라로쏘,봉은사역맛집,까르보나라,콰트로피자,치킨샐러드,탁월한선택,분위기도굿,예약추천,,,,,,,,,,,,,,,,,,,,,,,
480,Bongeunsa Station,28주,갈비탕,양대창,곰바위본점,봉은사역맛집,연중무휴,,,,,,,,,,,,,,,,,,,,,,,,,,
481,Bongeunsa Station,28주,코엑스,상까스,치즈돈까스,등심돈까스,,,,,,,,,,,,,,,,,,,,,,,,,,,
482,Bongeunsa Station,28주,허머스키친,메뉴다양,만몇천원대,삼성1동맛지도,할랄음식,코엑스맛집,파르나스몰,점심회식,맛스타그램,먹스타그램,삼성동맛집,봉은사역맛집,삼성역맛집,,,,,,,,,,,,,,,,,,
483,Bongeunsa Station,28주,코엑스푸드위크,3일차,뉴트리그램,솔직단백,nutrigram,단백질바,프로틴바,단백질바추천,단백질빵,단백질과자,저탄수고단백,단백질식단,국가식품클러스터,다이어트식단기록,청년창업,청년식품창업lab,위쿡,스타필드코엑스,식습관개선,봉은사역맛집,와디즈,크라우드펀딩,코엑스,푸드위크,,,,,,,
484,Bongeunsa Station,28주,호텔인나인,hotelin9,삼성역호텔,강남호텔,봉은사역호텔,비즈니스호텔,seoul,gangnam,seoulhotel,businesshotel,festiva,봉은사역맛집,삼성역맛집,skyrestaurant,뷰맛집,페스티바,몰튼브라운,Moltonbrown,겨울철보습,보습,겨울철피부,건조한피부,,,,,,,,,
485,Bongeunsa Station,28주,호텔인나인,hotelin9,삼성역호텔,강남호텔,봉은사역호텔,비즈니스호텔,seoul,gangnam,seoulhotel,businesshotel,festiva,봉은사역맛집,삼성역맛집,skyrestaurant,뷰맛집,페스티바,몰튼브라운,Moltonbrown,겨울철보습,보습,겨울철피부,건조한피부,,,,,,,,,
486,Bongeunsa Station,28주,호텔인나인,hotelin9,삼성역호텔,강남호텔,봉은사역호텔,비즈니스호텔,seoul,gangnam,seoulhotel,businesshotel,festiva,봉은사역맛집,삼성역맛집,skyrestaurant,뷰맛집,페스티바,몰튼브라운,Moltonbrown,겨울철보습,보습,겨울철피부,건조한피부,,,,,,,,,
487,Bongeunsa Station,28주,,,,,,,,,,,,,,,,,,,,,,,,,,,,,,,
488,Bongeunsa Station,28주,코엑스근처맛집,봉은사역맛집,구방마루,생삼겹살맛집,마늘갈매기,우연히찾은맛집,,,,,,,,,,,,,,,,,,,,,,,,,
489,Bongeunsa Station,28주,봉은사역,만리장성,짜장면,쟁반짜장,,,,,,,,,,,,,,,,,,,,,,,,,,,
490,Bongeunsa Station,28주,삼성동,이자카야,맛집,삼성동맛집,봉은사역맛집,삼성동이자카야,사시미,모듬사시미,명란크림파스타,성게알전복구이,레바파테,성게알레바파테,규타다끼,연어아보카도,오차즈케,먹방,먹방스타그램,먹스타그램,맛스타그램,인스타푸드,이타마에바루,instafood,,,,,,,,,
491,Bongeunsa Station,28주,명인등심,한우등심국밥,,,,,,,,,,,,,,,,,,,,,,,,,,,,,
492,Bongeunsa Station,29주,포스코사거리,삼성역,봉은사역,코엑스맛집,삼성역맛집,현대백화점,선릉역맛집,대치동맛집,봉은사역맛집,코엑스데이트,키친바락,키친bar,바락,barrak,제철요리,전통주,다이닝,일상,혼술,혼밥,JMT,,,,,,,,,,
493,Bongeunsa Station,29주,코엑스맛집,봉은사역맛집,샤이바나,셋트메뉴,점심시간,점심메뉴,식전빵,마카로니,왜케맛있어,감동이야,,,,,,,,,,,,,,,,,,,,,
494,Bongeunsa Station,29주,가츠몽,봉은사역,봉은사,삼성역,삼성동맛집,봉은사맛집,봉은사역맛집,로스까츠,돈가스,돈까스,알밥정식,돈까스맛집,돈가스맛집,,,,,,,,,,,,,,,,,,
495,Bongeunsa Station,29주,중앙해장,곱창전골,양지수육,삼성역맛집,봉은사역맛집,삼성맛집,코엑스맛집,곱창전골맛집,수육맛집,,,,,,,,,,,,,,,,,,,,,,
496,Bongeunsa Station,29주,신메뉴,,,,,,,,,,,,,,,,,,,,,,,,,,,,,,
497,Bongeunsa Station,Error,error,,,,,,,,,,,,,,,,,,,,,,,,,,,,,,
498,Bongeunsa Station,29주,재희키친,jaeheekitchen,봉은사역맛집,코엑스맛집,삼성동맛집,생선구이맛집,,,,,,,,,,,,,,,,,,,,,,,,,
499,Bongeunsa Station,29주,무월식탁,파르나스몰맛집,파르나스몰,parnasmall,,,,,,,,,,,,,,,,,,,,,,,,,,,
500,Bongeunsa Station,29주,아빠난잘먹고있어,삼성역맛집,봉은사역맛집,국수,직장인,직장스타그램,점심,먹방,먹방스타그램,먹스타그램,먹스타,맛스타그램,맛스타,맛있다,맛있다그램,푸드스타그램,일상,데일리,인친,소통,좋아요,인스타푸드,선팔,맞팔,월요일,헬요일,,,,,
501,Bongeunsa Station,29주,교토카츠규,스테이크덮밥,규카츠정식,봉은사역맛집,일상,맞팔,먹스타그램,맥주안주,토요일,집밖,큰결심,겨울,영화,퇴근후,미소가사도우미,여행가고싶다,이왕이면,해외여행,,,,,,,,,,,,,
502,Bongeunsa Station,29주,삼성역부대찌개,삼성역맛집,봉은사역맛집,삼성동신의주부대찌개,신의주부대찌개,삼성역부대전골맛집,삼성동부대찌개,신의주부대찌개삼성동점,,,,,,,,,,,,,,,,,,,,,,,
503,Bongeunsa Station,29주,김치찌개,삼성동맛집,삼성동김치찌개,봉은사역맛집,통돼지고기찌개,돼지고기김치찌개,강남맛집,선팔,맞팔,맛집,,,,,,,,,,,,,,,,,,,,,
504,Bongeunsa Station,29주,sovswithsalmon,salmonlover,연어요리맛집,소브스위드살몬,삼성동맛집,봉은사역맛집,,,,,,,,,,,,,,,,,,,,,,,,,
505,Bongeunsa Station,29주,sovswithsalmon,salmonlover,연어요리맛집,소브스위드살몬,삼성동맛집,봉은사역맛집,,,,,,,,,,,,,,,,,,,,,,,,,
506,Bongeunsa Station,29주,,,,,,,,,,,,,,,,,,,,,,,,,,,,,,,
507,Bongeunsa Station,29주,홍대개미,삼성역맛집,삼성코엑스,봉은사역맛집,삼성역스타필드,간장새우덮밥,스테이크덮밥,,,,,,,,,,,,,,,,,,,,,,,,
508,Bongeunsa Station,29주,명인등심,갈빗대곰탕,,,,,,,,,,,,,,,,,,,,,,,,,,,,,
509,Bongeunsa Station,29주,봉화전,삼성역맛집,봉은사역맛집,수요미식회,비가내릴땐,기름냄새가,땡기죠,추적추적,겨울을재촉하는비다,전스타그램,막걸리스타그램,,,,,,,,,,,,,,,,,,,,
510,Bongeunsa Station,30주,데일리,일상,수요일,삼성역맛집,봉은사역맛집,맛집리뷰,맛집,불타는포장마차,포장마차,강남맛집,포차끝판왕,직장인스타그램,신혼부부,럽스타그램,결혼,부부스타그램,부부,데이트,남자친구,koreanfood,homemade,,,,,,,,,,
511,Bongeunsa Station,30주,교토가츠규,교토가츠규겨울메뉴,신메뉴출시,우불면,소불고기우동,겨울우동,우동맛집,삼성역맛집,강남맛집,을지로맛집,롯데월드맛집,스타필드위례맛집,봉은사역맛집,코엑스맛집,수원맛집,여의도맛집,장충동맛집,롯데수지맛집,11월15일에만나요,,,,,,,,,,,,
512,Bongeunsa Station,30주,,,,,,,,,,,,,,,,,,,,,,,,,,,,,,,
513,Bongeunsa Station,30주,코엑스,코엑스아쿠아리움,코엑스몰,코엑스스타필드,아셈타워,코엑스맛집,삼성역맛집,봉은사역맛집,퇴근길,노브랜드버거,노브랜드버거코엑스,그릴드불고기버거,jmt,lwj먹스타그램,,,,,,,,,,,,,,,,,
514,Bongeunsa Station,30주,포스코사거리,삼성역,봉은사역,코엑스맛집,삼성역맛집,현대백화점,선릉역맛집,대치동맛집,봉은사역맛집,코엑스데이트,키친바락,키친bar,바락,barrak,제철요리,전통주,다이닝,일상,혼술,혼밥,JMT,,,,,,,,,,
515,Bongeunsa Station,30주,서울,봉은사역맛집,매드포갈릭,매드포갈릭봉은사로점,오렌지에이드,자몽에이드,카프레제바질샐러드,펌킨스파이시크림피자,갈릭스테이크,,,,,,,,,,,,,,,,,,,,,,
516,Bongeunsa Station,30주,이타마에바루,쥬쿠세부타동,9000원,삼성1동맛지도,부타동,일식맛집,이자카야,직장인점심,삼성동맛집,봉은사역맛집,맛스타그램,먹스타그램,다음엔초밥도전,,,,,,,,,,,,,,,,,,
517,Bongeunsa Station,Error,error,,,,,,,,,,,,,,,,,,,,,,,,,,,,,,
518,Bongeunsa Station,30주,먹스타그램,맛스타그램,foodgram,코엑스몰맛집,코엑스맛집,봉은사역맛집,더플레이스코엑스점,더플레이스,theplace,margheritapizza,pasta,blackrissoto,steak,,,,,,,,,,,,,,,,,,
519,Bongeunsa Station,30주,오징어튀김,양념치킨,데블스도어,튀김,먹스타그램,코엑스맛집,주말저녁,맛스타그램,강남맛집,봉은사역맛집,퇴근후,instafood,foodie,tasty,devilsdoor,friedcalamari,koreanfriedchicken,fried,pub,coex,dinner,,,,,,,,,,
520,Bongeunsa Station,30주,배부르다,맛나다,졸리다,소식하고파,움직여야지,먹스타,삼성동맛집,봉은사역맛집,맛집,뷰깡패,육아스타그램,,,,,,,,,,,,,,,,,,,,
521,Bongeunsa Station,30주,빕스마이픽,빕스마이픽,코엑스맛집,코엑스간김에,삼성역맛집,빕스,봉은사역맛집,코엑스몰,코엑스몰맛집,코엑스맛집추천,,,,,,,,,,,,,,,,,,,,,
522,Bongeunsa Station,30주,봉은사역맛집,삼성역맛집,꽃지,삼성동꽃지,간장게장,푸세울닭,,,,,,,,,,,,,,,,,,,,,,,,,
523,Bongeunsa Station,30주,첫줄,반짝테라피,탄력,리프팅마스크,라스텔라,앵콜,효과,삼성동네일,봉은사역맛집,코엑스사거리,11월예신,스트레스해소법,뷰티스타그램,너도나도힐링,9호선급행,엄마선물,엄마생신선물,,,,,,,,,,,,,,
524,Bongeunsa Station,30주,첫줄,,,,,,,,,,,,,,,,,,,,,,,,,,,,,,
525,Bongeunsa Station,30주,이타마에바루,봉은사역맛집,봉은사역술집,삼성동술집,삼성동회식장소,삼성동이자카야,,,,,,,,,,,,,,,,,,,,,,,,,
526,Bongeunsa Station,30주,코엑스,pfchang,중국요리,볶음면,새우튀김,돼지고기,봉은사역맛집,,,,,,,,,,,,,,,,,,,,,,,,
527,Bongeunsa Station,30주,메뉴개편중,,,,,,,,,,,,,,,,,,,,,,,,,,,,,,
528,Bongeunsa Station,30주,소브스위드살몬,소브스위드살몬삼성동,봉은사역맛집,연어맛집,런치,샐러드무료,주리먹방,핫플레이스,jmt,,,,,,,,,,,,,,,,,,,,,,
529,Bongeunsa Station,30주,이타마에바루,이자카야,삼성동맛집,회식장소,봉은사역맛집,봉은사사거리맛집,맛집,먹스타그램,이자카야맛집,수요미식회,와인,와인스타그램,맛스타그램,정슐랭,정슐랭가이드,삼성동술집,삼성맛집,데일리,일상,미식회,저녁,술스타그램,화요,foodie,foodporn,daily,wine,izakaya,,,
530,Bongeunsa Station,30주,봉은사역맛집,코엑스맛집,치즈찜닭맛집,삼성역맛집,오크우드호텔맛집,코엑스찜닭맛집,코엑스찜닭,찜닭맛집,홍수계찜닭,홍수계,,,,,,,,,,,,,,,,,,,,,
531,Bongeunsa Station,30주,포스코사거리,삼성역,봉은사역,코엑스맛집,삼성역맛집,현대백화점,선릉역맛집,대치동맛집,봉은사역맛집,코엑스데이트,키친바락,키친bar,바락,barrak,제철요리,전통주,다이닝,일상,혼술,혼밥,JMT,,,,,,,,,,
532,Bongeunsa Station,31주,이타마에바루,사케동,9500원,삼성1동맛지도,직장인점심,봉은사역맛집,삼섬동맛집,이시국에,일식,맛있음,연어는죄가없다,신상맛집,맛스타그램,먹스타그램,석식도여기서먹으려다길건너야해서실패,,,,,,,,,,,,,,,,
533,Bongeunsa Station,31주,소브스위드살몬,연어맛집,연어롭다,연어회,강남맛집,삼성역맛집,봉은사맛집,봉은사역맛집,봉은사,강남,강남연어,강남역,,,,,,,,,,,,,,,,,,,
534,Bongeunsa Station,31주,포스코사거리,삼성역,봉은사역,코엑스맛집,삼성역맛집,현대백화점,선릉역맛집,대치동맛집,봉은사역맛집,코엑스데이트,키친바락,키친bar,바락,barrak,제철요리,전통주,다이닝,일상,혼술,혼밥,JMT,,,,,,,,,,
535,Bongeunsa Station,31주,카페마마스,파니니,리코타치즈샐러드,청포도,,,,,,,,,,,,,,,,,,,,,,,,,,,
536,Bongeunsa Station,31주,삼성역,란주쿠,애미야술먹고난죽쿠,히비키에야마돔,,,,,,,,,,,,,,,,,,,,,,,,,,,
537,Bongeunsa Station,31주,포스코사거리,삼성역,봉은사역,코엑스맛집,삼성역맛집,현대백화점,선릉역맛집,대치동맛집,봉은사역맛집,코엑스데이트,키친바락,키친bar,바락,barrak,제철요리,전통주,다이닝,일상,혼술,혼밥,JMT,,,,,,,,,,
538,Bongeunsa Station,31주,,,,,,,,,,,,,,,,,,,,,,,,,,,,,,,
539,Bongeunsa Station,31주,치킨,깐부치킨,chicken,foodstagram,cake,food,starbucks,starbuckskorea,cheesecake,cheeseball,coffee,맥주,삼성역맛집,케이크,beerstagram,beer,치즈볼,아메리카노,치맥,봉은사역맛집,,,,,,,,,,,
540,Bongeunsa Station,31주,Merryfestivalunch,호텔인나인,hotelin9,삼성역호텔,강남호텔,봉은사역호텔,비즈니스호텔,seoul,gangnam,seoulhotel,businesshotel,festiva,봉은사역맛집,삼성역맛집,skyrestaurant,뷰맛집,페스티바,,,,,,,,,,,,,,
541,Bongeunsa Station,31주,Merryfestivalunch,호텔인나인,hotelin9,삼성역호텔,강남호텔,봉은사역호텔,비즈니스호텔,seoul,gangnam,seoulhotel,businesshotel,festiva,봉은사역맛집,삼성역맛집,skyrestaurant,뷰맛집,페스티바,,,,,,,,,,,,,,
542,Bongeunsa Station,31주,Merryfestivalunch,호텔인나인,hotelin9,삼성역호텔,강남호텔,봉은사역호텔,비즈니스호텔,seoul,gangnam,seoulhotel,businesshotel,festiva,봉은사역맛집,삼성역맛집,skyrestaurant,뷰맛집,페스티바,,,,,,,,,,,,,,
543,Bongeunsa Station,31주,피자,준비중,연말에는,피자를,,,,,,,,,,,,,,,,,,,,,,,,,,,
544,Bongeunsa Station,31주,오늘의한입,봉은사역맛집,게장맛집,꽃지,꽃지삼성점,간장게장정식,양념게장,공기밥추가는필수,난간장보다는양념,,,,,,,,,,,,,,,,,,,,,,
545,Bongeunsa Station,31주,프란,도제,도제유부초밥,유부초밥,유부초밥맛집,생연어초밥,명란마요,현대백화점무역센터점,현대백화점,현대백화점식품관,현대백화점맛집,현백,현백맛집,식품관,백화점식품관,초밥,초밥맛집,현백식품관,푸드코트,삼성역맛집,봉은사역맛집,코엑스맛집,존맛,먹방,먹스타그램,instafood,foodstagram,yammy,,,
546,Bongeunsa Station,31주,곰바위,미쉐린가이드,대창,양대창,막창,우설,오이소주,술국,와인,foodstagram,foodporn,먹방,삼성동맛집,봉은사역맛집,koreanbbq,beefintestine,stripe,yummy,jmt,foodpic,cucumbersoju,wine,beeftongue,taylors,shiraz,trivento,,,,,
547,Bongeunsa Station,31주,멍게비빔밥,회무침,미나리무침,간만에,금복당,금복당메뉴,반찬도이대로만,변하지마세요,미역국,봉은사역맛집,삼성동,무역센터,,,,,,,,,,,,,,,,,,,
548,Bongeunsa Station,31주,브루클린더버거조인트,햄버거,직장인,점심,hamburger,코엑스맛집,봉은사역맛집,삼성중앙역맛집,,,,,,,,,,,,,,,,,,,,,,,
549,Bongeunsa Station,31주,맛집,코엑스맛집,봉은사역맛집,코엑스파스타,봉은사역파스타,치폴라로쏘,치폴라로쏘삼성점,,,,,,,,,,,,,,,,,,,,,,,,
550,Bongeunsa Station,32주,하드워커피자,18inch,피자,페퍼로니피자,pizza,삼성역,삼성역맛집,봉은사역,봉은사역맛집,,,,,,,,,,,,,,,,,,,,,,
551,Bongeunsa Station,32주,강남맛집,삼성동맛집,코엑스맛집,봉은사역맛집,코엑스,코엑스몰,코엑스아쿠아리움,빕스마이픽,인플루언서,맛스타그램,먹스타그램,빕스,크림파스타,샐러드,파스타,스프,soup,creampasta,photooftheday,salad,ensalada,influencer,yummy,delicious,potd,korea,seoul,gangnam,coexmall,vips,
552,Bongeunsa Station,32주,봉은사,봉은사역,삼성역,봉은사역맛집,봉은사맛집,인터컨티넨탈코엑스,호텔뷔페,브래서리,브래서리뷔페,파르나스,파르나스호텔,intercontinental,intercontinental,intercontinentalhotel,hotel,buffet,coex,parnas,brasserie,food,방어,회맛집,방어맛집,인피니티카드,수박,별로,,,,,
553,Bongeunsa Station,32주,포스코사거리,삼성역,봉은사역,코엑스맛집,삼성역맛집,현대백화점,선릉역맛집,대치동맛집,봉은사역맛집,코엑스데이트,키친바락,키친bar,바락,barrak,제철요리,전통주,다이닝,일상,혼술,혼밥,JMT,,,,,,,,,,
554,Bongeunsa Station,32주,자연은맛있다,흑임자샐러드비빔면,삼성역맛집,봉은사역맛집,코엑스맛집,샐러드,비빔면,,,,,,,,,,,,,,,,,,,,,,,,
555,Bongeunsa Station,32주,베이비기네스,치킨까스,8000원,삼성1동맛지도,봉은사역맛집,돈까스맛집,치킨까스맛집,한전골목,영국식펍에서맛보는,한국식치킨까스,의외로맛있음주의,직장인점심,맛스타그램,먹스타그램,,,,,,,,,,,,,,,,,
556,Bongeunsa Station,32주,르사이공,코엑스맛집,쌀국수맛집,봉은사맛집,,,,,,,,,,,,,,,,,,,,,,,,,,,
557,Bongeunsa Station,32주,막끌리네,,,,,,,,,,,,,,,,,,,,,,,,,,,,,,
558,Bongeunsa Station,32주,쭈꾸미삼겹살,진땡이,강남맛집,봉은사맛집,,,,,,,,,,,,,,,,,,,,,,,,,,,
559,Bongeunsa Station,32주,연안식당,푸디언,꼬막비빔밥,꼬막,벌교꼬막,청담동맛집,삼성동맛집,청담역맛집,봉은사역맛집,청담역,foodporn,foodblogfeed,dailyfoodfeed,foodphotography,photo,맛집블로거,블로거,맛집,맛점,운동,맛집탐방,jmt,러닝,해물탕,수요미식회,맛있는녀석들,일상,푸디,다이어트,,
560,Bongeunsa Station,32주,연안식당,푸디언,꼬막비빔밥,꼬막,벌교꼬막,청담동맛집,삼성동맛집,청담역맛집,봉은사역맛집,청담역,foodporn,foodblogfeed,dailyfoodfeed,foodphotography,photo,맛집블로거,블로거,맛집,맛점,맛저,맛집탐방,jmt,jmtgr,이영자맛집,수요미식회,맛있는녀석들,일상,푸디,데일리,,
561,Bongeunsa Station,32주,삼성동치킨,삼성동맛집,삼성역맛집,봉은사역맛집,봉은사맛집,치킨매니아,치킨추천,치킨맛집,치킨스타그램,치킨먹방,치맥,,,,,,,,,,,,,,,,,,,,
562,Bongeunsa Station,32주,삼성동맛집,봉은사역맛집,양,점심스타그램,,,,,,,,,,,,,,,,,,,,,,,,,,,
563,Bongeunsa Station,32주,코엑스,바이킹스워프,바이킹스워프코엑스,지파시젤라또,폴바셋,,,,,,,,,,,,,,,,,,,,,,,,,,
564,Bongeunsa Station,32주,매운음식맛집,매운찜닭,찜닭맛집,코엑스맛집,도심공항맛집,삼성동맛집,봉은사역맛집,홍수계찜닭,홍수계찜닭코엑스점,홍수계치즈찜닭,굵은당면,당면맛집,셀프비빔밥,또먹고싶다,,,,,,,,,,,,,,,,,
565,Bongeunsa Station,32주,봉은사역맛집,황태명가,점심,낙지덮밥,반찬까지맛있어,맛집인정,,,,,,,,,,,,,,,,,,,,,,,,,
566,Bongeunsa Station,Error,error,,,,,,,,,,,,,,,,,,,,,,,,,,,,,,
567,Bongeunsa Station,Error,error,,,,,,,,,,,,,,,,,,,,,,,,,,,,,,
568,Bongeunsa Station,Error,error,,,,,,,,,,,,,,,,,,,,,,,,,,,,,,
569,Bongeunsa Station,Error,error,,,,,,,,,,,,,,,,,,,,,,,,,,,,,,
570,Bongeunsa Station,Error,error,,,,,,,,,,,,,,,,,,,,,,,,,,,,,,
571,Bongeunsa Station,Error,error,,,,,,,,,,,,,,,,,,,,,,,,,,,,,,
572,Bongeunsa Station,Error,error,,,,,,,,,,,,,,,,,,,,,,,,,,,,,,
573,Bongeunsa Station,Error,error,,,,,,,,,,,,,,,,,,,,,,,,,,,,,,
574,Bongeunsa Station,Error,error,,,,,,,,,,,,,,,,,,,,,,,,,,,,,,
575,Bongeunsa Station,Error,error,,,,,,,,,,,,,,,,,,,,,,,,,,,,,,
576,Bongeunsa Station,Error,error,,,,,,,,,,,,,,,,,,,,,,,,,,,,,,
577,Bongeunsa Station,Error,error,,,,,,,,,,,,,,,,,,,,,,,,,,,,,,
578,Bongeunsa Station,Error,error,,,,,,,,,,,,,,,,,,,,,,,,,,,,,,
579,Bongeunsa Station,Error,error,,,,,,,,,,,,,,,,,,,,,,,,,,,,,,
580,Bongeunsa Station,Error,error,,,,,,,,,,,,,,,,,,,,,,,,,,,,,,
581,Bongeunsa Station,Error,error,,,,,,,,,,,,,,,,,,,,,,,,,,,,,,
582,Bongeunsa Station,Error,error,,,,,,,,,,,,,,,,,,,,,,,,,,,,,,
583,Bongeunsa Station,Error,error,,,,,,,,,,,,,,,,,,,,,,,,,,,,,,
584,Bongeunsa Station,Error,error,,,,,,,,,,,,,,,,,,,,,,,,,,,,,,
585,Bongeunsa Station,Error,error,,,,,,,,,,,,,,,,,,,,,,,,,,,,,,
586,Bongeunsa Station,Error,error,,,,,,,,,,,,,,,,,,,,,,,,,,,,,,
587,Bongeunsa Station,Error,error,,,,,,,,,,,,,,,,,,,,,,,,,,,,,,
588,Bongeunsa Station,Error,error,,,,,,,,,,,,,,,,,,,,,,,,,,,,,,
589,Bongeunsa Station,Error,error,,,,,,,,,,,,,,,,,,,,,,,,,,,,,,
590,Bongeunsa Station,Error,error,,,,,,,,,,,,,,,,,,,,,,,,,,,,,,
591,Bongeunsa Station,Error,error,,,,,,,,,,,,,,,,,,,,,,,,,,,,,,
592,Bongeunsa Station,Error,error,,,,,,,,,,,,,,,,,,,,,,,,,,,,,,
593,Bongeunsa Station,Error,error,,,,,,,,,,,,,,,,,,,,,,,,,,,,,,
594,Bongeunsa Station,Error,error,,,,,,,,,,,,,,,,,,,,,,,,,,,,,,
595,Bongeunsa Station,Error,error,,,,,,,,,,,,,,,,,,,,,,,,,,,,,,
596,Bongeunsa Station,Error,error,,,,,,,,,,,,,,,,,,,,,,,,,,,,,,
597,Bongeunsa Station,Error,error,,,,,,,,,,,,,,,,,,,,,,,,,,,,,,
598,Bongeunsa Station,Error,error,,,,,,,,,,,,,,,,,,,,,,,,,,,,,,
599,Bongeunsa Station,Error,error,,,,,,,,,,,,,,,,,,,,,,,,,,,,,,
600,Bongeunsa Station,Error,error,,,,,,,,,,,,,,,,,,,,,,,,,,,,,,
601,Bongeunsa Station,Error,error,,,,,,,,,,,,,,,,,,,,,,,,,,,,,,
602,Bongeunsa Station,Error,error,,,,,,,,,,,,,,,,,,,,,,,,,,,,,,
603,Bongeunsa Station,Error,error,,,,,,,,,,,,,,,,,,,,,,,,,,,,,,
604,Bongeunsa Station,Error,error,,,,,,,,,,,,,,,,,,,,,,,,,,,,,,
605,Bongeunsa Station,Error,error,,,,,,,,,,,,,,,,,,,,,,,,,,,,,,
606,Bongeunsa Station,Error,error,,,,,,,,,,,,,,,,,,,,,,,,,,,,,,
607,Bongeunsa Station,Error,error,,,,,,,,,,,,,,,,,,,,,,,,,,,,,,
608,Bongeunsa Station,Error,error,,,,,,,,,,,,,,,,,,,,,,,,,,,,,,
609,Bongeunsa Station,Error,error,,,,,,,,,,,,,,,,,,,,,,,,,,,,,,
610,Bongeunsa Station,Error,error,,,,,,,,,,,,,,,,,,,,,,,,,,,,,,
611,Bongeunsa Station,Error,error,,,,,,,,,,,,,,,,,,,,,,,,,,,,,,
612,Bongeunsa Station,Error,error,,,,,,,,,,,,,,,,,,,,,,,,,,,,,,
613,Bongeunsa Station,Error,error,,,,,,,,,,,,,,,,,,,,,,,,,,,,,,
614,Bongeunsa Station,Error,error,,,,,,,,,,,,,,,,,,,,,,,,,,,,,,
615,Bongeunsa Station,Error,error,,,,,,,,,,,,,,,,,,,,,,,,,,,,,,
616,Bongeunsa Station,Error,error,,,,,,,,,,,,,,,,,,,,,,,,,,,,,,
617,Bongeunsa Station,Error,error,,,,,,,,,,,,,,,,,,,,,,,,,,,,,,
618,Bongeunsa Station,Error,error,,,,,,,,,,,,,,,,,,,,,,,,,,,,,,
619,Bongeunsa Station,Error,error,,,,,,,,,,,,,,,,,,,,,,,,,,,,,,
620,Bongeunsa Station,Error,error,,,,,,,,,,,,,,,,,,,,,,,,,,,,,,
621,Bongeunsa Station,Error,error,,,,,,,,,,,,,,,,,,,,,,,,,,,,,,
622,Bongeunsa Station,Error,error,,,,,,,,,,,,,,,,,,,,,,,,,,,,,,
623,Bongeunsa Station,Error,error,,,,,,,,,,,,,,,,,,,,,,,,,,,,,,
624,Bongeunsa Station,Error,error,,,,,,,,,,,,,,,,,,,,,,,,,,,,,,
625,Bongeunsa Station,Error,error,,,,,,,,,,,,,,,,,,,,,,,,,,,,,,
626,Bongeunsa Station,Error,error,,,,,,,,,,,,,,,,,,,,,,,,,,,,,,
627,Bongeunsa Station,Error,error,,,,,,,,,,,,,,,,,,,,,,,,,,,,,,
628,Bongeunsa Station,Error,error,,,,,,,,,,,,,,,,,,,,,,,,,,,,,,
629,Bongeunsa Station,Error,error,,,,,,,,,,,,,,,,,,,,,,,,,,,,,,
630,Bongeunsa Station,Error,error,,,,,,,,,,,,,,,,,,,,,,,,,,,,,,
631,Bongeunsa Station,Error,error,,,,,,,,,,,,,,,,,,,,,,,,,,,,,,
632,Bongeunsa Station,Error,error,,,,,,,,,,,,,,,,,,,,,,,,,,,,,,
633,Bongeunsa Station,Error,error,,,,,,,,,,,,,,,,,,,,,,,,,,,,,,
634,Bongeunsa Station,Error,error,,,,,,,,,,,,,,,,,,,,,,,,,,,,,,
635,Bongeunsa Station,Error,error,,,,,,,,,,,,,,,,,,,,,,,,,,,,,,
636,Bongeunsa Station,Error,error,,,,,,,,,,,,,,,,,,,,,,,,,,,,,,
637,Bongeunsa Station,Error,error,,,,,,,,,,,,,,,,,,,,,,,,,,,,,,
638,Bongeunsa Station,Error,error,,,,,,,,,,,,,,,,,,,,,,,,,,,,,,
639,Bongeunsa Station,Error,error,,,,,,,,,,,,,,,,,,,,,,,,,,,,,,
640,Bongeunsa Station,Error,error,,,,,,,,,,,,,,,,,,,,,,,,,,,,,,
641,Bongeunsa Station,Error,error,,,,,,,,,,,,,,,,,,,,,,,,,,,,,,
642,Bongeunsa Station,Error,error,,,,,,,,,,,,,,,,,,,,,,,,,,,,,,
643,Bongeunsa Station,Error,error,,,,,,,,,,,,,,,,,,,,,,,,,,,,,,
644,Bongeunsa Station,Error,error,,,,,,,,,,,,,,,,,,,,,,,,,,,,,,
645,Bongeunsa Station,Error,error,,,,,,,,,,,,,,,,,,,,,,,,,,,,,,
646,Bongeunsa Station,Error,error,,,,,,,,,,,,,,,,,,,,,,,,,,,,,,
647,Bongeunsa Station,Error,error,,,,,,,,,,,,,,,,,,,,,,,,,,,,,,
648,Bongeunsa Station,Error,error,,,,,,,,,,,,,,,,,,,,,,,,,,,,,,
649,Bongeunsa Station,Error,error,,,,,,,,,,,,,,,,,,,,,,,,,,,,,,
650,Bongeunsa Station,Error,error,,,,,,,,,,,,,,,,,,,,,,,,,,,,,,
651,Bongeunsa Station,Error,error,,,,,,,,,,,,,,,,,,,,,,,,,,,,,,
652,Bongeunsa Station,Error,error,,,,,,,,,,,,,,,,,,,,,,,,,,,,,,
653,Bongeunsa Station,Error,error,,,,,,,,,,,,,,,,,,,,,,,,,,,,,,
654,Bongeunsa Station,Error,error,,,,,,,,,,,,,,,,,,,,,,,,,,,,,,
655,Bongeunsa Station,Error,error,,,,,,,,,,,,,,,,,,,,,,,,,,,,,,
656,Bongeunsa Station,Error,error,,,,,,,,,,,,,,,,,,,,,,,,,,,,,,
657,Bongeunsa Station,Error,error,,,,,,,,,,,,,,,,,,,,,,,,,,,,,,
658,Bongeunsa Station,Error,error,,,,,,,,,,,,,,,,,,,,,,,,,,,,,,
659,Bongeunsa Station,Error,error,,,,,,,,,,,,,,,,,,,,,,,,,,,,,,
660,Bongeunsa Station,Error,error,,,,,,,,,,,,,,,,,,,,,,,,,,,,,,
661,Bongeunsa Station,Error,error,,,,,,,,,,,,,,,,,,,,,,,,,,,,,,
662,Bongeunsa Station,Error,error,,,,,,,,,,,,,,,,,,,,,,,,,,,,,,
663,Bongeunsa Station,Error,error,,,,,,,,,,,,,,,,,,,,,,,,,,,,,,
664,Bongeunsa Station,Error,error,,,,,,,,,,,,,,,,,,,,,,,,,,,,,,
665,Bongeunsa Station,Error,error,,,,,,,,,,,,,,,,,,,,,,,,,,,,,,
666,Bongeunsa Station,39주,삼성한방삼계탕,김치맛집,,,,,,,,,,,,,,,,,,,,,,,,,,,,,
667,Bongeunsa Station,39주,봉은사역맛집,삼성역맛집,코엑스맛집,서울우까스,,,,,,,,,,,,,,,,,,,,,,,,,,,
668,Bongeunsa Station,39주,야장,분위기맛집,분위기좋은레스토랑,삼성동저녁,삼성동맛집,봉은사역맛집,수제맥주,와인,샹그리아,예약환영,분위기깡패다잉,달링스테이크봉은사,,,,,,,,,,,,,,,,,,,
669,Bongeunsa Station,39주,스테이크크림리조또,왕새우오일파스타,일상,일상스타그램,먹방,먹스타그램,맛스타그램,맛있다그램,코엑스맛집,삼성역맛집,봉은사역맛집,브런치카페,브런치맛집,친구와함께,소확행,힐링,선팔환영,맞팔해요,인친,선팔하면맞팔,,,,,,,,,,,
670,Bongeunsa Station,39주,,,,,,,,,,,,,,,,,,,,,,,,,,,,,,,
671,Bongeunsa Station,39주,삼성동맛집,삼성역맛집,봉은사맛집,봉은사역맛집,코엑스맛집,소브스위드살몬,일상,청담맛집,청담동맛집,청담역맛집,선릉맛집,삼성중앙역맛집,코엑스데이트,강남데이트,선팔,일상,연어맛집,강남구청역맛집,선정릉역맛집,언주역맛집,학동역맛집,잠실맛집,,,,,,,,,
672,Bongeunsa Station,39주,삼성동맛집,삼성역맛집,봉은사맛집,봉은사역맛집,코엑스맛집,소브스위드살몬,일상,선릉맛집,삼성중앙역맛집,코엑스데이트,강남데이트,선팔,일상,연어맛집,강남구청역맛집,선정릉역맛집,언주역맛집,학동역맛집,잠실맛집,,,,,,,,,,,,
673,Bongeunsa Station,40주,첫줄,메드포갈릭,봉은사역맛집,삼성역맛집,스노잉피자,갈릭페뇨파스타,먹스타그램,맛집,중년부부,일상,,,,,,,,,,,,,,,,,,,,,
674,Bongeunsa Station,40주,진로이즈백,진로16,드디어입고,고기와소주,고기와맥주,와인도있고,하몽도있고,스테이크도있다네,태풍조심,비바람조심,이런날엔,야장에서맥주한잔,봉은사역맛집,삼성동맛집,커피메소드맞은편,진땡이옆집,,,,,,,,,,,,,,,
675,Bongeunsa Station,40주,삼성동,청담동,봉은사역맛집,배고프다,다이어트,살,,,,,,,,,,,,,,,,,,,,,,,,,
676,Bongeunsa Station,40주,식객,곰탕,국밥,국밥한그릇,오늘은또뭐먹지,오늘은뭐먹지,직장인의밥상,직장인점심,직장인스타그램,점심,하동관,하동관직영점,코엑스하동관,하동관코엑스,코엑스식당,코엑스맛집,맛집,삼성역맛집,봉은사역맛집,코엑스몰맛집,,,,,,,,,,,
677,Bongeunsa Station,40주,,,,,,,,,,,,,,,,,,,,,,,,,,,,,,,
678,Bongeunsa Station,40주,,,,,,,,,,,,,,,,,,,,,,,,,,,,,,,
679,Bongeunsa Station,40주,명인등심,,,,,,,,,,,,,,,,,,,,,,,,,,,,,,
680,Bongeunsa Station,40주,호텔인나인,봉은사역맛집,직장인점심시간,hbd,,,,,,,,,,,,,,,,,,,,,,,,,,,
681,Bongeunsa Station,40주,연어마끼,튀김연어로제파스타,데리야끼구운연어볶음밥,연어롤,연어요리,소브스위드살몬,먹스타그램,서울맛집,봉은사역맛집,맛집스타그램,갤럭시s8,음식사진기능,,,,,,,,,,,,,,,,,,,
682,Bongeunsa Station,40주,재희키친,알탕정식,12000원,삼성1동맛지도,삼성동맛집,봉은사역맛집,생선구이맛집,알탕맛집,봉은사역생선구이,삼성동생선구이,직장인점심,맛스타그램,먹스타그램,비싸니까일주일에한번만,,,,,,,,,,,,,,,,,
683,Bongeunsa Station,40주,명인등심,,,,,,,,,,,,,,,,,,,,,,,,,,,,,,
684,Bongeunsa Station,40주,삼성역맛집,이대성의진면목,봉은사역맛집,선릉역맛집,칼국수,칼국수맛집,,,,,,,,,,,,,,,,,,,,,,,,,
685,Bongeunsa Station,41주,봉은사역맛집,가성비호텔,호텔인나인,호텔런치,샐러드바,,,,,,,,,,,,,,,,,,,,,,,,,,
686,Bongeunsa Station,41주,포스코사거리,삼성역,봉은사역,코엑스맛집,삼성역맛집,현대백화점,선릉역맛집,대치동맛집,봉은사역맛집,코엑스데이트,키친바락,키친bar,바락,barrak,제철요리,전통주,다이닝,일상,혼술,혼밥,JMT,,,,,,,,,,
687,Bongeunsa Station,41주,배꼽집,삼성동맛집,봉은사역맛집,국밥,수요미식회,코엑스,,,,,,,,,,,,,,,,,,,,,,,,,
688,Bongeunsa Station,41주,문어앤치킨,쭈니가사는이유,쭈니가사는이유문어앤치킨,쭈니가사는이유봉은사역,쭈니가사는이유190817,쭈니가사는이유주점,쭈니가사는이유치킨,쭈니가사는이유7점대,,,,,,,,,,,,,,,,,,,,,,,
689,Bongeunsa Station,41주,인생선배님들과,미팅,일,브런치까페추천,아메리칸테이블,삼성동맛집,봉은사역맛집,아점메뉴,일찍여는카페,스테이크샐러드,쾌변을부른다,,,,,,,,,,,,,,,,,,,,
690,Bongeunsa Station,41주,삼성역맛집,삼계탕맛집,봉은사역맛집,,,,,,,,,,,,,,,,,,,,,,,,,,,,
691,Bongeunsa Station,41주,아메리칸테이블,삼성동브런치추천,쾌적한공간,미팅,샐러드맛집,메뉴폭파,봉은사역맛집,업무자동화,힘,퐈이팅,인생선배님들,노블발렌티삼성,,,,,,,,,,,,,,,,,,,
692,Bongeunsa Station,Error,error,,,,,,,,,,,,,,,,,,,,,,,,,,,,,,
693,Bongeunsa Station,Error,error,,,,,,,,,,,,,,,,,,,,,,,,,,,,,,
694,Bongeunsa Station,41주,xgolf,coex,coexmall,삼성역,봉은사역맛집,박람회,golfpartner,중고드라이버,중고아이언,중고골프채,중고골프,,,,,,,,,,,,,,,,,,,,
695,Bongeunsa Station,41주,봉은사역맛집,꽃지,선팔,맞팔,선팔하면맞팔,좋아요,인친환영,먹방,먹스타그램,데일리그램,선팔맞팔,소통,소통해요,먹스타,일상,대학생,인친,팔로우,블로그,블로거,좋반,좋아요반사,좋튀,존맛,봉은사,,,,,,
696,Bongeunsa Station,41주,서울상경기념,서울사람인척,봉은사역맛집,서울사람연애하기,,,,,,,,,,,,,,,,,,,,,,,,,,,
697,Bongeunsa Station,41주,안동찜닭해물떡찜,찜닭,2인,당면,떡,사리추가,냠냠,코엑스맛집,코엑스찜닭,삼성역맛집,봉은사역맛집,코엑스몰맛집,,,,,,,,,,,,,,,,,,,
698,Bongeunsa Station,41주,,,,,,,,,,,,,,,,,,,,,,,,,,,,,,,
699,Bongeunsa Station,41주,봉은사,봉은사역맛집,치폴라로쏘,리조또,파스타,강남,데블다이스,오즈pc,보드게임카페,차돌박이숙주덮밥,,,,,,,,,,,,,,,,,,,,,
700,Bongeunsa Station,41주,생일주간,생파5차,나님탄신일,땡큐배자매,은혜로운갈치구이,생일스타그램,맛집,맛스타그램,먹방,먹스타그램,점심스타그램,직딩그램,회사원그램,삼성동맛집,강남구맛집,봉은사역맛집,생파그램,생일주간4일차,,,,,,,,,,,,,
701,Bongeunsa Station,41주,삼성동맛집,삼성역맛집,봉은사맛집,봉은사역맛집,코엑스맛집,소브스위드살몬,일상,선릉맛집,삼성중앙역맛집,코엑스데이트,강남데이트,선팔,일상,연어맛집,강남구청역맛집,선정릉역맛집,언주역맛집,학동역맛집,잠실맛집,,,,,,,,,,,,
702,Bongeunsa Station,42주,,,,,,,,,,,,,,,,,,,,,,,,,,,,,,,
703,Bongeunsa Station,42주,,,,,,,,,,,,,,,,,,,,,,,,,,,,,,,
704,Bongeunsa Station,42주,삼정복집,봉은사역맛집,활복런치세트,가격말구다만족,,,,,,,,,,,,,,,,,,,,,,,,,,,
705,Bongeunsa Station,42주,20190814,호캉스,호텔인나인,hotelin9,페스티바,festiva,뷰맛집,봉은사역맛집,봉은사호텔,코엑스호텔,비즈니스호텔,businesshotel,,,,,,,,,,,,,,,,,,,
706,Bongeunsa Station,42주,옥수수빵,블랑제리단켄,삼성동,빵집맛집,,,,,,,,,,,,,,,,,,,,,,,,,,,
707,Bongeunsa Station,42주,삼성역,삼성역맛집,봉은사역,봉은사역맛집,코엑스,코엑스맛집,짬뽕신,마라탕,중식,점심,존맛,먹방,직장인,직장인스타그램,맛집,,,,,,,,,,,,,,,,
708,Bongeunsa Station,42주,꽃지,봉은사역맛집,간장게장,여행기록,,,,,,,,,,,,,,,,,,,,,,,,,,,
709,Bongeunsa Station,42주,mk탄신일,생일주간,시작,생파1차,나님탄신일,생일스타그램,생일축하,삼성동맛집,소브스,연어맛집,봉은사역맛집,강남맛집,데이트그램,외식스타그램,우정스타그램,친구스타그램,스타벇,코엑스사거리점,아아엔달달한디저트를꼭함께,아아,초콜렛,초코초코,직딩그램,디너그램,평일스타그램,,,,,,
710,Bongeunsa Station,42주,란쯔방학,먹스타그램,코엑스맛집,봉은사역맛집,봉은사,듀란듀란,스템커피,성북동청국장,,,,,,,,,,,,,,,,,,,,,,,
711,Bongeunsa Station,42주,포스코사거리,삼성역,봉은사역,코엑스맛집,삼성역맛집,현대백화점,선릉역맛집,대치동맛집,봉은사역맛집,코엑스데이트,키친바락,키친bar,바락,barrak,제철요리,일식,다이닝,이자카야,이자까야,일상,혼술,혼밥,JMT,,,,,,,,
712,Bongeunsa Station,42주,가격문의는다이렉트주세요,,,,,,,,,,,,,,,,,,,,,,,,,,,,,,
713,Bongeunsa Station,42주,쪼요미,코엑스,베페,쇼핑,유교전,외함미,우리딸,카페마마스,우리집,,,,,,,,,,,,,,,,,,,,,,
714,Bongeunsa Station,42주,포스코사거리,삼성역,봉은사역,코엑스맛집,삼성역맛집,현대백화점,선릉역맛집,대치동맛집,봉은사역맛집,코엑스데이트,키친바락,키친bar,바락,barrak,제철요리,일식,다이닝,이자카야,이자까야,일상,혼술,혼밥,JMT,,,,,,,,
715,Bongeunsa Station,42주,삼성역,삼성역맛집,봉은사역,봉은사역맛집,코엑스,코엑스맛집,배달음식,배달맛집,미식일상,치킨스테이크,로제파스타,점심,직장인,직장인스타그램,맛집,맛스타그램,먹스타그램,,,,,,,,,,,,,,
716,Bongeunsa Station,42주,삼성역,삼성역맛집,봉은사역,봉은사역맛집,코엑스,코엑스맛집,미식일상,배달전문,고추장삼겹부타동,점심,맛집,맛스타그램,먹스타그램,,,,,,,,,,,,,,,,,,
717,Bongeunsa Station,42주,삼성동맛집추천,삼성맛집,봉은사역맛집,생까스,서울생까스,소고기너비튀김,짱맛,맛집,,,,,,,,,,,,,,,,,,,,,,,
718,Bongeunsa Station,42주,삼성동맛집,너나들이,닭발삼합,날치알주먹밥,계란찜,삼성역맛집,봉은사역맛집,코엑스맛집,무뼈닭발,냠냠한일상,너나들이포차,삼성맛집,코엑스데이트,소주안주,불금,,,,,,,,,,,,,,,,
719,Bongeunsa Station,42주,봉은사역맛집,sovs,연어사시미,연어맛집,안비림,2인이상,샐러드무료,연어튀김,봉골레,소브스위드살몬,아보카도마끼,스파이시,삼성코엑스맛집,코엑스근처,,,,,,,,,,,,,,,,,
720,Bongeunsa Station,42주,금복당,물회,코엑스,코엑스맛집,삼성역맛집,봉은사역맛집,봉은사,먹방,먹스타,jmt,jmtgr,포항,eat,eater,foodie,foodstagram,eatstagram,cool,foodpic,insradaily,instagood,,,,,,,,,,
721,Bongeunsa Station,42주,양평해장국,먹스타그램,맛스타그램,먹방,맞팔,맛점,해장국,해장국맛집,내장탕,선지국,밥스타그램,배고파,순대국,삼성역맛집,봉은사역맛집,강남맛집,해장,푸드스타그램,foodie,foodporn,followforfollowback,일상,러브잇,,,,,,,,
722,Bongeunsa Station,42주,삼성역,삼성역맛집,곱창전골맛집,봉은사역맛집,곰바위,곱창전골,,,,,,,,,,,,,,,,,,,,,,,,,
723,Bongeunsa Station,42주,길,먹방,먹스타그램,코엑스,코엑스맛집,셰프의국수,마라국수,제육볶음,소고기카레덮밥,야채튀김,봉은사역맛집,98,좋아요,,,,,,,,,,,,,,,,,,
724,Bongeunsa Station,42주,삼성동맛집,삼성역맛집,봉은사맛집,봉은사역맛집,코엑스맛집,소브스위드살몬,일상,청담맛집,청담동맛집,청담역맛집,선릉맛집,삼성중앙역맛집,코엑스데이트,강남데이트,선팔,일상,연어맛집,강남구청역맛집,선정릉역맛집,언주역맛집,학동역맛집,잠실맛집,,,,,,,,,
725,Bongeunsa Station,42주,삼성동맛집,삼성역맛집,봉은사맛집,봉은사역맛집,코엑스맛집,소브스위드살몬,일상,청담맛집,청담동맛집,청담역맛집,선릉맛집,삼성중앙역맛집,코엑스데이트,강남데이트,선팔,일상,연어맛집,강남구청역맛집,선정릉역맛집,언주역맛집,학동역맛집,잠실맛집,,,,,,,,,
726,Bongeunsa Station,42주,,,,,,,,,,,,,,,,,,,,,,,,,,,,,,,
727,Bongeunsa Station,43주,고등어조림,목포할매집,봉은사역맛집,아구찜,삼성동맛집,맛스타그램,맛추억,,,,,,,,,,,,,,,,,,,,,,,,
728,Bongeunsa Station,43주,둘이서세개먹기,수업후폭풍식사,봉은사역맛집,연어,맛잇네,배가많이부르네,소브스위드살몬,좋은사람과,,,,,,,,,,,,,,,,,,,,,,,
729,Bongeunsa Station,43주,명인등심,,,,,,,,,,,,,,,,,,,,,,,,,,,,,,
730,Bongeunsa Station,43주,삼성역,삼성역맛집,봉은사역,봉은사역맛집,코엑스,코엑스맛집,모박사부대찌개,부대찌개,찌개,라면사리,점심,맛집,맛스타그램,먹스타그램,,,,,,,,,,,,,,,,,
731,Bongeunsa Station,43주,삼성역,삼성역맛집,봉은사역,봉은사역맛집,코엑스,코엑스맛집,창고,소고기,비빔냉면,깍두기볶음밥,점심,맛집,맛스타그램,먹스타그램,,,,,,,,,,,,,,,,,
732,Bongeunsa Station,43주,명인등심,한우특등심,,,,,,,,,,,,,,,,,,,,,,,,,,,,,
733,Bongeunsa Station,43주,금복당,코엑스맛집,봉은사역맛집,삼성동맛집,포항식물회,멍개비빔밥,매우만족,맛점,,,,,,,,,,,,,,,,,,,,,,,
734,Bongeunsa Station,43주,무슐랭스타,무슐랭가이드,꽃지,봉은사역맛집,간장게장,먹스타그램,맛스타그램,,,,,,,,,,,,,,,,,,,,,,,,
735,Bongeunsa Station,43주,이화원,마케팅런치,먹고싶지,먹스타그램,맛스타그램,오크우드호텔,중식,중식코스,중국요리,코스요리,코엑스맛집,삼성역맛집,봉은사역맛집,회식장소,직장인,직장인스타그램,회사점심,먹스타맞팔,먹스타소통,선팔하면맞팔,소통,환영,,,,,,,,,
736,Bongeunsa Station,43주,훠궈야,코엑스맛집,먹고싶지,먹스타그램,맛스타그램,훠궈,훠궈맛집,마라,파르나스몰,파르나스몰맛집,현대백화점무역센터점,강남맛집,삼성역맛집,봉은사역맛집,회식장소,직장인,직장인스타그램,먹스타맞팔,선팔하면맞팔,환영,,,,,,,,,,,
737,Bongeunsa Station,43주,소브스위드살몬,봉은사역맛집,연어,블루보틀,성수동카페,jmtgr,ddp밤도깨비야시장,,,,,,,,,,,,,,,,,,,,,,,,
738,Bongeunsa Station,43주,하몽맛집,하몽,하몽메론,하몽세트,봉은사역맛집,삼성동맛집,삼성동스테이크,봉은사역스테이크,삼성동저녁,샹그리아와인,이베리코,이베리코하몽플레이트,문의주세용,예약가능,,,,,,,,,,,,,,,,,
739,Bongeunsa Station,43주,명인등심,한우육회,,,,,,,,,,,,,,,,,,,,,,,,,,,,,
740,Bongeunsa Station,43주,삼성동맛집,삼성역맛집,봉은사맛집,봉은사역맛집,코엑스맛집,소브스위드살몬,일상,선릉맛집,삼성중앙역맛집,코엑스데이트,강남데이트,선팔,일상,연어맛집,강남구청역맛집,선정릉역맛집,언주역맛집,학동역맛집,잠실맛집,,,,,,,,,,,,
741,Bongeunsa Station,43주,,,,,,,,,,,,,,,,,,,,,,,,,,,,,,,
742,Bongeunsa Station,44주,2018미슐랭,미슐랭맛집,봉은사역맛집,곰바위,꽃등심,양대창,,,,,,,,,,,,,,,,,,,,,,,,,
743,Bongeunsa Station,44주,대박기원,정고깃집,삼성역맛집,봉은사역맛집,근고기맛집,또올께요,,,,,,,,,,,,,,,,,,,,,,,,,
744,Bongeunsa Station,44주,bruschetta,gazpacho,gravlax,,,,,,,,,,,,,,,,,,,,,,,,,,,,
745,Bongeunsa Station,44주,,,,,,,,,,,,,,,,,,,,,,,,,,,,,,,
746,Bongeunsa Station,44주,KFC,블랙라벨버거,블랙라벨에그타워버거,버거,햄버거,삼성역,봉은사역,삼성역맛집,봉은사역맛집,코엑스,코엑스맛집,맛스타그램,먹스타그램,,,,,,,,,,,,,,,,,,
747,Bongeunsa Station,Error,error,,,,,,,,,,,,,,,,,,,,,,,,,,,,,,
748,Bongeunsa Station,Error,error,,,,,,,,,,,,,,,,,,,,,,,,,,,,,,
749,Bongeunsa Station,44주,봉은사,봉은사역맛집,봉은사맛집,봉은사카페,봉은사역,연회다원,전통차,전통차카페,전통차집,전통찻집,전통찻집,연꽃빵,연꽃,연꽃차,lotus,lotusflower,lotusflowers,봉은사로,다원,tea,teatime,traditionaltea,traditionalmedicinals,traditionalmedicinalstea,hotplace,맛집,맛집추천,foodie,instafood,맛스타그램,
750,Bongeunsa Station,44주,코엑스,kervan,코믹콘,,,,,,,,,,,,,,,,,,,,,,,,,,,,
751,Bongeunsa Station,44주,냉모밀,돈가츠,맛집,맛스타그램,먹방,먹스타그램,회사원그램,평일점심그램,직딩그램,무더위엔,냉소바,달콤짭짤시원,바삭바삭,가츠,삼성동맛집,봉은사역맛집,점심엔돈부리,저녁엔,이자까야변신,오늘아님,,,,,,,,,,,
752,Bongeunsa Station,44주,갈치구이,점심,맛집,맛스타그램,먹방,먹스타그램,직딩그램,점심스타그램,삼성동맛집,봉은사역맛집,회사원그램,삼치는언제되나요,재희스키친,걸크러쉬사장님,오늘아님,,,,,,,,,,,,,,,,
753,Bongeunsa Station,44주,송강민물장어,삼성동맛집,봉은사역맛집,기가막힘,,,,,,,,,,,,,,,,,,,,,,,,,,,
754,Bongeunsa Station,44주,,,,,,,,,,,,,,,,,,,,,,,,,,,,,,,
755,Bongeunsa Station,44주,멍게비빔밥,코엑스맛집,봉은사역맛집,금복당,,,,,,,,,,,,,,,,,,,,,,,,,,,
756,Bongeunsa Station,44주,하드워커,페퍼로니피자,삼성맛집,코엑스맛집,피자,혁,,,,,,,,,,,,,,,,,,,,,,,,,
757,Bongeunsa Station,44주,삼성동맛집,삼성역맛집,봉은사맛집,봉은사역맛집,코엑스맛집,소브스위드살몬,일상,선릉맛집,삼성중앙역맛집,코엑스데이트,강남데이트,선팔,일상,연어맛집,강남구청역맛집,선정릉역맛집,언주역맛집,학동역맛집,잠실맛집,,,,,,,,,,,,
758,Bongeunsa Station,44주,현대옥,코엑스점,얼큰돼지국밥,8500원,삼성1동맛지도,돼지국밥,콩나물국밥집,코엑스점인데코엑스밖에있음,전주의그맛은아닌듯,직장인점심,맛스타그램,먹스타그램,삼성동맛집,봉은사역맛집,,,,,,,,,,,,,,,,,
759,Bongeunsa Station,44주,삼성동맛집,삼성역맛집,봉은사맛집,봉은사역맛집,코엑스맛집,소브스위드살몬,일상,선릉맛집,삼성중앙역맛집,코엑스데이트,강남데이트,선팔,일상,연어맛집,강남구청역맛집,선정릉역맛집,언주역맛집,학동역맛집,잠실맛집,,,,,,,,,,,,
760,Bongeunsa Station,44주,삼성동맛집,삼성역맛집,봉은사맛집,봉은사역맛집,코엑스맛집,소브스위드살몬,일상,선릉맛집,삼성중앙역맛집,코엑스데이트,강남데이트,선팔,일상,연어맛집,강남구청역맛집,선정릉역맛집,언주역맛집,학동역맛집,잠실맛집,,,,,,,,,,,,
761,Bongeunsa Station,44주,중독위험,징그러워,자꾸보게되는사진,산호필,강필,필링추천,여드름은라스텔라,뾰루지,색소침착,모공축소,너무좋아,삼성동어딘가,봉은사역맛집,오늘은뭐하지,심심할때,라스텔라,DM,문의환영,,,,,,,,,,,,,
762,Bongeunsa Station,45주,삼성역맛집,봉은사역맛집,코엑스맛집,짬뽕신,탕수육,꿔바로우,중식,중식당,점심,맛스타그램,먹스타그램,밥스타그램,,,,,,,,,,,,,,,,,,,
763,Bongeunsa Station,45주,삼성역,봉은사역,코엑스,삼성역맛집,봉은사역맛집,코엑스맛집,짬뽕신,마파두부밥,마파두부,중식,중식당,점심,맛스타그램,먹스타그램,,,,,,,,,,,,,,,,,
764,Bongeunsa Station,45주,삼성역맛집,봉은사역맛집,코엑스맛집,짬뽕신,마라볶음면,마라탕,중식,중식당,맛스타그램,먹스타그램,밥스타그램,,,,,,,,,,,,,,,,,,,,
765,Bongeunsa Station,45주,삼성역맛집,봉은사역맛집,코엑스맛집,짬뽕신,탕수육,중식,중식당맛집,맛스타그램,먹스타그램,밥스타그램,,,,,,,,,,,,,,,,,,,,,
766,Bongeunsa Station,45주,성북동,닭볶음탕,1인분,11000원,삼성1동맛지도,닭볶음탕맛집,육회비빔밥맛집,원래는청국장집,삼성동맛집,봉은사역맛집,직장인점심,복날,맛스타그램,먹스타그램,,,,,,,,,,,,,,,,,
767,Bongeunsa Station,45주,,,,,,,,,,,,,,,,,,,,,,,,,,,,,,,
768,Bongeunsa Station,45주,고기,감자튀김맛집,수제맥주집,맥스생맥주,우삼겹,분위기깡패,로맨틱홀릭,봉은사역맛집,로봇커피,커피메소드,커피메소드맞은편,삼성동맛집,큐브스테이크맛집,더운날,나는일하지,문의환영,커플환영,단체예약가능,,,,,,,,,,,,,
769,Bongeunsa Station,45주,신의주찹쌀순대,순대국밥,순대맛집,삼성역맛집,봉은사역맛집,코엑스맛집,맛스타그램,먹스타그램,,,,,,,,,,,,,,,,,,,,,,,
770,Bongeunsa Station,45주,첫줄안녕,오랜만에업뎃,해킹당함,다시업데이트시작,쉬림프토마토파스타,새우는사랑,파스타와맥주,맥주맛집,스테이트파스타맛집,봉은사역맛집,삼성동맛집,여름가즈아,더위야물럿거라,냉방빵빵,어서와시원하지,에어컨빵빵,,,,,,,,,,,,,,,
771,Bongeunsa Station,45주,르메르디앙서울,셰프팔레트,,,,,,,,,,,,,,,,,,,,,,,,,,,,,
772,Bongeunsa Station,45주,이태리부대찌개,부대전골,,,,,,,,,,,,,,,,,,,,,,,,,,,,,
773,Bongeunsa Station,45주,코엑스맛집,해물볶음짬뽕,흑백홍,중국요리,삼성역맛집,봉은사역맛집,코엑스,볶음짬뽕,먹스타그램,맛스타그램,푸드스타그램,,,,,,,,,,,,,,,,,,,,
774,Bongeunsa Station,45주,호캉스,,,,,,,,,,,,,,,,,,,,,,,,,,,,,,
775,Bongeunsa Station,Error,error,,,,,,,,,,,,,,,,,,,,,,,,,,,,,,
776,Bongeunsa Station,Error,error,,,,,,,,,,,,,,,,,,,,,,,,,,,,,,
777,Bongeunsa Station,45주,,,,,,,,,,,,,,,,,,,,,,,,,,,,,,,
778,Bongeunsa Station,45주,어복쟁반,깻잎전,고추전,전스타그램,봉화전,이북음식,막걸리한사발,봉은사역맛집,삼성역맛집,삼성역직장인,회식스타그램,맛스타그램,,,,,,,,,,,,,,,,,,,
779,Bongeunsa Station,45주,마이또,jmt,교토가츠규,봉은사역맛집,,,,,,,,,,,,,,,,,,,,,,,,,,,
780,Bongeunsa Station,45주,피에프창,pfchangs,단단누들,몽골리안비프,삼성역맛집,봉은사역맛집,코엑스맛집,회식,맛스타그램,먹스타그램,,,,,,,,,,,,,,,,,,,,,
781,Bongeunsa Station,45주,삼성역맛집,봉은사역맛집,코엑스맛집,짬뽕신,소불고기짬뽕,짬뽕,중식,중식당,맛스타그램,먹스타그램,밥스타그램,,,,,,,,,,,,,,,,,,,,
782,Bongeunsa Station,45주,삼성동맛집,삼성역맛집,봉은사맛집,봉은사역맛집,코엑스맛집,소브스위드살몬,일상,선릉맛집,삼성중앙역맛집,코엑스데이트,강남데이트,선팔,일상,연어맛집,강남구청역맛집,선정릉역맛집,언주역맛집,학동역맛집,잠실맛집,,,,,,,,,,,,
783,Bongeunsa Station,46주,현대백화점,파르나스몰,파르나스몰맛집,봉은사역맛집,훠궈맛집,훠궈,삼성동맛집,퇴근길,저녁식사,맛스타그랭,존맛,늦은저녁,푸짐한저녁식사,훠궈야,토마토육수,산초,파르나스몰맛집,파르나스몰식당,맛스타그랭,,,,,,,,,,,,
784,Bongeunsa Station,46주,봉은사역맛집,금복당,코엑스맛집,문어삼합정식,멍게비빔밥,살짝비싼데,깔끔정갈한맛,재방문예정,아들피셜,미역국맛집,,,,,,,,,,,,,,,,,,,,,
785,Bongeunsa Station,46주,송강민물장어,,,,,,,,,,,,,,,,,,,,,,,,,,,,,,
786,Bongeunsa Station,46주,안녕하셨어요,또봐요,대웅모임,소소한모임,삼성,봉은사역맛집,삼성돈구이,삼겹살,맛있다,기네스생맥주,나쵸치즈,마무리,간단하게뚝딱,빠이,일상소통,사진소통,월요일끝,,,,,,,,,,,,,,
787,Bongeunsa Station,46주,,,,,,,,,,,,,,,,,,,,,,,,,,,,,,,
788,Bongeunsa Station,46주,봉은사역맛집,탄탄면공방,마라탄면,통새우튀김볼,코엑스맛집,삼성역맛집,삼성동맛집,강남맛집,라멘맛집,탄탄면,탄탄면공방신메뉴,탄탄면맛집,생활의달인,일본라멘,이상문쉐프,탄탄러버,,,,,,,,,,,,,,,
789,Bongeunsa Station,46주,수슐랭,수슐랭,곰바위,,,,,,,,,,,,,,,,,,,,,,,,,,,,
790,Bongeunsa Station,46주,매드포갈릭,서울,봉은사역,봉은사역맛집,일리,일리카페,아메리카노,,,,,,,,,,,,,,,,,,,,,,,,
791,Bongeunsa Station,46주,자연의원죽,찰매콤수제비,강남맛집,수제비,죽맛집,,,,,,,,,,,,,,,,,,,,,,,,,,
792,Bongeunsa Station,46주,삼성동맛집,봉은사역맛집,코엑스맛집,분위기좋은카페,takeout,컵밥,파스타,스테이크맛집,브런치,brunch,베이커리카페,커피,coffee,cafe,인친,샌드위치,sandwich,,,,,,,,,,,,,,
793,Bongeunsa Station,46주,가격문의는다이렉트주세요,보이차입문도와드려요,,,,,,,,,,,,,,,,,,,,,,,,,,,,,
794,Bongeunsa Station,46주,치킨퀘사디아,퀘사디아,타코샐러드,논알콜,마가리타,먹방,수다,나쵸,점심,배찢,멕시코음식,코엑스,온더보더,봉은사역맛집,코엑스맛집,삼성역맛집,삼성역,,,,,,,,,,,,,,
795,Bongeunsa Station,46주,하동관,코엑스맛집,먹스타그램,맛스타그램,서울맛집투어,서울맛집탐방,봉은사역맛집,먹깨비,먹스타맞팔,,,,,,,,,,,,,,,,,,,,,,
796,Bongeunsa Station,46주,회사점심,코엑스맛집,먹고싶지,먹스타그램,맛스타그램,삼성역맛집,봉은사역맛집,현대백화점무역센터점,스시효,피에프창,수지스,밀탑,밀탑빙수,스페인클럽,감바스,빠에야,브런치,초밥,초밥맛집,스시,직장인,직장인점심,선팔하면맞팔,먹스타소통,,,,,,,
797,Bongeunsa Station,46주,국수나무,초계국수,여름별미,먹스타그램,맛스타그램,코엑스,삼성,봉은사,봉은사역맛집,삼성역맛집,코엑스맛집,먹부림그램,먹방,강남맛집,강남카페,반포맛집,반포카페,친스타그램,일상,소통,맞팔,선팔,선팔맞팔,팔로우,좋아요,좋아요반사,,,,,
798,Bongeunsa Station,46주,삼성동맛집,삼성역맛집,봉은사맛집,봉은사역맛집,코엑스맛집,소브스위드살몬,일상,선릉맛집,삼성중앙역맛집,코엑스데이트,강남데이트,선팔,일상,연어맛집,강남구청역맛집,선정릉역맛집,언주역맛집,학동역맛집,잠실맛집,,,,,,,,,,,,
799,Bongeunsa Station,46주,,,,,,,,,,,,,,,,,,,,,,,,,,,,,,,
800,Bongeunsa Station,47주,미쓰삼시세끼추천,리마장82,언주역맛집,글래드라이브강남,마라맛집,미쓰삼시세끼,미삼또마라,,,,,,,,,,,,,,,,,,,,,,,,
801,Bongeunsa Station,47주,더하노이,매운소고기쌀국수,쌀국수,나시고랭,팟타이,,,,,,,,,,,,,,,,,,,,,,,,,,
802,Bongeunsa Station,47주,꼬막비빔밥,소나무집꼬막밥상,,,,,,,,,,,,,,,,,,,,,,,,,,,,,
803,Bongeunsa Station,47주,pumpkin,romaine,spinach,steak,striploin,,,,,,,,,,,,,,,,,,,,,,,,,,
804,Bongeunsa Station,47주,코엑스맛집,코엑스조식,조식,조식스타그램,커피,커피스타그램,티컵,tcup,티컵카페,카페스타그램,까페스타그램,아침식사,아침,8시오픈,5천원,샌드위치,에그샌드위치,계란샌드위치,코엑스,coex,코엑스몰,봉은사역맛집,봉은사역,봉은사역7번출구,맛스타그램,먹스타그램,,,,,
805,Bongeunsa Station,47주,초코케익,아메리카노,카페라떼,아티제,코엑스카페,코엑스아티제,먹스타그램,맛스타그램,코엑스,삼성,봉은사,봉은사역맛집,삼성역맛집,코엑스맛집,먹부림그램,먹방,강남맛집,강남카페,반포맛집,반포카페,친스타그램,일상,소통,맞팔,선팔,선팔맞팔,팔로우,좋아요,좋아요반사,,
806,Bongeunsa Station,47주,초계국수,여름별미,먹스타그램,맛스타그램,코엑스,삼성,봉은사,봉은사역맛집,삼성역맛집,코엑스맛집,먹부림그램,먹방,강남맛집,강남카페,반포맛집,반포카페,친스타그램,일상,소통,맞팔,선팔,선팔맞팔,팔로우,좋아요,좋아요반사,,,,,,
807,Bongeunsa Station,47주,너나들이,우리사이,삼성역맛집,코엑스맛집,봉은사역맛집,강남구맛집,강남맛집,분위기맛집,한옥맛집,포토존,한옥뷰,핫플,식당,포차,감성포차,마스코트,들이,삼촌,버니즈마운틴독,대형견,탐지견,개이쁨,,,,,,,,,
808,Bongeunsa Station,47주,금복당,봉은사역맛집,문어삼합,,,,,,,,,,,,,,,,,,,,,,,,,,,,
809,Bongeunsa Station,47주,삼성역맛집,봉은사역맛집,곰바위,한우양념갈비,특양구이,대창구이,갈비탕,맛난데비싸,곱창전골은포장,JMT,,,,,,,,,,,,,,,,,,,,,
810,Bongeunsa Station,47주,부대찌개,고기듬뿍,우삼겹,전골,이태리부대찌개,봉은사역맛집,코엑스맛집,삼성역맛집,,,,,,,,,,,,,,,,,,,,,,,
811,Bongeunsa Station,47주,,,,,,,,,,,,,,,,,,,,,,,,,,,,,,,
812,Bongeunsa Station,47주,이남장,삼성점,삼성동,봉은사역맛집,설렁탕,수육,수육맛집,모듬수육,맛있다,양념장,소주,소주스타그램,낮술,낮술스타그램,만취,라운딩후,맛스타그램,술스타그램,먹스타그램,,,,,,,,,,,,
813,Bongeunsa Station,47주,곰바위,비싸고맛없음,봉은사역맛집,곱창,곱창맛집,더럽게비싸고맛없고불친절,삼성동맛집,미슐랭못믿겟다,먹스타그램,대창,양,맛집아님,,,,,,,,,,,,,,,,,,,
814,Bongeunsa Station,47주,노블발렌티,아이니웨딩,아이니웨딩시상식,노블발렌티삼성,노블발렌티,노블발렌티삼성점,삼성역웨딩홀,봉은사역웨딩홀,강남웨딩홀,채플웨딩,채플웨딩홀,단독홀,웨딩홀추천,웨딩홀투어,웨딩박람회,결혼준비,예신,예비부부,스드메,아이니웨딩박람회,웨딩플래너,웨딩플래너채용,인천웨딩,인천웨딩박람회,수원웨딩박람회,아이니웨딩플래너,동행플래너,웨딩컨설팅,웨딩홀전문플래너,봉은사역맛집,
815,Bongeunsa Station,47주,천사님,메드포갈릭,봉은사역맛집,맛탐방,맛스타그램,먹스타그램,먹방,삼성중앙역맛집,오늘,일상,소통,,,,,,,,,,,,,,,,,,,,
816,Bongeunsa Station,47주,노블발렌티삼성,아이니웨딩,아이니웨딩시상식,노블발렌티삼성,노블발렌티,노블발렌티삼성점,삼성역웨딩홀,봉은사역웨딩홀,강남웨딩홀,채플웨딩,채플웨딩홀,단독홀,웨딩홀추천,웨딩홀투어,웨딩박람회,결혼준비,예신,예비부부,스드메,아이니웨딩박람회,웨딩플래너,웨딩플래너채용,인천웨딩,인천웨딩박람회,수원웨딩박람회,아이니웨딩플래너,동행플래너,웨딩컨설팅,웨딩홀전문플래너,봉은사역맛집,
817,Bongeunsa Station,47주,노블발렌티삼성,노블발렌티,아이니웨딩,아이니웨딩시상식,노블발렌티삼성,노블발렌티,노블발렌티삼성점,삼성역웨딩홀,봉은사역웨딩홀,강남웨딩홀,채플웨딩,채플웨딩홀,단독홀,웨딩홀추천,웨딩홀투어,웨딩박람회,결혼준비,예신,예비부부,스드메,아이니웨딩박람회,웨딩플래너,웨딩플래너채용,인천웨딩,인천웨딩박람회,수원웨딩박람회,아이니웨딩플래너,동행플래너,웨딩컨설팅,웨딩홀전문플래너,봉은사역맛집
818,Bongeunsa Station,47주,buvons,곱창전골,초복점심,먹스타그램,삼성역맛집,봉은사역맛집,곰바위,삼성본점,,,,,,,,,,,,,,,,,,,,,,,
819,Bongeunsa Station,47주,beef,lentils,truffleoil,,,,,,,,,,,,,,,,,,,,,,,,,,,,
820,Bongeunsa Station,47주,카페마마스,비엘티샌드위치,리코타치즈샐러드,맘마,,,,,,,,,,,,,,,,,,,,,,,,,,,
821,Bongeunsa Station,47주,,,,,,,,,,,,,,,,,,,,,,,,,,,,,,,
822,Bongeunsa Station,47주,Repost,봉은사역,봉은사역맛집,코엑스,그림호텔,삼성동카페,초록,녹덕후,그린,green,greemhotel,cafe,,,,,,,,,,,,,,,,,,,
823,Bongeunsa Station,48주,퇴근후한잔,꿀맛,디톡스는내일부터,타코와사비,튀김면,누룽지탕맛,옴뇸뇸뇸,봉은사역맛집,노메,잊을만하면생각나는,럽,,,,,,,,,,,,,,,,,,,,
824,Bongeunsa Station,48주,겉바속촉,삼성동맛집,봉은사역맛집,소브스위드살몬,연어,사시미,스테이크,침고여,배고파,,,,,,,,,,,,,,,,,,,,,,
825,Bongeunsa Station,48주,가격문의는다이렉트주세요,보이차입문도와드려요,,,,,,,,,,,,,,,,,,,,,,,,,,,,,
826,Bongeunsa Station,48주,뜻밖에맛집,,,,,,,,,,,,,,,,,,,,,,,,,,,,,,
827,Bongeunsa Station,48주,미쉐린가이드,곰바위,서울맛집,서울곱창맛집,곱창전골,봉은사역맛집,삼성동맛집,,,,,,,,,,,,,,,,,,,,,,,,
828,Bongeunsa Station,48주,,,,,,,,,,,,,,,,,,,,,,,,,,,,,,,
829,Bongeunsa Station,48주,문의는다이렉트주세요,보이차입문도와드려요,,,,,,,,,,,,,,,,,,,,,,,,,,,,,
830,Bongeunsa Station,48주,더하노이,양지쌀국수,나시고랭,,,,,,,,,,,,,,,,,,,,,,,,,,,,
831,Bongeunsa Station,Error,error,,,,,,,,,,,,,,,,,,,,,,,,,,,,,,
832,Bongeunsa Station,48주,BHC치킨,삼성국수,봉은사역,봉은사역맛집,콩국수,삼성역콩국수,코엑스직장인,아셈타워직장인,,,,,,,,,,,,,,,,,,,,,,,
833,Bongeunsa Station,48주,,,,,,,,,,,,,,,,,,,,,,,,,,,,,,,
834,Bongeunsa Station,48주,문의는다이렉트드려요,보이차입문도와드려요,,,,,,,,,,,,,,,,,,,,,,,,,,,,,
835,Bongeunsa Station,48주,여름에대처하는우리의자세,스타필드,코엑스,배꼽집,육회비빔밥,평양냉면,슴슴의미학,우래옥st,고기국물냉면육수,창의적국물만들기,내입맛에딱이야,봉은사역맛집,덜시고살짝달큰한무절임배추절임,슴슴물냉면,스타벅스,프라푸치노,여름엔이거지,잔잔하게씹히는얼음조각조하,망고바나나,아이스모카프라푸치노,애플수박,딱3인용1번먹는양,맛은그닥,덜달다,껍질얇아,깎아먹는수박,음쓰는쬐끔,,,,
836,Bongeunsa Station,48주,음식일기,,,,,,,,,,,,,,,,,,,,,,,,,,,,,,
837,Bongeunsa Station,48주,카페마마스,삼성역카페마마스,코엑스카페마마스,코엑스,코엑스맛집,코엑스몰,삼성역,섬성역맛집,맛집,맛집추천,점심추천,브런치맛집,브런치,브런치추천,봉은사역,봉은사역맛집,리코타치즈,마마스시그니처,허니까망베르파니니,코엑스몰맛집,맛집스타그램,,,,,,,,,,
838,Bongeunsa Station,48주,삼성동,지호한방삼계탕,지호한방삼계탕,인삼주,삼성동맛집,봉은사,봉은사역맛집,봉은사역,,,,,,,,,,,,,,,,,,,,,,,
839,Bongeunsa Station,48주,디퀸즈,디퀸즈코엑스,코엑스맛집,,,,,,,,,,,,,,,,,,,,,,,,,,,,
840,Bongeunsa Station,48주,스파이더맨,피에프창,코엑스몰맛집,메가박스코엑스,코엑스맛집,삼성역맛집,봉은사역맛집,맛있다그램,맛스타그램,스파이더맨쿠키영상은2개,,,,,,,,,,,,,,,,,,,,,
841,Bongeunsa Station,48주,삼성동맛집,삼성역맛집,봉은사맛집,봉은사역맛집,코엑스맛집,소브스위드살몬,일상,선릉맛집,삼성중앙역맛집,코엑스데이트,강남데이트,선팔,일상,연어맛집,강남구청역맛집,선정릉역맛집,언주역맛집,학동역맛집,잠실맛집,,,,,,,,,,,,
842,Bongeunsa Station,48주,,,,,,,,,,,,,,,,,,,,,,,,,,,,,,,
843,Bongeunsa Station,48주,점심,교토가츠큐,봉은사역맛집,청담맛집,삼성역맛집,살치살규카츠정식,수란,존맛탱구리,팀점,맛집탐방러들,,,,,,,,,,,,,,,,,,,,,
844,Bongeunsa Station,48주,삼성동,베이비기네스,베이비기네스삼성점,코젤,감자튀김,삼성동직장인의회식,저녁메뉴,일상탈출,가볍게맥주한잔,kozel,kozelbeer,friedpotatoes,감튀,감튀맛집,봉은사역,봉은사역맛집,먹스타그램,foodstagram,seoulfood,맛있는일상기록,,,,,,,,,,,
845,Bongeunsa Station,48주,봉은사역맛집,치폴라로쏘삼성점,wine,miterru,좋은사람들과함께,,,,,,,,,,,,,,,,,,,,,,,,,,
846,Bongeunsa Station,48주,,,,,,,,,,,,,,,,,,,,,,,,,,,,,,,
847,Bongeunsa Station,48주,,,,,,,,,,,,,,,,,,,,,,,,,,,,,,,
848,Bongeunsa Station,48주,,,,,,,,,,,,,,,,,,,,,,,,,,,,,,,
849,Bongeunsa Station,48주,피에프창코엑스점,피에프창,봉은사역맛집,코엑스몰맛집,미국식중국요리,창스치킨레터스랩,유코이쉬림프프리터,수박아쿠아프레스카,레드락,,,,,,,,,,,,,,,,,,,,,,
850,Bongeunsa Station,48주,삼성동맛집,삼성역맛집,봉은사맛집,봉은사역맛집,코엑스맛집,소브스위드살몬,일상,선릉맛집,삼성중앙역맛집,코엑스데이트,강남데이트,선팔,일상,연어맛집,강남구청역맛집,선정릉역맛집,언주역맛집,학동역맛집,잠실맛집,,,,,,,,,,,,
851,Bongeunsa Station,49주,,,,,,,,,,,,,,,,,,,,,,,,,,,,,,,
852,Bongeunsa Station,49주,,,,,,,,,,,,,,,,,,,,,,,,,,,,,,,
853,Bongeunsa Station,49주,서울,서울맛집,강남,강남맛집,삼성역,삼성역맛집,코엑스,코엑스맛집,봉은사역,봉은사역맛집,삼성동,삼성동맛집,달링스테이크,달링스테이크봉은사역점,비프스테이크,치즈피자,통벌집생맥주,20190702,이미나는꿀꿀,,,,,,,,,,,,
854,Bongeunsa Station,49주,중앙해장,중앙전골,코엑스맛집,강남맛집,,,,,,,,,,,,,,,,,,,,,,,,,,,
855,Bongeunsa Station,49주,봉은사역맛집,sovs,,,,,,,,,,,,,,,,,,,,,,,,,,,,,
856,Bongeunsa Station,49주,주홍걸,운남보이차과학,,,,,,,,,,,,,,,,,,,,,,,,,,,,,
857,Bongeunsa Station,49주,코엑스맛집,코엑스몰,코엑스,삼성,삼성맛집,삼성역맛집,서울,서울맛집,봉은사역맛집,봉은사맛집,맛집,맛집스타그램,해장,짬뽕,짬뽕신,매운짬뽕,짬뽕맛집,먹스타,먹스타그램,먹스타맞팔,맞팔,소통,일상,데일리,헬요일,먹방,혼밥,매운음식,스트레스해소,이열치열,
858,Bongeunsa Station,49주,봉은사역,코엑스,카페마마스,콥샐러드,치킨랩파니니,,,,,,,,,,,,,,,,,,,,,,,,,,
859,Bongeunsa Station,49주,한우고향,횡성한우,봉은사역맛집,,,,,,,,,,,,,,,,,,,,,,,,,,,,
860,Bongeunsa Station,49주,주홍걸선생님의,,,,,,,,,,,,,,,,,,,,,,,,,,,,,,
861,Bongeunsa Station,49주,치맥,뿌링클치즈볼,커리퀸,bhc치킨,봉은사역맛집,코엑스,삼성역,강남,불토,치킨,먹스타,,,,,,,,,,,,,,,,,,,,
862,Bongeunsa Station,49주,,,,,,,,,,,,,,,,,,,,,,,,,,,,,,,
863,Bongeunsa Station,49주,봉은사,봉은사역맛집,봉은사맛집,코엑스맛집,삼성역맛집,삼성동맛집,매드포갈릭,갈릭스노윙피자,갈릭스노잉피자,위꼴사진,스테이크,데이트맛집,데이트코스,불금,야식추천,야식스타그램,먹스타그램,맛집투어,엉킷리스트,맛스타그램,,,,,,,,,,,
864,Bongeunsa Station,49주,,,,,,,,,,,,,,,,,,,,,,,,,,,,,,,
865,Bongeunsa Station,49주,,,,,,,,,,,,,,,,,,,,,,,,,,,,,,,
866,Bongeunsa Station,49주,봉은사역맛집,,,,,,,,,,,,,,,,,,,,,,,,,,,,,,
867,Bongeunsa Station,49주,게장맛집,낙지볶음,봉은사역맛집,직장인스타그램,먹방스타그램,먹방,먹방투어,꽃지삼성점,,,,,,,,,,,,,,,,,,,,,,,
868,Bongeunsa Station,49주,,,,,,,,,,,,,,,,,,,,,,,,,,,,,,,
869,Bongeunsa Station,49주,메드포갈릭,삼성역,삼성역맛집,봉은사역맛집,트러플피자,먹스타그램,아이폰8,,,,,,,,,,,,,,,,,,,,,,,,
870,Bongeunsa Station,49주,봉은사맛집,봉은사역맛집,테이스티로드맛집인증,,,,,,,,,,,,,,,,,,,,,,,,,,,,
871,Bongeunsa Station,49주,연어사시미,스시피자,연어리코타샐러드,코엑스맛집,소브스위드살몬,봉은사역맛집,,,,,,,,,,,,,,,,,,,,,,,,,
872,Bongeunsa Station,50주,,,,,,,,,,,,,,,,,,,,,,,,,,,,,,,
873,Bongeunsa Station,Error,error,,,,,,,,,,,,,,,,,,,,,,,,,,,,,,
874,Bongeunsa Station,Error,error,,,,,,,,,,,,,,,,,,,,,,,,,,,,,,
875,Bongeunsa Station,Error,error,,,,,,,,,,,,,,,,,,,,,,,,,,,,,,
876,Bongeunsa Station,Error,error,,,,,,,,,,,,,,,,,,,,,,,,,,,,,,
877,Bongeunsa Station,Error,error,,,,,,,,,,,,,,,,,,,,,,,,,,,,,,
878,Bongeunsa Station,Error,error,,,,,,,,,,,,,,,,,,,,,,,,,,,,,,
879,Bongeunsa Station,Error,error,,,,,,,,,,,,,,,,,,,,,,,,,,,,,,
880,Bongeunsa Station,Error,error,,,,,,,,,,,,,,,,,,,,,,,,,,,,,,
881,Bongeunsa Station,Error,error,,,,,,,,,,,,,,,,,,,,,,,,,,,,,,
882,Bongeunsa Station,Error,error,,,,,,,,,,,,,,,,,,,,,,,,,,,,,,
883,Bongeunsa Station,Error,error,,,,,,,,,,,,,,,,,,,,,,,,,,,,,,
884,Bongeunsa Station,Error,error,,,,,,,,,,,,,,,,,,,,,,,,,,,,,,
885,Bongeunsa Station,Error,error,,,,,,,,,,,,,,,,,,,,,,,,,,,,,,
886,Bongeunsa Station,Error,error,,,,,,,,,,,,,,,,,,,,,,,,,,,,,,
887,Bongeunsa Station,Error,error,,,,,,,,,,,,,,,,,,,,,,,,,,,,,,
888,Bongeunsa Station,Error,error,,,,,,,,,,,,,,,,,,,,,,,,,,,,,,
889,Bongeunsa Station,Error,error,,,,,,,,,,,,,,,,,,,,,,,,,,,,,,
890,Bongeunsa Station,Error,error,,,,,,,,,,,,,,,,,,,,,,,,,,,,,,
891,Bongeunsa Station,Error,error,,,,,,,,,,,,,,,,,,,,,,,,,,,,,,
892,Bongeunsa Station,Error,error,,,,,,,,,,,,,,,,,,,,,,,,,,,,,,
893,Bongeunsa Station,Error,error,,,,,,,,,,,,,,,,,,,,,,,,,,,,,,
894,Bongeunsa Station,Error,error,,,,,,,,,,,,,,,,,,,,,,,,,,,,,,
895,Bongeunsa Station,Error,error,,,,,,,,,,,,,,,,,,,,,,,,,,,,,,
896,Bongeunsa Station,Error,error,,,,,,,,,,,,,,,,,,,,,,,,,,,,,,
897,Bongeunsa Station,Error,error,,,,,,,,,,,,,,,,,,,,,,,,,,,,,,
898,Bongeunsa Station,Error,error,,,,,,,,,,,,,,,,,,,,,,,,,,,,,,
899,Bongeunsa Station,Error,error,,,,,,,,,,,,,,,,,,,,,,,,,,,,,,
900,Bongeunsa Station,Error,error,,,,,,,,,,,,,,,,,,,,,,,,,,,,,,
901,Bongeunsa Station,Error,error,,,,,,,,,,,,,,,,,,,,,,,,,,,,,,
902,Bongeunsa Station,Error,error,,,,,,,,,,,,,,,,,,,,,,,,,,,,,,
903,Bongeunsa Station,Error,error,,,,,,,,,,,,,,,,,,,,,,,,,,,,,,
904,Bongeunsa Station,Error,error,,,,,,,,,,,,,,,,,,,,,,,,,,,,,,
905,Bongeunsa Station,Error,error,,,,,,,,,,,,,,,,,,,,,,,,,,,,,,
906,Bongeunsa Station,Error,error,,,,,,,,,,,,,,,,,,,,,,,,,,,,,,
907,Bongeunsa Station,Error,error,,,,,,,,,,,,,,,,,,,,,,,,,,,,,,
908,Bongeunsa Station,Error,error,,,,,,,,,,,,,,,,,,,,,,,,,,,,,,
909,Bongeunsa Station,Error,error,,,,,,,,,,,,,,,,,,,,,,,,,,,,,,
910,Bongeunsa Station,Error,error,,,,,,,,,,,,,,,,,,,,,,,,,,,,,,
911,Bongeunsa Station,Error,error,,,,,,,,,,,,,,,,,,,,,,,,,,,,,,
912,Bongeunsa Station,Error,error,,,,,,,,,,,,,,,,,,,,,,,,,,,,,,
913,Bongeunsa Station,Error,error,,,,,,,,,,,,,,,,,,,,,,,,,,,,,,
914,Bongeunsa Station,Error,error,,,,,,,,,,,,,,,,,,,,,,,,,,,,,,
915,Bongeunsa Station,Error,error,,,,,,,,,,,,,,,,,,,,,,,,,,,,,,
916,Bongeunsa Station,Error,error,,,,,,,,,,,,,,,,,,,,,,,,,,,,,,
917,Bongeunsa Station,Error,error,,,,,,,,,,,,,,,,,,,,,,,,,,,,,,
918,Bongeunsa Station,Error,error,,,,,,,,,,,,,,,,,,,,,,,,,,,,,,
919,Bongeunsa Station,Error,error,,,,,,,,,,,,,,,,,,,,,,,,,,,,,,
920,Bongeunsa Station,Error,error,,,,,,,,,,,,,,,,,,,,,,,,,,,,,,
921,Bongeunsa Station,Error,error,,,,,,,,,,,,,,,,,,,,,,,,,,,,,,
922,Bongeunsa Station,Error,error,,,,,,,,,,,,,,,,,,,,,,,,,,,,,,
923,Bongeunsa Station,Error,error,,,,,,,,,,,,,,,,,,,,,,,,,,,,,,
924,Bongeunsa Station,Error,error,,,,,,,,,,,,,,,,,,,,,,,,,,,,,,
925,Bongeunsa Station,Error,error,,,,,,,,,,,,,,,,,,,,,,,,,,,,,,
926,Bongeunsa Station,Error,error,,,,,,,,,,,,,,,,,,,,,,,,,,,,,,
927,Bongeunsa Station,Error,error,,,,,,,,,,,,,,,,,,,,,,,,,,,,,,
928,Bongeunsa Station,Error,error,,,,,,,,,,,,,,,,,,,,,,,,,,,,,,
929,Bongeunsa Station,Error,error,,,,,,,,,,,,,,,,,,,,,,,,,,,,,,
930,Bongeunsa Station,Error,error,,,,,,,,,,,,,,,,,,,,,,,,,,,,,,
931,Bongeunsa Station,Error,error,,,,,,,,,,,,,,,,,,,,,,,,,,,,,,
932,Bongeunsa Station,Error,error,,,,,,,,,,,,,,,,,,,,,,,,,,,,,,
933,Bongeunsa Station,Error,error,,,,,,,,,,,,,,,,,,,,,,,,,,,,,,
934,Bongeunsa Station,Error,error,,,,,,,,,,,,,,,,,,,,,,,,,,,,,,
935,Bongeunsa Station,Error,error,,,,,,,,,,,,,,,,,,,,,,,,,,,,,,
936,Bongeunsa Station,Error,error,,,,,,,,,,,,,,,,,,,,,,,,,,,,,,
937,Bongeunsa Station,Error,error,,,,,,,,,,,,,,,,,,,,,,,,,,,,,,
938,Bongeunsa Station,Error,error,,,,,,,,,,,,,,,,,,,,,,,,,,,,,,
939,Bongeunsa Station,Error,error,,,,,,,,,,,,,,,,,,,,,,,,,,,,,,
940,Bongeunsa Station,Error,error,,,,,,,,,,,,,,,,,,,,,,,,,,,,,,
941,Bongeunsa Station,Error,error,,,,,,,,,,,,,,,,,,,,,,,,,,,,,,
942,Bongeunsa Station,Error,error,,,,,,,,,,,,,,,,,,,,,,,,,,,,,,
943,Bongeunsa Station,Error,error,,,,,,,,,,,,,,,,,,,,,,,,,,,,,,
944,Bongeunsa Station,Error,error,,,,,,,,,,,,,,,,,,,,,,,,,,,,,,
945,Bongeunsa Station,Error,error,,,,,,,,,,,,,,,,,,,,,,,,,,,,,,
946,Bongeunsa Station,Error,error,,,,,,,,,,,,,,,,,,,,,,,,,,,,,,
947,Bongeunsa Station,Error,error,,,,,,,,,,,,,,,,,,,,,,,,,,,,,,
948,Bongeunsa Station,Error,error,,,,,,,,,,,,,,,,,,,,,,,,,,,,,,
949,Bongeunsa Station,Error,error,,,,,,,,,,,,,,,,,,,,,,,,,,,,,,
950,Bongeunsa Station,Error,error,,,,,,,,,,,,,,,,,,,,,,,,,,,,,,
951,Bongeunsa Station,Error,error,,,,,,,,,,,,,,,,,,,,,,,,,,,,,,
952,Bongeunsa Station,Error,error,,,,,,,,,,,,,,,,,,,,,,,,,,,,,,
953,Bongeunsa Station,Error,error,,,,,,,,,,,,,,,,,,,,,,,,,,,,,,
954,Bongeunsa Station,Error,error,,,,,,,,,,,,,,,,,,,,,,,,,,,,,,
955,Bongeunsa Station,Error,error,,,,,,,,,,,,,,,,,,,,,,,,,,,,,,
956,Bongeunsa Station,Error,error,,,,,,,,,,,,,,,,,,,,,,,,,,,,,,
957,Bongeunsa Station,Error,error,,,,,,,,,,,,,,,,,,,,,,,,,,,,,,
958,Bongeunsa Station,Error,error,,,,,,,,,,,,,,,,,,,,,,,,,,,,,,
959,Bongeunsa Station,Error,error,,,,,,,,,,,,,,,,,,,,,,,,,,,,,,
960,Bongeunsa Station,Error,error,,,,,,,,,,,,,,,,,,,,,,,,,,,,,,
961,Bongeunsa Station,Error,error,,,,,,,,,,,,,,,,,,,,,,,,,,,,,,
962,Bongeunsa Station,Error,error,,,,,,,,,,,,,,,,,,,,,,,,,,,,,,
963,Bongeunsa Station,Error,error,,,,,,,,,,,,,,,,,,,,,,,,,,,,,,
964,Bongeunsa Station,Error,error,,,,,,,,,,,,,,,,,,,,,,,,,,,,,,
965,Bongeunsa Station,Error,error,,,,,,,,,,,,,,,,,,,,,,,,,,,,,,
966,Bongeunsa Station,Error,error,,,,,,,,,,,,,,,,,,,,,,,,,,,,,,
967,Bongeunsa Station,Error,error,,,,,,,,,,,,,,,,,,,,,,,,,,,,,,
968,Bongeunsa Station,Error,error,,,,,,,,,,,,,,,,,,,,,,,,,,,,,,
969,Bongeunsa Station,Error,error,,,,,,,,,,,,,,,,,,,,,,,,,,,,,,
970,Bongeunsa Station,Error,error,,,,,,,,,,,,,,,,,,,,,,,,,,,,,,
971,Bongeunsa Station,54주,금요일,신나는점심시간,봉은사역맛집,메트라이프,노블지점,골드팀,보험분석,보험리모델링,재무설계,장기저축,목돈만들기,상담문의,,,,,,,,,,,,,,,,,,,
972,Bongeunsa Station,54주,samseongdong,seoul,,,,,,,,,,,,,,,,,,,,,,,,,,,,,
973,Bongeunsa Station,54주,우삼겹스테이크,차돌박이스테이크,담백한고기,맥주생각난다,존맛탱,JMT,JMTGR,삼성동맛집,구한전길,봉은사역맛집,피자맛집,수제맥주대박,호가든,기네스흑맥주도팔아요,기네스흑맥주,대동강페일에일,에일맥주,라거,칭타오,이색감바스,코엑스근처맛집,,,,,,,,,,
974,Bongeunsa Station,55주,인기명,랍스타조개찜,조개찜,회식스타그램,봉은사역맛집,맛스타그램,랍스타,2차,,,,,,,,,,,,,,,,,,,,,,,
975,Bongeunsa Station,55주,삼성역,도심공항타워,밀밭,콩국수,,,,,,,,,,,,,,,,,,,,,,,,,,,
976,Bongeunsa Station,55주,,,,,,,,,,,,,,,,,,,,,,,,,,,,,,,
977,Bongeunsa Station,55주,국수세상,메밀막국수,8000원,삼성1동맛지도,혼밥,여름메뉴,막국수,맛집은아니고,그냥동네밥집,맛스타그램,먹스타그램,삼성동맛집,봉은사역맛집,국수집,메밀국수,그냥저냥먹을만,,,,,,,,,,,,,,,
978,Bongeunsa Station,55주,아빠난잘먹고있어,봉은사역맛집,봉은사맛집,올반,코엑스맛집,코엑스,직장인,직장스타그램,점심,먹방,먹방스타그램,먹스타그램,먹스타,맛스타그램,맛스타,맛있다,맛있다그램,푸드스타그램,일상,데일리,인친,소통,좋아요,인스타푸드,목요일,,,,,,
979,Bongeunsa Station,55주,8인치피자,수제맥주,봄날,대동강페일에일,스테이크감자튀김,비프감튀,목살감튀,자몽생맥주,통벌집꿀맥주,통벌집맥주,청포도생맥주,봉은사역맛집,삼성동맛집,코엑스근처맛집,고기는,달링스테이크봉은사역점,,,,,,,,,,,,,,,
980,Bongeunsa Station,55주,,,,,,,,,,,,,,,,,,,,,,,,,,,,,,,
981,Bongeunsa Station,55주,회사먹방,점심메뉴,회식메뉴,먹고싶지,먹스타그램,맛스타그램,먹스타,직장인,직장인스타그램,연안식당,꼬막비빔밥,보노보노삼성점,초밥,스시,한와담청담,한와담,한우살치살,한우꽃등심,선팔하면맞팔,먹스타맞팔,환영,봉은사역맛집,삼성역맛집,청담역맛집,코엑스맛집,,,,,,
982,Bongeunsa Station,55주,하동관,하동관곰탕,곰탕,코엑스몰맛집,코엑스몰,코엑스맛집,삼성역맛집,봉은사역맛집,food,foods,foodie,foodstagram,foodphotography,foodpic,koreanfood,coex,coexmall,,,,,,,,,,,,,,
983,Bongeunsa Station,55주,삐니점심,카페마마스,파니니,스프,스프맛집,코엑스맛집,코엑스카페,삼성역맛집,봉은사역맛집,,,,,,,,,,,,,,,,,,,,,,
984,Bongeunsa Station,55주,,,,,,,,,,,,,,,,,,,,,,,,,,,,,,,
985,Bongeunsa Station,55주,,,,,,,,,,,,,,,,,,,,,,,,,,,,,,,
986,Bongeunsa Station,55주,삼성역,한국돈거래소,두루치기,,,,,,,,,,,,,,,,,,,,,,,,,,,,
987,Bongeunsa Station,55주,생일주간,좋은사람들,피에프창스,피에프창코엑스점,코엑스,코엑스맛집,삼성역맛집,봉은사역맛집,서녕,중식,중식당맛집,스타필드맛집,생일파티,생파,먹방,먹스타그램,맛집그램,피에프창,먹방샷,foodstagram,foodie,instafood,happybirthday,,,,,,,,
988,Bongeunsa Station,55주,삼성역맛집,봉은사역맛집,백세주마을,비싼술,술도비싸고,안주도비싸고,법카찬스,사시통음주,이화주,내돈주고안먹어,,,,,,,,,,,,,,,,,,,,,
989,Bongeunsa Station,55주,,,,,,,,,,,,,,,,,,,,,,,,,,,,,,,
990,Bongeunsa Station,55주,,,,,,,,,,,,,,,,,,,,,,,,,,,,,,,
991,Bongeunsa Station,55주,,,,,,,,,,,,,,,,,,,,,,,,,,,,,,,
992,Bongeunsa Station,55주,고기스타그램,제주흑돼지,근고기,돼지고기,돼지고기맛집,최고의돼지고기를찾아서,삼성동핫플,삼성동그램,삼성동맛집,삼성역,직장인,삼성동그램,봉은사역맛집,삼성역맛집,맛집탐방,지글지글,고기굽는소리,돈주는남자,돈주남,목살맛집,회사동료,,,,,,,,,,
993,Bongeunsa Station,55주,,,,,,,,,,,,,,,,,,,,,,,,,,,,,,,
994,Bongeunsa Station,55주,코엑스,피맥,더플레이스,치어스,맛스타그램,더플레이스코엑스,델리지오소,tasteofmilano,이탈리안맛집,코엑스맛집,삼성동맛집,봉은사역맛집,피자맛집,낮맥,,,,,,,,,,,,,,,,,
995,Bongeunsa Station,55주,,,,,,,,,,,,,,,,,,,,,,,,,,,,,,,
996,Bongeunsa Station,55주,아빠난잘먹고있어,봉은사역맛집,봉은사맛집,목포할매집,직장인,직장스타그램,점심,먹방,먹방스타그램,먹스타그램,먹스타,맛스타그램,맛스타,맛있다,맛있다그램,푸드스타그램,일상,데일리,인친,소통,좋아요,인스타푸드,목요일,,,,,,,,
997,Bongeunsa Station,Error,error,,,,,,,,,,,,,,,,,,,,,,,,,,,,,,
998,Bongeunsa Station,56주,,,,,,,,,,,,,,,,,,,,,,,,,,,,,,,
999,Bongeunsa Station,56주,,,,,,,,,,,,,,,,,,,,,,,,,,,,,,,
