,station,date,1,2,3,4,5,6,7,8,9,10,11,12,13,14,15,16,17,18,19,20,21,22,23,24,25,26,27,28,29,30
0,Gubanpo Station,Error,error,,,,,,,,,,,,,,,,,,,,,,,,,,,,,
1,Gubanpo Station,167주,먹방,먹스타,먹스타그램,맛스타,맛스타그램,맛집탐방,맛집투어,맛집,구반포맛집,구반포역맛집,반포,용두산,대창,대창구이,특양구이,대창맛집,맥켈란,고기스타그램,소주한잔,일상,일상스타그램,술한잔,,,,,,,,
2,Gubanpo Station,18주,무침만두,떡볶이,떡볶이맛집,즉석떡볶이,즉석떡볶이맛집,무침만두맛집,애플하우스무침만두,순대볶음,애플하우스순대볶음,수요미식회,수요미식회맛집,수요미식회학교앞떡볶이,수요미식회학교앞떡볶이편,반포,반포맛집,반포동,반포동맛집,구반포,구반포맛집,구반포역,구반포역맛집,안맛집스타그램,,,,,,,,
3,Gubanpo Station,5주,궁금한,애플하우스,,,,,,,,,,,,,,,,,,,,,,,,,,,,
4,Gubanpo Station,8주,먹스타그램,구반포역맛집,미소의집,즉석떡볶이,튀김순대,양념만두,어릴적학교앞에서파는맛,맛있다,yummy,,,,,,,,,,,,,,,,,,,,,
5,Gubanpo Station,12주,소통그램,소통합시다,맞팔대환영,소통좋아요,맞팔그램,선팔후맞팔,일상,맞팔스타그램,일상사진,맞팔가요,일상그램,맞팔100,맞팔,소통,선팔하면맞팔,인스타일상,맞팔하자,선팔은곧맞팔,선팔맞팔환영,소통환영,소통하자,맞팔선팔,맞팔환영,맞팔해,소소한일상,일상스타그램,맞팔로우,구반포역맛집,개신동,부천맛집
6,Gubanpo Station,37주,,,,,,,,,,,,,,,,,,,,,,,,,,,,,,
7,Gubanpo Station,65주,와인뷔페,카페람베리,무제한와인,와인바,브런치카페,방배동카페,방배동맛집,방배동,구반포역,구반포맛집,구반포역맛집,구반포역술집,구반포역카페,구반포카페,구반포술집,구반포역와인뷔페,구반포역와인바,크림파스타,크로크무슈,베죠타하몽크림파스타,크로크마담,방배동커피,,,,,,,,
8,Gubanpo Station,2주,선팔후맞팔,일상그램,맞팔좋아요,일상스타그램,맞팔하면선팔,소통,소통환영,소소한행복,맞팔해,소소한일상,맞팔댓,선팔하면맞팔,소통그램,데일리,소통해요,맞팔은댓글로,일상기록,맞팔환영해요,선맞팔,일상소통,맞팔해요,소통좋아요,맞팔하자,맞팔그램,맞팔환영,맞팔은댓,댓글소통,구반포역맛집,동원참치,
9,Gubanpo Station,0주,반포,구반포,구반포역카페,반포맛집,구반포역맛집,파리크라상,파리크리상반포점,반포빵집,빵맛집,먹스타그램,카페,빵카페,카페스타그램,빵스타그램,카페추천,빵집추천,서초구카페,여기가맛집,케이크맛집,터미널근처맛집,전화번호,0234789415,배달가능,사전예약,전화주문환영,해피오더,배민,요기요,쿠팡이츠,
10,Gubanpo Station,0주,미소의집,,,,,,,,,,,,,,,,,,,,,,,,,,,,,
11,Gubanpo Station,0주,구반포역,구반포역맛집,애플하우스,떡볶이,떡볶이맛집,먹스타그램,맛집스타그램,,,,,,,,,,,,,,,,,,,,,,,
12,Gubanpo Station,1주,,,,,,,,,,,,,,,,,,,,,,,,,,,,,,
13,Gubanpo Station,1주,반포,구반포,구반포역카페,반포맛집,구반포역맛집,파리크라상,파리크리상반포점,반포빵집,빵맛집,먹스타그램,카페,빵카페,카페스타그램,빵스타그램,카페추천,빵집추천,서초구카페,여기가맛집,케이크맛집,터미널근처맛집,전화번호,0234789415,배달가능,사전예약,전화주문환영,해피오더,배민,요기요,쿠팡이츠,
14,Gubanpo Station,1주,삼계탕마을,삼대째맛집,구반포역맛집,국물이걸쭉,제대로된맛집이네,단일메뉴의위엄,찐맛집,여름대비,삼계탕으로몸보신,,,,,,,,,,,,,,,,,,,,,
15,Gubanpo Station,1주,애플하우스,무침만두,,,,,,,,,,,,,,,,,,,,,,,,,,,,
16,Gubanpo Station,1주,애플하우스,,,,,,,,,,,,,,,,,,,,,,,,,,,,,
17,Gubanpo Station,1주,구반포맛집,애플하우스,무침군만두,김치볶음밥,,,,,,,,,,,,,,,,,,,,,,,,,,
18,Gubanpo Station,1주,미소의집,구반포역맛집,허름한간판에서느껴지는,맛집의포스,레알찐맛집,내가좋아하는맛,양념만두,순대튀김,별거아니게생겼는데,디게맛있네,짱짱추천합니당,,,,,,,,,,,,,,,,,,,
19,Gubanpo Station,1주,방배동맛집,방배동술집,구반포역맛집,이수역술집,총신대입구역맛집,내방역맛집,내방역술집,,,,,,,,,,,,,,,,,,,,,,,
20,Gubanpo Station,1주,반포,구반포,구반포역카페,반포맛집,구반포역맛집,파리크라상,파리크리상반포점,반포빵집,빵맛집,먹스타그램,카페,빵카페,카페스타그램,빵스타그램,카페추천,빵집추천,서초구카페,여기가맛집,케이크맛집,터미널근처맛집,전화번호,0234789415,배달가능,사전예약,전화주문환영,해피오더,배민,요기요,쿠팡이츠,
21,Gubanpo Station,1주,미소의집,튀김순대,떡볶이,무침만두,구반포역,구반포역맛집,튀김순대맛집,편스토랑,먹스타그램,솔직후기,맛스타그램,음식스타그램,먹스타,foodstagram,foodie,먹방,instafood,맛집,맛집추천,,,,,,,,,,,
22,Gubanpo Station,2주,문닫기전에가봐야할식당,구반포맛집,반포맛집,우리동네맛집,골목식당,반포수제비,반포집,수제비,메뉴는하나,줄서는집,단골집,수제비맛집,구반포역맛집,,,,,,,,,,,,,,,,,
23,Gubanpo Station,2주,먹방캐슬,먹방,맛집,mukbang,음식,대치캐슬,대치캐슬스포츠아카데미,반포동,반포맛집추천,동도참치,참치회덮밥,회,참치,구반포역맛집,,,,,,,,,,,,,,,,
24,Gubanpo Station,2주,먹방캐슬,먹방,맛집,mukbang,음식,대치캐슬,대치캐슬스포츠아카데미,반포동,반포맛집추천,동도참치,참치회덮밥,회,참치,구반포역맛집,,,,,,,,,,,,,,,,
25,Gubanpo Station,2주,반포,구반포,구반포역카페,반포맛집,구반포역맛집,파리크라상,파리크리상반포점,반포빵집,빵맛집,먹스타그램,카페,빵카페,카페스타그램,빵스타그램,카페추천,빵집추천,서초구카페,여기가맛집,케이크맛집,터미널근처맛집,전화번호,0234789415,배달가능,사전예약,전화주문환영,해피오더,배민,요기요,쿠팡이츠,
26,Gubanpo Station,2주,전주집,구반포역맛집,코다리찜,매콤한게땡기는날,좋은날,좋아요,헬요일빠샤,잘될건같은나,생각대로되는나,,,,,,,,,,,,,,,,,,,,,
27,Gubanpo Station,2주,,,,,,,,,,,,,,,,,,,,,,,,,,,,,,
28,Gubanpo Station,2주,먹방캐슬,먹방,맛집,mukbang,음식,대치캐슬,대치캐슬스포츠아카데미,반포동,반포맛집추천,동도참치,참치회덮밥,회,참치,구반포역맛집,,,,,,,,,,,,,,,,
29,Gubanpo Station,2주,떡볶이,맛집,,,,,,,,,,,,,,,,,,,,,,,,,,,,
30,Gubanpo Station,2주,맛집탐방,먹스타그램,반포맛집,서초맛집,두부보쌈,구반포역맛집,구반포맛집,점심메뉴추천,,,,,,,,,,,,,,,,,,,,,,
31,Gubanpo Station,2주,반포,구반포,구반포역카페,반포맛집,구반포역맛집,파리크라상,파리크리상반포점,반포빵집,빵맛집,먹스타그램,카페,빵카페,카페스타그램,빵스타그램,카페추천,빵집추천,서초구카페,여기가맛집,케이크맛집,터미널근처맛집,전화번호,0234789415,배달가능,사전예약,전화주문환영,해피오더,배민,요기요,쿠팡이츠,
32,Gubanpo Station,Error,error,,,,,,,,,,,,,,,,,,,,,,,,,,,,,
33,Gubanpo Station,Error,error,,,,,,,,,,,,,,,,,,,,,,,,,,,,,
34,Gubanpo Station,Error,error,,,,,,,,,,,,,,,,,,,,,,,,,,,,,
35,Gubanpo Station,Error,error,,,,,,,,,,,,,,,,,,,,,,,,,,,,,
36,Gubanpo Station,Error,error,,,,,,,,,,,,,,,,,,,,,,,,,,,,,
37,Gubanpo Station,Error,error,,,,,,,,,,,,,,,,,,,,,,,,,,,,,
38,Gubanpo Station,Error,error,,,,,,,,,,,,,,,,,,,,,,,,,,,,,
39,Gubanpo Station,Error,error,,,,,,,,,,,,,,,,,,,,,,,,,,,,,
40,Gubanpo Station,Error,error,,,,,,,,,,,,,,,,,,,,,,,,,,,,,
41,Gubanpo Station,Error,error,,,,,,,,,,,,,,,,,,,,,,,,,,,,,
42,Gubanpo Station,Error,error,,,,,,,,,,,,,,,,,,,,,,,,,,,,,
43,Gubanpo Station,Error,error,,,,,,,,,,,,,,,,,,,,,,,,,,,,,
44,Gubanpo Station,Error,error,,,,,,,,,,,,,,,,,,,,,,,,,,,,,
45,Gubanpo Station,Error,error,,,,,,,,,,,,,,,,,,,,,,,,,,,,,
46,Gubanpo Station,Error,error,,,,,,,,,,,,,,,,,,,,,,,,,,,,,
47,Gubanpo Station,Error,error,,,,,,,,,,,,,,,,,,,,,,,,,,,,,
48,Gubanpo Station,Error,error,,,,,,,,,,,,,,,,,,,,,,,,,,,,,
49,Gubanpo Station,Error,error,,,,,,,,,,,,,,,,,,,,,,,,,,,,,
50,Gubanpo Station,Error,error,,,,,,,,,,,,,,,,,,,,,,,,,,,,,
51,Gubanpo Station,Error,error,,,,,,,,,,,,,,,,,,,,,,,,,,,,,
52,Gubanpo Station,Error,error,,,,,,,,,,,,,,,,,,,,,,,,,,,,,
53,Gubanpo Station,Error,error,,,,,,,,,,,,,,,,,,,,,,,,,,,,,
54,Gubanpo Station,Error,error,,,,,,,,,,,,,,,,,,,,,,,,,,,,,
55,Gubanpo Station,Error,error,,,,,,,,,,,,,,,,,,,,,,,,,,,,,
56,Gubanpo Station,Error,error,,,,,,,,,,,,,,,,,,,,,,,,,,,,,
57,Gubanpo Station,Error,error,,,,,,,,,,,,,,,,,,,,,,,,,,,,,
58,Gubanpo Station,Error,error,,,,,,,,,,,,,,,,,,,,,,,,,,,,,
59,Gubanpo Station,Error,error,,,,,,,,,,,,,,,,,,,,,,,,,,,,,
60,Gubanpo Station,Error,error,,,,,,,,,,,,,,,,,,,,,,,,,,,,,
61,Gubanpo Station,Error,error,,,,,,,,,,,,,,,,,,,,,,,,,,,,,
62,Gubanpo Station,Error,error,,,,,,,,,,,,,,,,,,,,,,,,,,,,,
63,Gubanpo Station,Error,error,,,,,,,,,,,,,,,,,,,,,,,,,,,,,
64,Gubanpo Station,Error,error,,,,,,,,,,,,,,,,,,,,,,,,,,,,,
65,Gubanpo Station,Error,error,,,,,,,,,,,,,,,,,,,,,,,,,,,,,
66,Gubanpo Station,Error,error,,,,,,,,,,,,,,,,,,,,,,,,,,,,,
67,Gubanpo Station,Error,error,,,,,,,,,,,,,,,,,,,,,,,,,,,,,
68,Gubanpo Station,Error,error,,,,,,,,,,,,,,,,,,,,,,,,,,,,,
69,Gubanpo Station,Error,error,,,,,,,,,,,,,,,,,,,,,,,,,,,,,
70,Gubanpo Station,Error,error,,,,,,,,,,,,,,,,,,,,,,,,,,,,,
71,Gubanpo Station,Error,error,,,,,,,,,,,,,,,,,,,,,,,,,,,,,
72,Gubanpo Station,Error,error,,,,,,,,,,,,,,,,,,,,,,,,,,,,,
73,Gubanpo Station,Error,error,,,,,,,,,,,,,,,,,,,,,,,,,,,,,
74,Gubanpo Station,Error,error,,,,,,,,,,,,,,,,,,,,,,,,,,,,,
75,Gubanpo Station,Error,error,,,,,,,,,,,,,,,,,,,,,,,,,,,,,
76,Gubanpo Station,Error,error,,,,,,,,,,,,,,,,,,,,,,,,,,,,,
77,Gubanpo Station,Error,error,,,,,,,,,,,,,,,,,,,,,,,,,,,,,
78,Gubanpo Station,Error,error,,,,,,,,,,,,,,,,,,,,,,,,,,,,,
79,Gubanpo Station,Error,error,,,,,,,,,,,,,,,,,,,,,,,,,,,,,
80,Gubanpo Station,Error,error,,,,,,,,,,,,,,,,,,,,,,,,,,,,,
81,Gubanpo Station,Error,error,,,,,,,,,,,,,,,,,,,,,,,,,,,,,
82,Gubanpo Station,Error,error,,,,,,,,,,,,,,,,,,,,,,,,,,,,,
83,Gubanpo Station,Error,error,,,,,,,,,,,,,,,,,,,,,,,,,,,,,
84,Gubanpo Station,Error,error,,,,,,,,,,,,,,,,,,,,,,,,,,,,,
85,Gubanpo Station,Error,error,,,,,,,,,,,,,,,,,,,,,,,,,,,,,
86,Gubanpo Station,Error,error,,,,,,,,,,,,,,,,,,,,,,,,,,,,,
87,Gubanpo Station,Error,error,,,,,,,,,,,,,,,,,,,,,,,,,,,,,
88,Gubanpo Station,Error,error,,,,,,,,,,,,,,,,,,,,,,,,,,,,,
89,Gubanpo Station,Error,error,,,,,,,,,,,,,,,,,,,,,,,,,,,,,
90,Gubanpo Station,Error,error,,,,,,,,,,,,,,,,,,,,,,,,,,,,,
91,Gubanpo Station,Error,error,,,,,,,,,,,,,,,,,,,,,,,,,,,,,
92,Gubanpo Station,Error,error,,,,,,,,,,,,,,,,,,,,,,,,,,,,,
93,Gubanpo Station,Error,error,,,,,,,,,,,,,,,,,,,,,,,,,,,,,
94,Gubanpo Station,Error,error,,,,,,,,,,,,,,,,,,,,,,,,,,,,,
95,Gubanpo Station,Error,error,,,,,,,,,,,,,,,,,,,,,,,,,,,,,
96,Gubanpo Station,Error,error,,,,,,,,,,,,,,,,,,,,,,,,,,,,,
97,Gubanpo Station,Error,error,,,,,,,,,,,,,,,,,,,,,,,,,,,,,
98,Gubanpo Station,Error,error,,,,,,,,,,,,,,,,,,,,,,,,,,,,,
99,Gubanpo Station,Error,error,,,,,,,,,,,,,,,,,,,,,,,,,,,,,
100,Gubanpo Station,Error,error,,,,,,,,,,,,,,,,,,,,,,,,,,,,,
101,Gubanpo Station,Error,error,,,,,,,,,,,,,,,,,,,,,,,,,,,,,
102,Gubanpo Station,Error,error,,,,,,,,,,,,,,,,,,,,,,,,,,,,,
103,Gubanpo Station,Error,error,,,,,,,,,,,,,,,,,,,,,,,,,,,,,
104,Gubanpo Station,Error,error,,,,,,,,,,,,,,,,,,,,,,,,,,,,,
105,Gubanpo Station,Error,error,,,,,,,,,,,,,,,,,,,,,,,,,,,,,
106,Gubanpo Station,Error,error,,,,,,,,,,,,,,,,,,,,,,,,,,,,,
107,Gubanpo Station,Error,error,,,,,,,,,,,,,,,,,,,,,,,,,,,,,
108,Gubanpo Station,Error,error,,,,,,,,,,,,,,,,,,,,,,,,,,,,,
109,Gubanpo Station,Error,error,,,,,,,,,,,,,,,,,,,,,,,,,,,,,
110,Gubanpo Station,Error,error,,,,,,,,,,,,,,,,,,,,,,,,,,,,,
111,Gubanpo Station,Error,error,,,,,,,,,,,,,,,,,,,,,,,,,,,,,
112,Gubanpo Station,Error,error,,,,,,,,,,,,,,,,,,,,,,,,,,,,,
113,Gubanpo Station,Error,error,,,,,,,,,,,,,,,,,,,,,,,,,,,,,
114,Gubanpo Station,Error,error,,,,,,,,,,,,,,,,,,,,,,,,,,,,,
115,Gubanpo Station,Error,error,,,,,,,,,,,,,,,,,,,,,,,,,,,,,
116,Gubanpo Station,Error,error,,,,,,,,,,,,,,,,,,,,,,,,,,,,,
117,Gubanpo Station,Error,error,,,,,,,,,,,,,,,,,,,,,,,,,,,,,
118,Gubanpo Station,Error,error,,,,,,,,,,,,,,,,,,,,,,,,,,,,,
119,Gubanpo Station,Error,error,,,,,,,,,,,,,,,,,,,,,,,,,,,,,
120,Gubanpo Station,Error,error,,,,,,,,,,,,,,,,,,,,,,,,,,,,,
121,Gubanpo Station,Error,error,,,,,,,,,,,,,,,,,,,,,,,,,,,,,
122,Gubanpo Station,Error,error,,,,,,,,,,,,,,,,,,,,,,,,,,,,,
123,Gubanpo Station,Error,error,,,,,,,,,,,,,,,,,,,,,,,,,,,,,
124,Gubanpo Station,Error,error,,,,,,,,,,,,,,,,,,,,,,,,,,,,,
125,Gubanpo Station,Error,error,,,,,,,,,,,,,,,,,,,,,,,,,,,,,
126,Gubanpo Station,Error,error,,,,,,,,,,,,,,,,,,,,,,,,,,,,,
127,Gubanpo Station,Error,error,,,,,,,,,,,,,,,,,,,,,,,,,,,,,
128,Gubanpo Station,Error,error,,,,,,,,,,,,,,,,,,,,,,,,,,,,,
129,Gubanpo Station,Error,error,,,,,,,,,,,,,,,,,,,,,,,,,,,,,
130,Gubanpo Station,Error,error,,,,,,,,,,,,,,,,,,,,,,,,,,,,,
131,Gubanpo Station,Error,error,,,,,,,,,,,,,,,,,,,,,,,,,,,,,
132,Gubanpo Station,Error,error,,,,,,,,,,,,,,,,,,,,,,,,,,,,,
133,Gubanpo Station,Error,error,,,,,,,,,,,,,,,,,,,,,,,,,,,,,
134,Gubanpo Station,Error,error,,,,,,,,,,,,,,,,,,,,,,,,,,,,,
135,Gubanpo Station,Error,error,,,,,,,,,,,,,,,,,,,,,,,,,,,,,
136,Gubanpo Station,38주,방배동맛집,방배동카페거리맛집,구반포역맛집,강남브런치,서래마을맛집,서래마을브런치,와인무제한,와인부페,강남와인무제한,강남모임장소,,,,,,,,,,,,,,,,,,,,
137,Gubanpo Station,39주,강남데판야끼,강남데이트장소,서래마을맛집,구반포역맛집,방배동맛집,방배카페골목맛집,데판야끼맛집,강남철판구이,,,,,,,,,,,,,,,,,,,,,,
138,Gubanpo Station,39주,강남브런치맛집,강남와인무제한,구반포역맛집,방배동맛집,방배동카페거리맛집,방배동카페,서래마을맛집,강남데이트,강남와인무제한,와인부페,,,,,,,,,,,,,,,,,,,,
139,Gubanpo Station,39주,반포맛집,구반포역맛집,반포정낙지,정낙지,낙지볶음,매운낙지볶음,,,,,,,,,,,,,,,,,,,,,,,,
140,Gubanpo Station,40주,강남브런치맛집,강남데이트,강남와인무제한,방배동카페,방배동맛집,구반포역맛집,방배동카페거리맛집,강남모임장소,,,,,,,,,,,,,,,,,,,,,,
141,Gubanpo Station,41주,방배동맛집,방배동카페거리맛집,방배동중국집,강남중국집,중국집맛집,강남모임장소,구반포역맛집,구반포역중국집,,,,,,,,,,,,,,,,,,,,,,
142,Gubanpo Station,42주,6,,,,,,,,,,,,,,,,,,,,,,,,,,,,,
143,Gubanpo Station,42주,방배동맛집,구반포역맛집,강남데판야끼,강남데이트장소,동작역맛집,,,,,,,,,,,,,,,,,,,,,,,,,
144,Gubanpo Station,42주,방배동맛집,중국집맛집,강남중국집,구반포역맛집,방배동카페거리맛집,방배동중국집,,,,,,,,,,,,,,,,,,,,,,,,
145,Gubanpo Station,42주,애플하우스,반포동맛집,구반포역맛집,강남맛집,강남떡볶이,반포애플하우스,떡볶이맛집,즉석떡볶이맛집,무침만두,서울떡볶이맛집,떡볶이,즉석떡볶이,수요미식회,맛뉴픽,맛집뉴스,맛뉴,맛뉴,,,,,,,,,,,,,
146,Gubanpo Station,43주,방배동맛집,중국집맛집,강남중국집,구반포역맛집,구반포역중국집,,,,,,,,,,,,,,,,,,,,,,,,,
147,Gubanpo Station,43주,반포맛집,고속터미널맛집,피자맛집,신반포맛집,구반포맛집,리틀크레이지피자,구반포역맛집,,,,,,,,,,,,,,,,,,,,,,,
148,Gubanpo Station,43주,반포동맛집,구반포역맛집,강남맛집,강남떡볶이,애플하우스,반포애플하우스,떡볶이맛집,즉석떡볶이맛집,무침만두,서울떡볶이맛집,떡볶이,즉석떡볶이,,,,,,,,,,,,,,,,,,
149,Gubanpo Station,44주,방배동맛집,방배동카페거리맛집,방배동중국집,구반포역맛집,중국집맛집,,,,,,,,,,,,,,,,,,,,,,,,,
150,Gubanpo Station,44주,중새우크림소스,파크루안방배점,중국집맛집,방배동맛집,구반포역맛집,,,,,,,,,,,,,,,,,,,,,,,,,
151,Gubanpo Station,44주,방배동맛집,구반포역맛집,강남중국집,중국집맛집,빙배동카페골목맛집,,,,,,,,,,,,,,,,,,,,,,,,,
152,Gubanpo Station,44주,방배동맛집,방배동카페,구반포역맛집,강남카페,서래마을브런치,,,,,,,,,,,,,,,,,,,,,,,,,
153,Gubanpo Station,45주,파데드캄파뉴,와인부페,안주메뉴,방배동맛집,구반포역맛집,강남와인무제한,강남브런치맛집,,,,,,,,,,,,,,,,,,,,,,,
154,Gubanpo Station,48주,카페람베리,커피마님,방배동카페골목,방배동카페,구반포역맛집,,,,,,,,,,,,,,,,,,,,,,,,,
155,Gubanpo Station,49주,도마,doma,구반포역맛집,구반포역파스타,구반포역도마,구반포역doma,반포맛집,구반포맛집,치즈피자,버섯크림파스타,토마토리조또,명란크림파스타,마리나라,오징어먹물리조또,뽀모도로,,,,,,,,,,,,,,,
156,Gubanpo Station,49주,구반포역맛집,김치카츠나베,피자알볼로,핫치킨쉬림프골드피자,존맛탱,맛스타그램,먹스타그램,일상,daily,,,,,,,,,,,,,,,,,,,,,
157,Gubanpo Station,49주,집밥스타그램,맞벌이부부,떡볶이맛집,구반포역처음와봄,애플하우스웨이팅중,무조건선불앉자마자바로나옴,구반포역맛집,수요미식회떡볶이편,추억의즉떡,맛있음,,,,,,,,,,,,,,,,,,,,
158,Gubanpo Station,51주,애플하우스,무침만두,구반포역,구반포역맛집,반포맛집,,,,,,,,,,,,,,,,,,,,,,,,,
159,Gubanpo Station,51주,떡볶이,애플하우스,애플하우스떡볶이,즉석떡볶이,무침만두,맛집,구반포역맛집,먹스타그램,먹방,먹부림,,,,,,,,,,,,,,,,,,,,
160,Gubanpo Station,51주,반포동,구반포역,구반포맛집,구반포역맛집,리틀크레이지피자,,,,,,,,,,,,,,,,,,,,,,,,,
161,Gubanpo Station,52주,스마일포장마차,구반포역맛집,묵은지닭볶음탕,이새벽에,먹고싶네이게또,야식없는새벽,잔인한새벽,,,,,,,,,,,,,,,,,,,,,,,
162,Gubanpo Station,52주,그릴퀴진,목살,bluemoonbeer,갈비찜,서울서초구맛집,방배동맛집,방배동카페골목맛집,구반포역맛집,동작역맛집,,,,,,,,,,,,,,,,,,,,,
163,Gubanpo Station,53주,구반포맛집,생활맥주,생활맥주구반포역점,생활맥주5주년,스페인정통하몽샐러드,구반포치맥,구반포역맛집,반포동치맥,구반포역수제맥주,반포맥주,반포맛집,카페골목맛집,방배맛집,동작역맛집,신메뉴,하몽,샐러드,jamon,salad,,,,,,,,,,,
164,Gubanpo Station,53주,김치볶음밥,잔치국수,무침만두,서울,서울맛집,반포,반포맛집,구반포,구반포맛집,구반포역맛집,분식,분식맛집,떡볶이맛집,만두맛집,애플하우스,구반포떡볶이,구반포애플하우스,맛스타그램,먹스타그램,먹방스타그램,분식스타그램,만두스타그램,foodie,foodstagrams,instafood,instafoodie,applehouse,koreanfood,,
165,Gubanpo Station,54주,구반포역맛집,떡볶이,따릉이,자전거,한강,날씨,weather,노량진,회,재채기,23,97,daily,,,,,,,,,,,,,,,,,
166,Gubanpo Station,55주,,,,,,,,,,,,,,,,,,,,,,,,,,,,,,
167,Gubanpo Station,56주,구반포역맛집,애플하우스,무침만두,무침군만두,즉석떡볶이,맛저,jmt,jmtgr,,,,,,,,,,,,,,,,,,,,,,
168,Gubanpo Station,56주,반포맛집추천,구반포역맛집,동도참치초밥,,,,,,,,,,,,,,,,,,,,,,,,,,,
169,Gubanpo Station,56주,쁨슐랭,쁨슐랭가이드,무침만두,순대볶음,비빔무침만두,떡볶이맛집,즉석떡볶이맛집,애플하우스,구반포맛집,구반포역맛집,수요미식회맛집,식신로드맛집,박종근과자점,,,,,,,,,,,,,,,,,
170,Gubanpo Station,56주,서울에서,구반포,구반포맛집,구반포역맛집,반포맛집,순두부,순두부맛집,두부맛집,두부음식점,맷돌로만,두부김치,순두부정식,동동주한잔,,,,,,,,,,,,,,,,,
171,Gubanpo Station,58주,,,,,,,,,,,,,,,,,,,,,,,,,,,,,,
172,Gubanpo Station,58주,구반포역맛집,왕금성,맛나다요,삼선볶음밥,,,,,,,,,,,,,,,,,,,,,,,,,,
173,Gubanpo Station,59주,주말저녁,서울맛집,떡볶이,즉석떡볶이,떡볶이맛집,수요미식회떡볶이,반포맛집,구반포역맛집,애플하우스,무침군만두,볶음밥,맛스타그램,먹스타그램,먹방,food,foodstagram,foodie,ddeokbokki,mandoo,daily,f4f,,,,,,,,,
174,Gubanpo Station,59주,구반포역맛집,애플하우스,분식,분식맛집,즉석떡볶이맛집,,,,,,,,,,,,,,,,,,,,,,,,,
175,Gubanpo Station,61주,repost,와인뷔페,카페람베리,무제한와인,와인바,브런치카페,방배동카페,방배동맛집,방배동,구반포역,구반포맛집,구반포역맛집,구반포역술집,구반포역카페,구반포카페,구반포술집,구반포역와인뷔페,구반포역와인바,크림파스타,크로크무슈,베죠타하몽크림파스타,크로크마담,방배동커피,,,,,,,
176,Gubanpo Station,63주,구반포역,수요미식회,즉석떡볶이집,애플하우스,soso,굿굿,무침군만두,지금까지이런맛은없었다,양념치킨인가,군만두인가,백수생활즐기기,서울맛집,seoul,구반포맛집,구반포역맛집,,,,,,,,,,,,,,,
177,Gubanpo Station,63주,애플하우스,떡볶이,무침군만두,즉석떡볶이,구반포역맛집,점심시간,줄서서먹음,오랜만에쌤들이랑,빨리헤어져서아쉽,그래두,좋아요,,,,,,,,,,,,,,,,,,,
178,Gubanpo Station,64주,구반포역맛집,애플하우스,분식맛집,즉석떡볶이,무침만두,김치볶음밥,순대볶음,먹스타그램,맛스타그램,데일리,일상,,,,,,,,,,,,,,,,,,,
179,Gubanpo Station,64주,카페람베리,구반포역맛집,와인,람베리,와인뷔페,방배동맛집,방배동술집,,,,,,,,,,,,,,,,,,,,,,,
180,Gubanpo Station,64주,먹스타그램,애플하우스,즉석떡볶이,구반포역맛집,무침만두,,,,,,,,,,,,,,,,,,,,,,,,,
181,Gubanpo Station,64주,애플하우스,구반포역,애플하우스떡볶이,애플하우스무침만두,애플하우스만두,구반포역맛집,무침만두,즉석떡볶이,,,,,,,,,,,,,,,,,,,,,,
182,Gubanpo Station,65주,구반포역맛집,애플하우스,무침군만두,무침만두,즉석떡볶이,jmt,jmtgr,맛저,맛스타그램,먹스타그램,,,,,,,,,,,,,,,,,,,,
183,Gubanpo Station,65주,애플하우스,애플하우스떡볶이,즉석떡볶이,라면쫄면사리,무침군만두,볶음밥,구반포역,구반포역떡볶이,구반포역맛집,구반포역떡볶이,떡볶이맛집,떡볶이,삶은달걀추가,볶음밥필수,군만두맛있다,수요미식회,수요미식회떡볶이,즉석떡볶이맛집,,,,,,,,,,,,
184,Gubanpo Station,65주,아이언펍,내일신문,우리동네한잔하기좋은곳,서초구,구반포맛집,구반포역맛집,동작역맛집,아이언키친,,,,,,,,,,,,,,,,,,,,,,
185,Gubanpo Station,66주,내사랑,김치,애플하우스,떡볶이,무침군만두,김치볶음밥,너무맛있당,순대볶음,반포,분식,반포맛집,떡볶이,분식맛집,수요미식회,즉석떡볶이맛집,식신로드맛집,20년단골,분식집,세화여고떡볶이,구반포역맛집,떡볶이추천,맛스타그램,먹스타그램,혼밥스타그램,Kimchi,KimchiFriedRice,Foodstagram,KoreanFood,Dumpling,Yummy
186,Gubanpo Station,67주,코다리정식,구반포역맛집,,,,,,,,,,,,,,,,,,,,,,,,,,,,
187,Gubanpo Station,67주,구반포역맛집,미소의집,떡볶이,튀김양념만두,냠냠,돼지런,일상,부부의일상,부부스타그램,부부의주말,,,,,,,,,,,,,,,,,,,,
188,Gubanpo Station,68주,카페람베리,방배동맛집,방배동카페,구반포역맛집,,,,,,,,,,,,,,,,,,,,,,,,,,
189,Gubanpo Station,68주,구반포역맛집,리틀크레이지피자,치즈브레드,4000원,존맛탱탱탱,최애,가성비,불평불만,까칠,연남동,위장병,혼밥,혼술,혼자놀기,맛없는집은,가난,가난뱅이,찌질이,백수생활백서,구질구질,럭셔리라이프,,,,,,,,,
190,Gubanpo Station,69주,구반포맛집,애플하우스,맛스타그램,먹스타그램,f4f,foodie,foodporn,존맛,존맛탱,jmt,jmtgr,daily,떡볶이,즉석떡볶이,반포주공맛집,구반포역맛집,즉석떡볶이맛집,무침군만두,applehouse,tteokbokki,,,,,,,,,,
191,Gubanpo Station,70주,수요미식회,애플하우스,즉석떡볶이,무침군만두,JMT,먹스타,먹스타그램,맛스타,맛스타그램,일상,일상스타그램,맛집,맛집스타그램,떡볶이맛집,맛집추천,eat,eatclean,eating,koreanfood,떡볶이,반포맛집,구반포역맛집,신반포역맛집,맛집투어,맛집탐방,foodie,foodstagram,foodporn,,
192,Gubanpo Station,70주,구반포역맛집,반포맛집,애플하우스,무침만두,반포치킨,마늘치킨,서울3대치킨,,,,,,,,,,,,,,,,,,,,,,,
193,Gubanpo Station,70주,애플하우스,애플하우스떡볶이,애플하우스무침만두,애플하우스,무침만두,applehouse,구반포맛집,구반포,구반포역,구반포역맛집,신반포,신반포맛집,신반포역,신반포역맛집,구반포애플하우스,고속터미널,동작,서초구,서초구맛집,반포맛집,반포,서초맛집,떡볶이,순대볶음,반포아파트,,,,,
194,Gubanpo Station,70주,카페람베리서울,와인부페,방배까페골목,구반포역맛집,모임하기좋은곳,강남소개팅장소,,,,,,,,,,,,,,,,,,,,,,,,
195,Gubanpo Station,71주,수요미식회,떡볶이집,반포,떡볶이맛집,떡볶이그램,구반포역맛집,반포맛집,반포떡볶이,반포동맛집,반포동카페,서초맛집,서초맛집추천,서초카페,서초술집,서초데이트,강남맛집,강남맛집추천,강남맛집스타그램,강남떡볶이,강남떡볶이맛집,강남데이트,강남데이트코스,강남핫플레이스,,,,,,,
196,Gubanpo Station,72주,구반포,구반포역맛집,애플하우스,즉석떡볶이,즉석떡볶이맛집,떡볶이,떡볶이맛집,무침만두,순대볶음,애플하우스는사랑입니다,20190123,,,,,,,,,,,,,,,,,,,
197,Gubanpo Station,72주,방배동맛집,방배동카페,강남소개팅장소,구반포역맛집,,,,,,,,,,,,,,,,,,,,,,,,,,
198,Gubanpo Station,73주,구반포역맛집,수요미식회,떡볶이맛집,애플하우스,맛스타그램,맛집추천,맛집탐방,먹스타그램,즉석떡볶이,분식,학교,감성,foodgrams,instafood,schoolfood,,,,,,,,,,,,,,,
199,Gubanpo Station,75주,구반포,애플하우스,리틀크레이지피자,구반포역맛집,맛집,구반포맛집,애플하우스떡볶이,순대볶음,야끼만두,맛스타그램,맛집추천,맛집탐방,구반포역,,,,,,,,,,,,,,,,,
200,Gubanpo Station,79주,카페람베리,방배동맛집,소개팅장소,구반포역맛집,,,,,,,,,,,,,,,,,,,,,,,,,,
201,Gubanpo Station,79주,아이언바오픈,아이언펍,아이언펍2호,맥주로흥하여돈세다잠들게하소서,족황이따라함,이댕보고있나,오늘오픈합니다,혼술환영,구반포맛집,구반포역맛집,,,,,,,,,,,,,,,,,,,,
202,Gubanpo Station,80주,카페람베리,오리다리콩피,예약문의는,025860068,,,,,,,,,,,,,,,,,,,,,,,,,,
203,Gubanpo Station,80주,단풍구경,커피한잔,날씨는좋은데,미세먼지,물냉면,겨울냉면,너무춥네,오들오들,구반포맛집,구반포역맛집,흥미면옥,JMT,,,,,,,,,,,,,,,,,,
204,Gubanpo Station,80주,카페람베리,크리스마스,라즈베리쿠글로프,예약문의는,025860068,,,,,,,,,,,,,,,,,,,,,,,,,
205,Gubanpo Station,80주,봇타야산,강남데판야키,구반포역맛집,방배동맛집,,,,,,,,,,,,,,,,,,,,,,,,,,
206,Gubanpo Station,80주,크로와상,카페람베리,새우아보카도크로와상,꿀맛,놀러오세요,025860068,예약문의는,,,,,,,,,,,,,,,,,,,,,,,
207,Gubanpo Station,80주,카페람베리,대관안내,025860068,문의는,,,,,,,,,,,,,,,,,,,,,,,,,,
208,Gubanpo Station,81주,람베리,비프부르기뇽,와인한잔,,,,,,,,,,,,,,,,,,,,,,,,,,,
209,Gubanpo Station,81주,카페람베리,강남데이트장소,구반포역맛집,,,,,,,,,,,,,,,,,,,,,,,,,,,
210,Gubanpo Station,81주,카페람베리,크리스마스케이크,선공개,부쉬드노엘,예약문의는,025860068,자세한내용은,출시일확정되면,박스나,,,,,,,,,,,,,,,,,,,,,
211,Gubanpo Station,81주,카페람베리,크리스마스케이크,수제케이크,예약문의는,025860068,자세한내용은,박스나,,,,,,,,,,,,,,,,,,,,,,,
212,Gubanpo Station,82주,카페람베리,미니쿠글로프,오늘하루,예약문의는,025860068,,,,,,,,,,,,,,,,,,,,,,,,,
213,Gubanpo Station,82주,카페람베리,브런치,커피,디저트,와인,맥주,연말모임,예약문의는,025860068,,,,,,,,,,,,,,,,,,,,,
214,Gubanpo Station,82주,카페람베리,글리치커피,예약문의는,025860068,,,,,,,,,,,,,,,,,,,,,,,,,,
215,Gubanpo Station,82주,카페람베리,수제,프렌치토스트,예약문의는,025860068,,,,,,,,,,,,,,,,,,,,,,,,,
216,Gubanpo Station,82주,카페람베리,아포가토,예약문의는,025860068,,,,,,,,,,,,,,,,,,,,,,,,,,
217,Gubanpo Station,82주,카페람베리,스테디셀러,수제,마카롱,선물추천,예약문의는,025860068,,,,,,,,,,,,,,,,,,,,,,,
218,Gubanpo Station,Error,error,,,,,,,,,,,,,,,,,,,,,,,,,,,,,
219,Gubanpo Station,82주,카페람베리,테이크아웃,특별한커피,나를위한선물,예약문의는,025860068,,,,,,,,,,,,,,,,,,,,,,,,
220,Gubanpo Station,82주,카페람베리,커피한잔,브런치,예약문의는,025860068,,,,,,,,,,,,,,,,,,,,,,,,,
221,Gubanpo Station,82주,카페람베리,필터커피,커피그래피티,구루메,예약문의는,025860068,,,,,,,,,,,,,,,,,,,,,,,,
222,Gubanpo Station,82주,카페람베리,드립커피,예약문의는,025860068,,,,,,,,,,,,,,,,,,,,,,,,,,
223,Gubanpo Station,82주,모닝커피,카페람베리,바리스타,드립커피,커피한잔,예약문의는,025860068,,,,,,,,,,,,,,,,,,,,,,,
224,Gubanpo Station,82주,카페람베리,케이크,사전주문이벤트,예약하세용,예약문의는,025860068,,,,,,,,,,,,,,,,,,,,,,,,
225,Gubanpo Station,82주,월요병극복,당충전,카페람베리,애프터눈티세트,치즈케이크,판나코타,애프터눈티세트,예약문의는,025860068,,,,,,,,,,,,,,,,,,,,,
226,Gubanpo Station,82주,카페람베리,신메뉴,오리다리콩피,출시는,예약문의는,025860068,,,,,,,,,,,,,,,,,,,,,,,,
227,Gubanpo Station,82주,카페람베리,시그니처메뉴,쿠글로프,미니버전,홀케이크버전도,예약문의는,025860068,,,,,,,,,,,,,,,,,,,,,,,
228,Gubanpo Station,82주,카페람베리,신메뉴,연어스테이크,쑥갓리조또,놀러오세요,출시는,예약문의는,025860068,,,,,,,,,,,,,,,,,,,,,,
229,Gubanpo Station,83주,방배동맛집,구반포역맛집,봇타야산,도쿄에비스봇타야산,강남데판야끼,연말모임,송년회맛집,,,,,,,,,,,,,,,,,,,,,,,
230,Gubanpo Station,83주,카페람베리,신메뉴,푸아그라안심스테이크,출시는,예약문의는,025860068,,,,,,,,,,,,,,,,,,,,,,,,
231,Gubanpo Station,83주,카페람베리,하몽크림파스타,시그니처,크림파스타,예약문의는,전화예약도,025860068,,,,,,,,,,,,,,,,,,,,,,,
232,Gubanpo Station,83주,몽블랑케이크,카페람베리,,,,,,,,,,,,,,,,,,,,,,,,,,,,
233,Gubanpo Station,83주,달달한하루,카페람베리,디저트시리즈2탄,커피아이스크림과,예약문의는,,,,,,,,,,,,,,,,,,,,,,,,,
234,Gubanpo Station,83주,카페람베리,신메뉴,신상디저트,수제케이크,치즈케이크,홀케이크는,소중한,,,,,,,,,,,,,,,,,,,,,,,
235,Gubanpo Station,83주,카페람베리,새우아보카도크로와상,,,,,,,,,,,,,,,,,,,,,,,,,,,,
236,Gubanpo Station,83주,디저트,키시모토쉐프,카페람베리,수제디저트,,,,,,,,,,,,,,,,,,,,,,,,,,
237,Gubanpo Station,83주,키시모토쉐프,갈라디너,,,,,,,,,,,,,,,,,,,,,,,,,,,,
238,Gubanpo Station,84주,스마일포차,구반포역,구반포역맛집,돼지껍데기,YRI,,,,,,,,,,,,,,,,,,,,,,,,,
239,Gubanpo Station,84주,방배동맛집,강남데판야끼,김완선소개팅,구반포역맛집,,,,,,,,,,,,,,,,,,,,,,,,,,
240,Gubanpo Station,84주,카페람베리,연말모임,브런치,디저트,와인,예약문의,DM주셔도됩니다,,,,,,,,,,,,,,,,,,,,,,,
241,Gubanpo Station,84주,,,,,,,,,,,,,,,,,,,,,,,,,,,,,,
242,Gubanpo Station,84주,방배동맛집,방배동카페,구반포역맛집,방배동브런치카페,,,,,,,,,,,,,,,,,,,,,,,,,,
243,Gubanpo Station,84주,방배동맛집,구반포역맛집,방배동카페,방배동브런치카페,,,,,,,,,,,,,,,,,,,,,,,,,,
244,Gubanpo Station,84주,방배동맛집,구반포역맛집,방배동카페,방배동브런치카페,,,,,,,,,,,,,,,,,,,,,,,,,,
245,Gubanpo Station,Error,error,,,,,,,,,,,,,,,,,,,,,,,,,,,,,
246,Gubanpo Station,Error,error,,,,,,,,,,,,,,,,,,,,,,,,,,,,,
247,Gubanpo Station,91주,구반포역맛집,애플하우스,즉석떡볶이,무침군만두,존맛탱,웨이팅,재방문의사있음,,,,,,,,,,,,,,,,,,,,,,,
248,Gubanpo Station,92주,애플하우스,애플하우스떡볶이,애플하우스무침만두,애플하우스,applehouse,구반포맛집,구반포,구반포역,구반포역맛집,신반포,신반포맛집,신반포역,신반포역맛집,구반포애플하우스,고속터미널,동작,서초구,서초구맛집,,,,,,,,,,,,
249,Gubanpo Station,95주,파크루안,파크루안방배점,방배동맛집,방배동중국집,구반포역맛집,상견례,돌잔치,방배카페골목맛집,예약문의02,중국집,중국집맛집,,,,,,,,,,,,,,,,,,,
250,Gubanpo Station,95주,파크루안,파크루안방배점,방배동맛집,방배동중국집,구반포역맛집,상견례,돌잔치,방배카페골목맛집,예약문의02,중국집,중국집맛집,,,,,,,,,,,,,,,,,,,
251,Gubanpo Station,97주,애플하우스즉석떡볶이,구반포역맛집,,,,,,,,,,,,,,,,,,,,,,,,,,,,
252,Gubanpo Station,97주,미니불도장,파크루안,파크루안방배점,방배동맛집,방배동중국집,구반포역맛집,상견례,돌잔치,방배카페골목맛집,예약문의02,중국집,중국집맛집,,,,,,,,,,,,,,,,,,
253,Gubanpo Station,98주,신메뉴,아삭아삭한,공채,파크루안,파크루안방배점,방배동맛집,방배동중국집,구반포역맛집,상견례,돌잔치,방배카페골목맛집,예약문의02,중국집,중국집맛집,,,,,,,,,,,,,,,,
254,Gubanpo Station,99주,맛집,맛집스타그램,맛집추천,맛집그램,맛집탐방,먹스타,꿀맛,먹방스타그램,먹스타그램,food,foodie,instafood,foodpic,foodpics,foodporn,foodstagram,foodlike,hotplace,구반포맛집,구반포역맛집,떡볶이맛집,만두,즉석떡볶이,애플하우스,가격깡패,마무리는볶음밥,,,,
255,Gubanpo Station,99주,어향바닷가재,파크루안,파크루안방배점,방배동맛집,방배동중국집,구반포역맛집,상견례,돌잔치,방배카페골목맛집,예약문의02,중국집,중국집맛집,,,,,,,,,,,,,,,,,,
256,Gubanpo Station,99주,어향가지,파크루안,파크루안방배점,방배동맛집,방배동중국집,구반포역맛집,상견례,돌잔치,방배카페골목맛집,예약문의02,중국집,중국집맛집,,,,,,,,,,,,,,,,,,
257,Gubanpo Station,99주,한방쇠꼬리찜,파크루안,파크루안방배점,방배동맛집,방배동중국집,구반포역맛집,상견례,돌잔치,방배카페골목맛집,예약문의02,중국집,중국집맛집,,,,,,,,,,,,,,,,,,
258,Gubanpo Station,100주,왕전복짬뽕,15,파크루안,파크루안방배점,방배동맛집,방배동중국집,구반포역맛집,상견례,돌잔치,방배카페골목맛집,예약문의02,중국집,중국집맛집,,,,,,,,,,,,,,,,,
259,Gubanpo Station,100주,반포애플하우스,애플하우스,무침군만두,무침만두,애플하우스무침만두,반포맛집,구반포역맛집,떢볶이맛집,일상그램,맛집투어,먹방투어,,,,,,,,,,,,,,,,,,,
260,Gubanpo Station,100주,파크루안,파크루안방배점,방배동맛집,방배동중국집,구반포역맛집,상견례,돌잔치,방배카페골목맛집,예약문의02,중국집,중국집맛집,,,,,,,,,,,,,,,,,,,
261,Gubanpo Station,100주,파크루안,파크루안방배점,방배동맛집,방배동중국집,구반포역맛집,상견례,돌잔치,방배카페골목맛집,예약문의02,중국집,중국집맛집,,,,,,,,,,,,,,,,,,,
262,Gubanpo Station,101주,파크루안,파크루안방배점,방배동맛집,방배동중국집,구반포역맛집,상견례,돌잔치,방배카페골목맛집,예약문의02,중국집,중국집맛집,,,,,,,,,,,,,,,,,,,
263,Gubanpo Station,101주,파크루안,파크루안방배점,방배동맛집,방배동중국집,구반포역맛집,상견례,돌잔치,방배카페골목맛집,예약문의02,중국집,중국집맛집,,,,,,,,,,,,,,,,,,,
264,Gubanpo Station,102주,파크루안,파크루안방배점,방배동맛집,방배동중국집,구반포역맛집,상견례,돌잔치,방배카페골목맛집,예약문의02,중국집,중국집맛집,,,,,,,,,,,,,,,,,,,
265,Gubanpo Station,102주,파크루안,파크루안방배점,방배동맛집,방배동중국집,구반포역맛집,상견례,돌잔치,방배카페골목맛집,예약문의02,중국집,중국집맛집,,,,,,,,,,,,,,,,,,,
266,Gubanpo Station,102주,파크루안,파크루안방배점,방배동맛집,방배동중국집,구반포역맛집,상견례,돌잔치,방배카페골목맛집,예약문의02,중국집,중국집맛집,,,,,,,,,,,,,,,,,,,
267,Gubanpo Station,102주,파크루안,파크루안방배점,방배동맛집,방배동중국집,구반포역맛집,상견례,돌잔치,방배카페골목맛집,예약문의02,중국집,중국집맛집,,,,,,,,,,,,,,,,,,,
268,Gubanpo Station,102주,화이트와인,술스타그램,청포도얼음와인,여성취향저격,폭발적인반응,아이언펍,ironpub,구반포맛집,구반포역맛집,,,,,,,,,,,,,,,,,,,,,
269,Gubanpo Station,103주,파크루안,파크루안방배점,방배동맛집,방배동중국집,구반포역맛집,상견례,돌잔치,방배카페골목맛집,예약문의02,,,,,,,,,,,,,,,,,,,,,
270,Gubanpo Station,103주,파크루안,파크루안방배점,방배동맛집,방배동중국집,구반포역맛집,상견례,돌잔치,방배카페골목맛집,예약문의02,,,,,,,,,,,,,,,,,,,,,
271,Gubanpo Station,103주,파크루안,파크루안방배점,방배동맛집,방배동중국집,구반포역맛집,상견례,돌잔치,방배카페골목맛집,예약문의02,,,,,,,,,,,,,,,,,,,,,
272,Gubanpo Station,103주,파크루안,파크루안방배점,방배동맛집,방배동중국집,구반포역맛집,상견례,돌잔치,방배카페골목맛집,예약문의02,,,,,,,,,,,,,,,,,,,,,
273,Gubanpo Station,103주,파크루안,파크루안방배점,방배동맛집,방배동중국집,구반포역맛집,상견례,돌잔치,방배카페골목맛집,예약문의02,,,,,,,,,,,,,,,,,,,,,
274,Gubanpo Station,103주,구반포역맛집,수요미식회,애플하우스,즉석떡볶이,무침만두,피자스쿨,피맥,주말은힐링데이,,,,,,,,,,,,,,,,,,,,,,
275,Gubanpo Station,104주,파크루안,파크루안방배점,방배동맛집,방배동중국집,구반포역맛집,상견례,돌잔치,방배카페골목맛집,예약문의02,,,,,,,,,,,,,,,,,,,,,
276,Gubanpo Station,104주,파크루안,파크루안방배점,방배동맛집,방배동중국집,구반포역맛집,상견례,돌잔치,방배카페골목맛집,예약문의02,,,,,,,,,,,,,,,,,,,,,
277,Gubanpo Station,104주,단체예약,회식,모임,가족행사,파크루안,파크루안방배점,방배동맛집,방배동중국집,구반포역맛집,상견례,돌잔치,방배카페골목맛집,예약문의02,,,,,,,,,,,,,,,,,
278,Gubanpo Station,104주,파크루안,파크루안방배점,방배동맛집,방배동중국집,구반포역맛집,상견례,돌잔치,방배카페골목맛집,예약문의02,,,,,,,,,,,,,,,,,,,,,
279,Gubanpo Station,104주,쌀국수우육탕면,파크루안,파크루안방배점,방배동맛집,방배동중국집,구반포역맛집,상견례,돌잔치,방배카페골목맛집,예약문의02,,,,,,,,,,,,,,,,,,,,
280,Gubanpo Station,104주,오징어까스,돈키,구반포역맛집,구반포,,,,,,,,,,,,,,,,,,,,,,,,,,
281,Gubanpo Station,104주,파크루안,파크루안방배점,방배동맛집,방배동중국집,구반포역맛집,상견례,돌잔치,방배카페골목맛집,예약문의02,왕갈비짬뽕,,,,,,,,,,,,,,,,,,,,
282,Gubanpo Station,104주,왕갈비짬뽕,파크루안,파크루안방배점,방배동맛집,방배동중국집,구반포역맛집,상견례,돌잔치,방배카페골목맛집,예약문의02,,,,,,,,,,,,,,,,,,,,
283,Gubanpo Station,104주,파크루안,파크루안방배점,방배동맛집,방배동중국집,구반포역맛집,상견례,돌잔치,방배카페골목맛집,예약문의02,,,,,,,,,,,,,,,,,,,,,
284,Gubanpo Station,104주,파크루안,파크루안방배점,방배동맛집,방배동중국집,구반포역맛집,상견례,돌잔치,방배카페골목맛집,예약문의02,,,,,,,,,,,,,,,,,,,,,
285,Gubanpo Station,104주,파크루안,파크루안방배점,방배동맛집,방배동중국집,구반포역맛집,상견례,돌잔치,방배카페골목맛집,예약문의02,,,,,,,,,,,,,,,,,,,,,
286,Gubanpo Station,104주,파크루안,파크루안방배점,방배동맛집,방배동중국집,구반포역맛집,상견례,돌잔치,방배카페골목맛집,예약문의02,,,,,,,,,,,,,,,,,,,,,
287,Gubanpo Station,105주,카페람베리,애프터눈티,애프터눈티세트,방배동카페,방배동맛집,구반포역카페,구반포역맛집,방배동브런치,카페,카페애프터눈티,,,,,,,,,,,,,,,,,,,,
288,Gubanpo Station,105주,파크루안,파크루안방배점,방배동맛집,방배동중국집,구반포역맛집,상견례,돌잔치,방배카페골목맛집,예약문의02,,,,,,,,,,,,,,,,,,,,,
289,Gubanpo Station,105주,파크루안,파크루안방배점,방배동맛집,방배동중국집,구반포역맛집,상견례,돌잔치,방배카페골목맛집,예약문의02,,,,,,,,,,,,,,,,,,,,,
290,Gubanpo Station,105주,파크루안,파크루안방배점,방배동맛집,방배동중국집,구반포역맛집,상견례,돌잔치,방배카페골목맛집,예약문의02,,,,,,,,,,,,,,,,,,,,,
291,Gubanpo Station,105주,파크루안,파크루안방배점,방배동맛집,방배동중국집,구반포역맛집,상견례,돌잔치,방배카페골목맛집,예약문의02,,,,,,,,,,,,,,,,,,,,,
292,Gubanpo Station,105주,파크루안,파크루안방배점,방배동맛집,방배동중국집,구반포역맛집,상견례,돌잔치,방배카페골목맛집,예약문의02,,,,,,,,,,,,,,,,,,,,,
293,Gubanpo Station,105주,파크루안,파크루안방배점,방배동맛집,방배동중국집,구반포역맛집,상견례,돌잔치,방배카페골목맛집,예약문의02,,,,,,,,,,,,,,,,,,,,,
294,Gubanpo Station,105주,파크루안,파크루안방배점,방배동맛집,방배동중국집,구반포역맛집,상견례,돌잔치,방배카페골목맛집,예약문의02,,,,,,,,,,,,,,,,,,,,,
295,Gubanpo Station,105주,파크루안,파크루안방배점,방배동맛집,방배동중국집,구반포역맛집,상견례,돌잔치,방배카페골목맛집,예약문의02,,,,,,,,,,,,,,,,,,,,,
296,Gubanpo Station,105주,파크루안,파크루안방배점,방배동맛집,방배동중국집,구반포역맛집,상견례,돌잔치,방배카페골목맛집,예약문의02,,,,,,,,,,,,,,,,,,,,,
297,Gubanpo Station,106주,파크루안,파크루안방배점,방배동맛집,방배동중국집,구반포역맛집,상견례,돌잔치,방배카페골목맛집,예약문의02,,,,,,,,,,,,,,,,,,,,,
298,Gubanpo Station,106주,파크루안,파크루안방배점,방배동맛집,방배동중국집,구반포역맛집,상견례,돌잔치,방배카페골목맛집,예약문의02,,,,,,,,,,,,,,,,,,,,,
299,Gubanpo Station,106주,파크루안,파크루안방배점,방배동맛집,방배동중국집,구반포역맛집,상견례,돌잔치,방배카페골목맛집,예약문의02,,,,,,,,,,,,,,,,,,,,,
300,Gubanpo Station,106주,파크루안,파크루안방배점,방배동맛집,방배동중국집,구반포역맛집,상견례,돌잔치,방배카페골목맛집,예약문의02,,,,,,,,,,,,,,,,,,,,,
301,Gubanpo Station,106주,파크루안,파크루안방배점,방배동맛집,방배동중국집,구반포역맛집,상견례,돌잔치,방배카페골목맛집,예약문의02,,,,,,,,,,,,,,,,,,,,,
302,Gubanpo Station,106주,구반포역,구반포역맛집,애플하우스,애플하우스떡볶이,애플하우스무침만두,무침군만두,떡볶이,즉석떡볶이,즉떡,60,,,,,,,,,,,,,,,,,,,,
303,Gubanpo Station,106주,데이트,브런치,브런치카페,카페람베리,먹스타그램,방배동맛집,구반포역맛집,크루와상샌드위치,크림파스타,,,,,,,,,,,,,,,,,,,,,
304,Gubanpo Station,107주,방배동맛집,구반포역맛집,방배동카페,방배동브런치,카페람베리,주차가능,발렛파킹,다양한디저트,커피가맛있는카페,리쉬티사용,또가고싶어요,커피추천,브런치,세트메뉴,스프,크로크마담,팡페르듀,맛있는음식,맛스타그램촵촵,디저트,디저트그램,,,,,,,,,
305,Gubanpo Station,107주,방배동맛집,구반포역맛집,방배동카페,방배동브런치,카페람베리,주차가능,발렛파킹,다양한디저트,커피가맛있는카페,리쉬티사용,또가고싶어요,팡페르듀,맛있는음식,맛스타그램촵촵,디저트,,,,,,,,,,,,,,,
306,Gubanpo Station,107주,방배동맛집,구반포역맛집,방배동카페,방배동브런치,카페람베리,주차가능,발렛파킹,다양한디저트,커피가맛있는카페,리쉬티사용,또가고싶어요,크로크마담,부드러운맛,맛있는음식,맛스타그램,,,,,,,,,,,,,,,
307,Gubanpo Station,107주,방배동맛집,구반포역맛집,방배동카페,방배동브런치,카페람베리,주차가능,발렛파킹,다양한디저트,커피가맛있는카페,리쉬티사용,또가고싶어요,스프,오늘의스프,부드러운스프,맛스타그램촵촵,,,,,,,,,,,,,,,
308,Gubanpo Station,107주,방배동맛집,구반포역맛집,방배동카페,방배동브런치,카페람베리,주차가능,발렛파킹,다양한디저트,커피가맛있는카페,리쉬티사용,또가고싶어요,커피추천,커피스타그램,커피한잔의여유,카페투어,,,,,,,,,,,,,,,
309,Gubanpo Station,107주,방배동맛집,구반포역맛집,방배동카페,방배동브런치,카페람베리,주차가능,발렛파킹,다양한디저트,커피가맛있는카페,리쉬티사용,또가고싶어요,카페투어,이쁜카페,,,,,,,,,,,,,,,,,
310,Gubanpo Station,107주,방배동맛집,구반포역맛집,방배동카페,방배동브런치,카페람베리,주차가능,발렛파킹,다양한디저트,커피가맛있는카페,리쉬티사용,또가고싶어요,,,,,,,,,,,,,,,,,,,
311,Gubanpo Station,107주,방배동맛집,구반포역맛집,방배동카페,방배동브런치,카페람베리,주차가능,발렛파킹,다양한디저트,커피가맛있는카페,리쉬티사용,또가고싶어요,,,,,,,,,,,,,,,,,,,
312,Gubanpo Station,107주,방배동맛집,구반포역맛집,방배동카페,방배동브런치,카페람베리,주차가능,발렛파킹,다양한디저트,커피가맛있는카페,리쉬티사용,또가고싶어요,디저트,쿠키,디저트그램,,,,,,,,,,,,,,,,
313,Gubanpo Station,107주,방배동맛집,구반포역맛집,방배동카페,방배동브런치,카페람베리,주차가능,발렛파킹,다양한디저트,커피가맛있는카페,리쉬티사용,또가고싶어요,,,,,,,,,,,,,,,,,,,
314,Gubanpo Station,107주,방배동맛집,구반포역맛집,방배동카페,방배동브런치,카페람베리,주차가능,발렛파킹,다양한디저트,커피가맛있는카페,리쉬티사용,또가고싶어요,,,,,,,,,,,,,,,,,,,
315,Gubanpo Station,107주,방배동맛집,구반포역맛집,방배동카페,방배동브런치,카페람베리,주차가능,발렛파킹,다양한디저트,커피가맛있는카페,리쉬티사용,또가고싶어요,,,,,,,,,,,,,,,,,,,
316,Gubanpo Station,107주,방배동맛집,구반포역맛집,방배동카페,방배동브런치,카페람베리,주차가능,발렛파킹,다양한디저트,커피가맛있는카페,리쉬티사용,또가고싶어요,궁중비책,순딩자차,자연광을즐겨라,햇볕아래,내일상,일상기록,,,,,,,,,,,,,
317,Gubanpo Station,111주,엘루체,구반포역맛집,구반포역,제육볶음,된장찌개,순두부찌개,아카데미,오늘은화요일,,,,,,,,,,,,,,,,,,,,,,
318,Gubanpo Station,111주,먹스타그램,맛스타그램,금요일,저녁,애플하우스,애플하우스떡볶이,즉석떡볶이,무침군만두,라면쫄면사리,볶음밥,구반포역,구반포역맛집,떡볶이맛집,고속터미널,지하상가,청바지,피어싱,쇼핑,레드아이,,,,,,,,,,,
319,Gubanpo Station,112주,애플하우스,구반포역맛집,구반포역떡볶이,즉석떡볶이,애플하우스즉석떡볶이,무침군만두,애플하우스무침군만두,사라라라,,,,,,,,,,,,,,,,,,,,,,
320,Gubanpo Station,112주,구반포역맛집,방배동맛집,봇타야산,선팔,맞팔,f4f,선팔하면맞팔,,,,,,,,,,,,,,,,,,,,,,,
321,Gubanpo Station,113주,,,,,,,,,,,,,,,,,,,,,,,,,,,,,,
322,Gubanpo Station,115주,즉석떡볶이,구반포역맛집,미소의집,호로록,챱챱,임산부,먹덧,대복이,맛있니,17w1d,,,,,,,,,,,,,,,,,,,,
323,Gubanpo Station,115주,럽스타그램,소운빙,구반포역맛집,우유빙수,오레오빙수,맛있다,더울땐역시,빙수지,,,,,,,,,,,,,,,,,,,,,,
324,Gubanpo Station,117주,스노우카메라,구반포역맛집,구반포역,애플하우스,셀카그램,일상,커피,coffee,할리스,아메리카노,americano,daily,instagood,instadaily,instagram,비오는날,저녁,소통,instaself,즉석떡볶이,순대볶음,서울,서울맛집,foodstagram,hollyscoffee,분식,애플하우스떡볶이,,,
325,Gubanpo Station,118주,먹스타그램,맛스타그램,맛있다그램,찬우로드,떡킷리스트,서울,서초구,반포동,구반포역,서울맛집,서초구맛집,반포동맛집,구반포역맛집,애플하우스,떡볶이,즉석떡볶이,무침군만두,떡사랑,떡돌이,떡덕후,떡투어,떡스타그램,instafoods,food,yummy,,,,,
326,Gubanpo Station,118주,원테이블레스토랑,점심메뉴,도시락,한정식맛집,보이차,반포맛집,구반포역맛집,반포맛집추천,원테이블,먹방스타그램,맛집스타그램,,,,,,,,,,,,,,,,,,,
327,Gubanpo Station,118주,먹스타그램,맛스타그램,구반포역맛집,아이언펍,ironpub,술안주,구반포맛집,해물크림리조또,신메뉴,,,,,,,,,,,,,,,,,,,,,
328,Gubanpo Station,119주,먹스타그램,맛스타그램,구반포역맛집,아이언펍,ironpub,술안주,구반포맛집,꼬막비빔밥,신메뉴,마누라작품,,,,,,,,,,,,,,,,,,,,
329,Gubanpo Station,119주,슈바인학센,맛스타그램,구반포역맛집,아이언펍,구반포맛집,ironpub,먹스타그램,푸드페어링,독일식족발,,,,,,,,,,,,,,,,,,,,,
330,Gubanpo Station,119주,먹스타그램,맛스타그램,구반포역맛집,구반포맛집,점심메뉴,신메뉴,구반포박가네전집,하태하태,히릿,,,,,,,,,,,,,,,,,,,,,
331,Gubanpo Station,120주,반포동맛집,구반포역맛집,반포역맛집,애플하우스,무침만두,수요미식회맛집,수요미식회떡볶이,먹스타그램,떡볶이맛집,,,,,,,,,,,,,,,,,,,,,
332,Gubanpo Station,120주,아이언펍,ironpub,먹스타그램,맛스타그램,구반포역맛집,구반포맛집,스톤,러시안임페리얼스타우트,모카스타우트,10도,ibu31,로코베자차드,,,,,,,,,,,,,,,,,,
333,Gubanpo Station,122주,애플하우스,즉석떡볶이,무침만두,순대볶음,즉석떡볶이맛집,구반포역맛집,,,,,,,,,,,,,,,,,,,,,,,,
334,Gubanpo Station,122주,스노우,얼굴바꾸기,나존잘,반포,구반포역,구반포역맛집,초밥,오꼬노미야끼,밀푀유돈까스,가성비갑,동원그램,라이언,라이언키홀더,스파오,스파오가방,데일리룩,커플룩,존춥,럽스타그램,데이트룩,데이트코스,좋아요,선팔하면맞팔,일상,뚱땡이,,,,,
335,Gubanpo Station,122주,맥파이,맥파이브루어리,포터,5,ibu30,아이언펍,ironpub,먹스타그램,맛스타그램,구반포역맛집,구반포맛집,,,,,,,,,,,,,,,,,,,
336,Gubanpo Station,123주,먹스타그램,맛스타그램,구반포역맛집,아이언펍,ironpub,술안주,구반포맛집,보쌈,맥주,전천후안주,,,,,,,,,,,,,,,,,,,,
337,Gubanpo Station,123주,먹태,맛스타그램,먹스타그램,술안주,drysnack,안주스타그램,Ironpub,아이언펍,구반포맛집,구반포역맛집,,,,,,,,,,,,,,,,,,,,
338,Gubanpo Station,124주,아메리칸쉐프,쿠반샌드위치,로스팅포크,모조포크,구반포쉐프,핵맛,존맛,맛스타그램,구반포역맛집,구반포맛집,먹스타그램,,,,,,,,,,,,,,,,,,,
339,Gubanpo Station,Error,error,,,,,,,,,,,,,,,,,,,,,,,,,,,,,
340,Gubanpo Station,Error,error,,,,,,,,,,,,,,,,,,,,,,,,,,,,,
341,Gubanpo Station,Error,error,,,,,,,,,,,,,,,,,,,,,,,,,,,,,
342,Gubanpo Station,Error,error,,,,,,,,,,,,,,,,,,,,,,,,,,,,,
343,Gubanpo Station,Error,error,,,,,,,,,,,,,,,,,,,,,,,,,,,,,
344,Gubanpo Station,Error,error,,,,,,,,,,,,,,,,,,,,,,,,,,,,,
345,Gubanpo Station,Error,error,,,,,,,,,,,,,,,,,,,,,,,,,,,,,
346,Gubanpo Station,Error,error,,,,,,,,,,,,,,,,,,,,,,,,,,,,,
347,Gubanpo Station,Error,error,,,,,,,,,,,,,,,,,,,,,,,,,,,,,
348,Gubanpo Station,Error,error,,,,,,,,,,,,,,,,,,,,,,,,,,,,,
349,Gubanpo Station,Error,error,,,,,,,,,,,,,,,,,,,,,,,,,,,,,
350,Gubanpo Station,Error,error,,,,,,,,,,,,,,,,,,,,,,,,,,,,,
351,Gubanpo Station,Error,error,,,,,,,,,,,,,,,,,,,,,,,,,,,,,
352,Gubanpo Station,Error,error,,,,,,,,,,,,,,,,,,,,,,,,,,,,,
353,Gubanpo Station,Error,error,,,,,,,,,,,,,,,,,,,,,,,,,,,,,
354,Gubanpo Station,Error,error,,,,,,,,,,,,,,,,,,,,,,,,,,,,,
355,Gubanpo Station,Error,error,,,,,,,,,,,,,,,,,,,,,,,,,,,,,
356,Gubanpo Station,Error,error,,,,,,,,,,,,,,,,,,,,,,,,,,,,,
357,Gubanpo Station,Error,error,,,,,,,,,,,,,,,,,,,,,,,,,,,,,
358,Gubanpo Station,Error,error,,,,,,,,,,,,,,,,,,,,,,,,,,,,,
359,Gubanpo Station,Error,error,,,,,,,,,,,,,,,,,,,,,,,,,,,,,
360,Gubanpo Station,Error,error,,,,,,,,,,,,,,,,,,,,,,,,,,,,,
361,Gubanpo Station,Error,error,,,,,,,,,,,,,,,,,,,,,,,,,,,,,
362,Gubanpo Station,Error,error,,,,,,,,,,,,,,,,,,,,,,,,,,,,,
363,Gubanpo Station,Error,error,,,,,,,,,,,,,,,,,,,,,,,,,,,,,
364,Gubanpo Station,Error,error,,,,,,,,,,,,,,,,,,,,,,,,,,,,,
365,Gubanpo Station,Error,error,,,,,,,,,,,,,,,,,,,,,,,,,,,,,
366,Gubanpo Station,Error,error,,,,,,,,,,,,,,,,,,,,,,,,,,,,,
367,Gubanpo Station,Error,error,,,,,,,,,,,,,,,,,,,,,,,,,,,,,
368,Gubanpo Station,Error,error,,,,,,,,,,,,,,,,,,,,,,,,,,,,,
369,Gubanpo Station,Error,error,,,,,,,,,,,,,,,,,,,,,,,,,,,,,
370,Gubanpo Station,Error,error,,,,,,,,,,,,,,,,,,,,,,,,,,,,,
371,Gubanpo Station,Error,error,,,,,,,,,,,,,,,,,,,,,,,,,,,,,
372,Gubanpo Station,Error,error,,,,,,,,,,,,,,,,,,,,,,,,,,,,,
373,Gubanpo Station,Error,error,,,,,,,,,,,,,,,,,,,,,,,,,,,,,
374,Gubanpo Station,Error,error,,,,,,,,,,,,,,,,,,,,,,,,,,,,,
375,Gubanpo Station,Error,error,,,,,,,,,,,,,,,,,,,,,,,,,,,,,
376,Gubanpo Station,Error,error,,,,,,,,,,,,,,,,,,,,,,,,,,,,,
377,Gubanpo Station,Error,error,,,,,,,,,,,,,,,,,,,,,,,,,,,,,
378,Gubanpo Station,Error,error,,,,,,,,,,,,,,,,,,,,,,,,,,,,,
379,Gubanpo Station,Error,error,,,,,,,,,,,,,,,,,,,,,,,,,,,,,
380,Gubanpo Station,Error,error,,,,,,,,,,,,,,,,,,,,,,,,,,,,,
381,Gubanpo Station,Error,error,,,,,,,,,,,,,,,,,,,,,,,,,,,,,
382,Gubanpo Station,Error,error,,,,,,,,,,,,,,,,,,,,,,,,,,,,,
383,Gubanpo Station,Error,error,,,,,,,,,,,,,,,,,,,,,,,,,,,,,
384,Gubanpo Station,Error,error,,,,,,,,,,,,,,,,,,,,,,,,,,,,,
385,Gubanpo Station,Error,error,,,,,,,,,,,,,,,,,,,,,,,,,,,,,
386,Gubanpo Station,Error,error,,,,,,,,,,,,,,,,,,,,,,,,,,,,,
387,Gubanpo Station,Error,error,,,,,,,,,,,,,,,,,,,,,,,,,,,,,
388,Gubanpo Station,Error,error,,,,,,,,,,,,,,,,,,,,,,,,,,,,,
389,Gubanpo Station,Error,error,,,,,,,,,,,,,,,,,,,,,,,,,,,,,
390,Gubanpo Station,Error,error,,,,,,,,,,,,,,,,,,,,,,,,,,,,,
391,Gubanpo Station,Error,error,,,,,,,,,,,,,,,,,,,,,,,,,,,,,
392,Gubanpo Station,Error,error,,,,,,,,,,,,,,,,,,,,,,,,,,,,,
393,Gubanpo Station,Error,error,,,,,,,,,,,,,,,,,,,,,,,,,,,,,
394,Gubanpo Station,Error,error,,,,,,,,,,,,,,,,,,,,,,,,,,,,,
395,Gubanpo Station,Error,error,,,,,,,,,,,,,,,,,,,,,,,,,,,,,
396,Gubanpo Station,Error,error,,,,,,,,,,,,,,,,,,,,,,,,,,,,,
397,Gubanpo Station,Error,error,,,,,,,,,,,,,,,,,,,,,,,,,,,,,
398,Gubanpo Station,Error,error,,,,,,,,,,,,,,,,,,,,,,,,,,,,,
399,Gubanpo Station,Error,error,,,,,,,,,,,,,,,,,,,,,,,,,,,,,
400,Gubanpo Station,Error,error,,,,,,,,,,,,,,,,,,,,,,,,,,,,,
401,Gubanpo Station,Error,error,,,,,,,,,,,,,,,,,,,,,,,,,,,,,
402,Gubanpo Station,Error,error,,,,,,,,,,,,,,,,,,,,,,,,,,,,,
403,Gubanpo Station,Error,error,,,,,,,,,,,,,,,,,,,,,,,,,,,,,
404,Gubanpo Station,Error,error,,,,,,,,,,,,,,,,,,,,,,,,,,,,,
405,Gubanpo Station,Error,error,,,,,,,,,,,,,,,,,,,,,,,,,,,,,
406,Gubanpo Station,Error,error,,,,,,,,,,,,,,,,,,,,,,,,,,,,,
407,Gubanpo Station,Error,error,,,,,,,,,,,,,,,,,,,,,,,,,,,,,
408,Gubanpo Station,Error,error,,,,,,,,,,,,,,,,,,,,,,,,,,,,,
409,Gubanpo Station,Error,error,,,,,,,,,,,,,,,,,,,,,,,,,,,,,
410,Gubanpo Station,Error,error,,,,,,,,,,,,,,,,,,,,,,,,,,,,,
411,Gubanpo Station,Error,error,,,,,,,,,,,,,,,,,,,,,,,,,,,,,
412,Gubanpo Station,Error,error,,,,,,,,,,,,,,,,,,,,,,,,,,,,,
413,Gubanpo Station,Error,error,,,,,,,,,,,,,,,,,,,,,,,,,,,,,
414,Gubanpo Station,Error,error,,,,,,,,,,,,,,,,,,,,,,,,,,,,,
415,Gubanpo Station,Error,error,,,,,,,,,,,,,,,,,,,,,,,,,,,,,
416,Gubanpo Station,Error,error,,,,,,,,,,,,,,,,,,,,,,,,,,,,,
417,Gubanpo Station,Error,error,,,,,,,,,,,,,,,,,,,,,,,,,,,,,
418,Gubanpo Station,Error,error,,,,,,,,,,,,,,,,,,,,,,,,,,,,,
419,Gubanpo Station,Error,error,,,,,,,,,,,,,,,,,,,,,,,,,,,,,
420,Gubanpo Station,Error,error,,,,,,,,,,,,,,,,,,,,,,,,,,,,,
421,Gubanpo Station,Error,error,,,,,,,,,,,,,,,,,,,,,,,,,,,,,
422,Gubanpo Station,Error,error,,,,,,,,,,,,,,,,,,,,,,,,,,,,,
423,Gubanpo Station,Error,error,,,,,,,,,,,,,,,,,,,,,,,,,,,,,
424,Gubanpo Station,Error,error,,,,,,,,,,,,,,,,,,,,,,,,,,,,,
425,Gubanpo Station,Error,error,,,,,,,,,,,,,,,,,,,,,,,,,,,,,
426,Gubanpo Station,Error,error,,,,,,,,,,,,,,,,,,,,,,,,,,,,,
427,Gubanpo Station,Error,error,,,,,,,,,,,,,,,,,,,,,,,,,,,,,
428,Gubanpo Station,Error,error,,,,,,,,,,,,,,,,,,,,,,,,,,,,,
429,Gubanpo Station,Error,error,,,,,,,,,,,,,,,,,,,,,,,,,,,,,
430,Gubanpo Station,Error,error,,,,,,,,,,,,,,,,,,,,,,,,,,,,,
