,station,date,1,2,3,4,5,6,7,8,9,10,11,12,13,14,15,16,17,18,19,20,21,22,23,24,25,26,27,28,29,30,31,32
0,Sinnonhyeon Station,Error,error,,,,,,,,,,,,,,,,,,,,,,,,,,,,,,,
1,Sinnonhyeon Station,Error,error,,,,,,,,,,,,,,,,,,,,,,,,,,,,,,,
2,Sinnonhyeon Station,Error,error,,,,,,,,,,,,,,,,,,,,,,,,,,,,,,,
3,Sinnonhyeon Station,Error,error,,,,,,,,,,,,,,,,,,,,,,,,,,,,,,,
4,Sinnonhyeon Station,Error,error,,,,,,,,,,,,,,,,,,,,,,,,,,,,,,,
5,Sinnonhyeon Station,Error,error,,,,,,,,,,,,,,,,,,,,,,,,,,,,,,,
6,Sinnonhyeon Station,Error,error,,,,,,,,,,,,,,,,,,,,,,,,,,,,,,,
7,Sinnonhyeon Station,Error,error,,,,,,,,,,,,,,,,,,,,,,,,,,,,,,,
8,Sinnonhyeon Station,Error,error,,,,,,,,,,,,,,,,,,,,,,,,,,,,,,,
9,Sinnonhyeon Station,Error,error,,,,,,,,,,,,,,,,,,,,,,,,,,,,,,,
10,Sinnonhyeon Station,Error,error,,,,,,,,,,,,,,,,,,,,,,,,,,,,,,,
11,Sinnonhyeon Station,Error,error,,,,,,,,,,,,,,,,,,,,,,,,,,,,,,,
12,Sinnonhyeon Station,Error,error,,,,,,,,,,,,,,,,,,,,,,,,,,,,,,,
13,Sinnonhyeon Station,Error,error,,,,,,,,,,,,,,,,,,,,,,,,,,,,,,,
14,Sinnonhyeon Station,Error,error,,,,,,,,,,,,,,,,,,,,,,,,,,,,,,,
15,Sinnonhyeon Station,Error,error,,,,,,,,,,,,,,,,,,,,,,,,,,,,,,,
16,Sinnonhyeon Station,Error,error,,,,,,,,,,,,,,,,,,,,,,,,,,,,,,,
17,Sinnonhyeon Station,Error,error,,,,,,,,,,,,,,,,,,,,,,,,,,,,,,,
18,Sinnonhyeon Station,Error,error,,,,,,,,,,,,,,,,,,,,,,,,,,,,,,,
19,Sinnonhyeon Station,Error,error,,,,,,,,,,,,,,,,,,,,,,,,,,,,,,,
20,Sinnonhyeon Station,Error,error,,,,,,,,,,,,,,,,,,,,,,,,,,,,,,,
21,Sinnonhyeon Station,Error,error,,,,,,,,,,,,,,,,,,,,,,,,,,,,,,,
22,Sinnonhyeon Station,Error,error,,,,,,,,,,,,,,,,,,,,,,,,,,,,,,,
23,Sinnonhyeon Station,Error,error,,,,,,,,,,,,,,,,,,,,,,,,,,,,,,,
24,Sinnonhyeon Station,Error,error,,,,,,,,,,,,,,,,,,,,,,,,,,,,,,,
25,Sinnonhyeon Station,Error,error,,,,,,,,,,,,,,,,,,,,,,,,,,,,,,,
26,Sinnonhyeon Station,Error,error,,,,,,,,,,,,,,,,,,,,,,,,,,,,,,,
27,Sinnonhyeon Station,Error,error,,,,,,,,,,,,,,,,,,,,,,,,,,,,,,,
28,Sinnonhyeon Station,Error,error,,,,,,,,,,,,,,,,,,,,,,,,,,,,,,,
29,Sinnonhyeon Station,Error,error,,,,,,,,,,,,,,,,,,,,,,,,,,,,,,,
30,Sinnonhyeon Station,Error,error,,,,,,,,,,,,,,,,,,,,,,,,,,,,,,,
31,Sinnonhyeon Station,Error,error,,,,,,,,,,,,,,,,,,,,,,,,,,,,,,,
32,Sinnonhyeon Station,Error,error,,,,,,,,,,,,,,,,,,,,,,,,,,,,,,,
33,Sinnonhyeon Station,Error,error,,,,,,,,,,,,,,,,,,,,,,,,,,,,,,,
34,Sinnonhyeon Station,Error,error,,,,,,,,,,,,,,,,,,,,,,,,,,,,,,,
35,Sinnonhyeon Station,Error,error,,,,,,,,,,,,,,,,,,,,,,,,,,,,,,,
36,Sinnonhyeon Station,Error,error,,,,,,,,,,,,,,,,,,,,,,,,,,,,,,,
37,Sinnonhyeon Station,Error,error,,,,,,,,,,,,,,,,,,,,,,,,,,,,,,,
38,Sinnonhyeon Station,Error,error,,,,,,,,,,,,,,,,,,,,,,,,,,,,,,,
39,Sinnonhyeon Station,Error,error,,,,,,,,,,,,,,,,,,,,,,,,,,,,,,,
40,Sinnonhyeon Station,Error,error,,,,,,,,,,,,,,,,,,,,,,,,,,,,,,,
41,Sinnonhyeon Station,Error,error,,,,,,,,,,,,,,,,,,,,,,,,,,,,,,,
42,Sinnonhyeon Station,Error,error,,,,,,,,,,,,,,,,,,,,,,,,,,,,,,,
43,Sinnonhyeon Station,Error,error,,,,,,,,,,,,,,,,,,,,,,,,,,,,,,,
44,Sinnonhyeon Station,Error,error,,,,,,,,,,,,,,,,,,,,,,,,,,,,,,,
45,Sinnonhyeon Station,Error,error,,,,,,,,,,,,,,,,,,,,,,,,,,,,,,,
46,Sinnonhyeon Station,Error,error,,,,,,,,,,,,,,,,,,,,,,,,,,,,,,,
47,Sinnonhyeon Station,Error,error,,,,,,,,,,,,,,,,,,,,,,,,,,,,,,,
48,Sinnonhyeon Station,Error,error,,,,,,,,,,,,,,,,,,,,,,,,,,,,,,,
49,Sinnonhyeon Station,Error,error,,,,,,,,,,,,,,,,,,,,,,,,,,,,,,,
50,Sinnonhyeon Station,Error,error,,,,,,,,,,,,,,,,,,,,,,,,,,,,,,,
51,Sinnonhyeon Station,Error,error,,,,,,,,,,,,,,,,,,,,,,,,,,,,,,,
52,Sinnonhyeon Station,Error,error,,,,,,,,,,,,,,,,,,,,,,,,,,,,,,,
53,Sinnonhyeon Station,Error,error,,,,,,,,,,,,,,,,,,,,,,,,,,,,,,,
54,Sinnonhyeon Station,Error,error,,,,,,,,,,,,,,,,,,,,,,,,,,,,,,,
55,Sinnonhyeon Station,Error,error,,,,,,,,,,,,,,,,,,,,,,,,,,,,,,,
56,Sinnonhyeon Station,Error,error,,,,,,,,,,,,,,,,,,,,,,,,,,,,,,,
57,Sinnonhyeon Station,Error,error,,,,,,,,,,,,,,,,,,,,,,,,,,,,,,,
58,Sinnonhyeon Station,Error,error,,,,,,,,,,,,,,,,,,,,,,,,,,,,,,,
59,Sinnonhyeon Station,Error,error,,,,,,,,,,,,,,,,,,,,,,,,,,,,,,,
60,Sinnonhyeon Station,Error,error,,,,,,,,,,,,,,,,,,,,,,,,,,,,,,,
61,Sinnonhyeon Station,Error,error,,,,,,,,,,,,,,,,,,,,,,,,,,,,,,,
62,Sinnonhyeon Station,Error,error,,,,,,,,,,,,,,,,,,,,,,,,,,,,,,,
63,Sinnonhyeon Station,Error,error,,,,,,,,,,,,,,,,,,,,,,,,,,,,,,,
64,Sinnonhyeon Station,Error,error,,,,,,,,,,,,,,,,,,,,,,,,,,,,,,,
65,Sinnonhyeon Station,Error,error,,,,,,,,,,,,,,,,,,,,,,,,,,,,,,,
66,Sinnonhyeon Station,Error,error,,,,,,,,,,,,,,,,,,,,,,,,,,,,,,,
67,Sinnonhyeon Station,Error,error,,,,,,,,,,,,,,,,,,,,,,,,,,,,,,,
68,Sinnonhyeon Station,Error,error,,,,,,,,,,,,,,,,,,,,,,,,,,,,,,,
69,Sinnonhyeon Station,Error,error,,,,,,,,,,,,,,,,,,,,,,,,,,,,,,,
70,Sinnonhyeon Station,0주,,,,,,,,,,,,,,,,,,,,,,,,,,,,,,,,
71,Sinnonhyeon Station,0주,재재식당,씰룩잇,,,,,,,,,,,,,,,,,,,,,,,,,,,,,,
72,Sinnonhyeon Station,0주,광주육전,논현역,신논현역,광주육전,알밤주,강남맛집,영동시장맛집,신논현맛집,신논현역맛집,논현역맛집,,,,,,,,,,,,,,,,,,,,,,
73,Sinnonhyeon Station,0주,,,,,,,,,,,,,,,,,,,,,,,,,,,,,,,,
74,Sinnonhyeon Station,0주,,,,,,,,,,,,,,,,,,,,,,,,,,,,,,,,
75,Sinnonhyeon Station,0주,엘리자벳펌,에쉬브라운,준오헤어강남레드점,긴머리펌,,,,,,,,,,,,,,,,,,,,,,,,,,,,
76,Sinnonhyeon Station,0주,,,,,,,,,,,,,,,,,,,,,,,,,,,,,,,,
77,Sinnonhyeon Station,0주,강남역맛집,재재식당,안심돈까스,먹방,강남맛집,돈까스,먹스타그램,맛스타그램,푸드스타그램,인스타푸드,오늘뭐먹지,데일리,데이트,돈까스맛집,신논현역맛집,foodstagram,instafood,,,,,,,,,,,,,,,
78,Sinnonhyeon Station,0주,끼세끼논현,끼세끼,신논현맛집,신논현역맛집,강남모임장소,강남논현동맛집,강남룸술집,강남,술스타그램,신논현회식장소,신논현이자카야,기세끼,맛스타그램,먹스타,,,,,,,,,,,,,,,,,,
79,Sinnonhyeon Station,0주,세광양대창,신논현역맛집,막창,대창,1970년대느낌,포차,,,,,,,,,,,,,,,,,,,,,,,,,,
80,Sinnonhyeon Station,0주,강남어시장,루프탑,해물포차,강남한복판에이런곳이,갑자기딴세상,수산시장인줄,moetchandon,감사합니다,looftop,lovedthisplace,notpayingfor,foodanddrinks,payingfor,themood,morebeautiful,atnight,신논현역맛집,맛스타그램,lastmonth,,,,,,,,,,,,,
81,Sinnonhyeon Station,0주,치킨앤카레군,치퐁치떡,강남역맛집,강남맛집,강남데이트코스,강남역,역삼동맛집,역삼동,신논현술집,신논현역맛집,강남데이트,역삼맛집,강남치킨,강남맛집추천,강남역데이트,강남카페,강남가볼만한곳,강남핫플,강남이색맛집,강남먹방,신논현,홍대맛집치킨앤카레군,강남역맛집키친앤카레군,,,,,,,,,
82,Sinnonhyeon Station,0주,강남맛집추천,강남맛집베스트,강남역카페,강남맛집,신논현맛집,신논현역맛집,호랑이식당,아우어커피,강남핫플,수제버거맛집,맛집공유,,,,,,,,,,,,,,,,,,,,,
83,Sinnonhyeon Station,0주,FOOD,,,,,,,,,,,,,,,,,,,,,,,,,,,,,,,
84,Sinnonhyeon Station,0주,명동피자,명동맛집,동대문맛집,왕십리맛집,가든파이브맛집,선릉역맛집,대치동맛집,남산맛집,강남역맛집,신논현맛집,신논현역맛집,서울맛집,,,,,,,,,,,,,,,,,,,,
85,Sinnonhyeon Station,0주,치킨앤카레군,신논현술집,신논현역맛집,신논현맛집,강남역맛집,강남역술집,강남역치킨,강남치킨,강남역치맥,강남역치킨맛집,강남역맛집치킨앤카레군,강남cgv,강남파티룸,강남역데이트,강남데이트코스,강남데이트장소,강남역클럽,강남역놀거리,강남역모임,강남회식,강남회식장소,강남역회식추천,강남역핫플,강남역점,강남역11번출구,,,,,,,
86,Sinnonhyeon Station,0주,오늘의맛집,강남역맛집,미도인,대창큐브덮밥,미도인곱창라멘은,미도인,강남역맛집,강남역,신논현역맛집,신논현역,맛집,맛집추천,스테이크,덮밥,라멘,강남맛집,미도인강남,강남데이트,데이트장소,데이트추천,강남역데이트,,,,,,,,,,,
87,Sinnonhyeon Station,0주,신논현맛집,역삼맛집,신논현술집,신논현역맛집,신논현데이트,역삼맛집추천,신논현맛집추천,인기명역삼본점,,,,,,,,,,,,,,,,,,,,,,,,
88,Sinnonhyeon Station,0주,상해루,일일향,송쉐프,홍명,서래향,천미미,,,,,,,,,,,,,,,,,,,,,,,,,,
89,Sinnonhyeon Station,0주,프렌즈세트,모히토,어글리스토브신논현강남역점,크랩로제파스타,안창치킨스테이크콤보,칠리쉬림프아보카도샐러드,강남역맛집,신논현역맛집,신논현맛집,강남역소개팅맛집,어글리스토브,먹스타그램,맛스타그램,좋아요,lfl,맛집,일상,daily,,,,,,,,,,,,,,
90,Sinnonhyeon Station,0주,치킨앤카레군,강남,강남역,역삼,신논현,강남맛집,강남역맛집,강남치킨,강남점심추천,강남역데이트,신논현역맛집,강남역직장인,강남역맛집치킨앤카레군,홍대맛집치킨앤카레군,강남점심,강남점심맛집,강남역점심,강남역점심맛집,강남밥집,강남카페,강남카페추천,강남점심메뉴,,,,,,,,,,
91,Sinnonhyeon Station,0주,치킨앤카레군,강남,강남역,역삼,신논현,강남맛집,강남역맛집,강남치킨,강남점심추천,강남역데이트,신논현역맛집,강남역맛집치킨앤카레군,홍대맛집치킨앤카레군,강남점심,강남점심맛집,강남역점심,강남역점심맛집,강남밥집,강남카페,강남카페추천,강남직장인,,,,,,,,,,,
92,Sinnonhyeon Station,0주,,,,,,,,,,,,,,,,,,,,,,,,,,,,,,,,
93,Sinnonhyeon Station,0주,강남역맛집,신논현역맛집,강남맛집,땀땀,tamtam,먹스타,먹스타그램,먹스타맞팔,먹스타그램맞팔,먹스타소통,음식스타그램,좋반,좋아요반사,좋반테러,좋테,여닝푸드,,,,,,,,,,,,,,,,
94,Sinnonhyeon Station,0주,화려한조명이나를감싸네,화려한조명,빵빵터짐,무월,신논현맛집,신논현역맛집,부동산재테크,부동산모임,낮술,낮술한잔,낮술최고,,,,,,,,,,,,,,,,,,,,,
95,Sinnonhyeon Station,0주,대동강맥주,주말,끝,평일,시작,직딩,직딩스타그램,일상,소통,맞팔,선팔하면맞팔,인친,좋반,좋반테러,강남카페,강남맛집,강남역맛집,신논현역맛집,,,,,,,,,,,,,,
96,Sinnonhyeon Station,Error,error,,,,,,,,,,,,,,,,,,,,,,,,,,,,,,,
97,Sinnonhyeon Station,Error,error,,,,,,,,,,,,,,,,,,,,,,,,,,,,,,,
98,Sinnonhyeon Station,5주,신논현역맛집,신논현맛집,맥주,카스,맥주한잔,,,,,,,,,,,,,,,,,,,,,,,,,,,
99,Sinnonhyeon Station,0주,신논현술집,신논현역맛집,신논현맛집,신논현역술집,강남역맛집,강남역술집,강남역치킨,강남치킨,강남역치맥,강남역치킨맛집,강남역맛집치킨앤카레군,강남cgv,강남파티룸,강남역데이트,강남데이트코스,강남데이트장소,강남역클럽,강남역놀거리,강남역모임,강남역모임장소,강남회식,강남회식장소,강남역회식추천,강남역핫플,강남역점,강남역11번출구,,,,,,
100,Sinnonhyeon Station,0주,맛스타그램,먹스타그램,팟끼마오,태국요리,강남역맛집,신논현역맛집,어메이징타이,,,,,,,,,,,,,,,,,,,,,,,,,
101,Sinnonhyeon Station,0주,고기맛집,까사생갈비,강남역맛집,신논현역맛집,맛있다,jmt,먹스타그램,먹방,맛스타그램,,,,,,,,,,,,,,,,,,,,,,,
102,Sinnonhyeon Station,0주,커리크림치킨,먹스타그래머열매,인플루언서열매,강남역맛집,강남역술집,강남역치킨,강남역맥주,강남역칵테일,강남맛집,강남술집,강남치킨,강남맥주,강남역9번출구,신논현맛집,신논현역맛집,강남역맛집치킨앤카레군,신논현카페,강남라운지,강남역요가,강남필라테스,강남역파스타,강남역소개팅,강남데이트,강남역맛집베스트10,강남맛집추천,강남역회식장소,강남회식,강남역핫플레이스,강남핫플,강남역,,
103,Sinnonhyeon Station,0주,UFO버거,호텔조식버거,햄버거,신논현역맛집,햄버거맛집,자영업자화이팅,,,,,,,,,,,,,,,,,,,,,,,,,,
104,Sinnonhyeon Station,0주,,,,,,,,,,,,,,,,,,,,,,,,,,,,,,,,
105,Sinnonhyeon Station,0주,신논현역맛집,신논현식장소,세광양대창,,,,,,,,,,,,,,,,,,,,,,,,,,,,,
106,Sinnonhyeon Station,0주,delinavi,cafe,daily,instagram,l4l,,,,,,,,,,,,,,,,,,,,,,,,,,,
107,Sinnonhyeon Station,0주,rebels,,,,,,,,,,,,,,,,,,,,,,,,,,,,,,,
108,Sinnonhyeon Station,0주,하이볼맛집,논현하이볼,유로포차,유로포차논현본점,영동시장맛집,영동시장포차,논현역맛집,신논현맛집,영동시장술집,화로구이맛집,논현동맛집,논현역맛집,신논현포차,신논현역맛집,유림상회,단체,단체모임,논현단체,논현회식,ad,,,,,,,,,,,,
109,Sinnonhyeon Station,0주,신논현역맛집,,,,,,,,,,,,,,,,,,,,,,,,,,,,,,,
110,Sinnonhyeon Station,0주,명동피자,명동맛집,동대문맛집,왕십리맛집,가든파이브맛집,선릉역맛집,대치동맛집,남산맛집,강남역맛집,신논현맛집,신논현역맛집,서울맛집,,,,,,,,,,,,,,,,,,,,
111,Sinnonhyeon Station,0주,신논현역맛집,강남맛집,강남역,이자카야,은하수,사시미모리아와세,,,,,,,,,,,,,,,,,,,,,,,,,,
112,Sinnonhyeon Station,0주,,,,,,,,,,,,,,,,,,,,,,,,,,,,,,,,
113,Sinnonhyeon Station,0주,instafood,koreanfood,foodstagram,tasty,jmt,dumplings,dumplingstew,hotpot,gangnam,,,,,,,,,,,,,,,,,,,,,,,
114,Sinnonhyeon Station,0주,foodvideography,,,,,,,,,,,,,,,,,,,,,,,,,,,,,,,
115,Sinnonhyeon Station,0주,,,,,,,,,,,,,,,,,,,,,,,,,,,,,,,,
116,Sinnonhyeon Station,0주,김포,글린파크,gleencafe,핫카페,아들면회,해병대,서울여행,한양도성,dormyinnhotel,도미인서울강남,신논현역맛집,한양집,가족여행,,,,,,,,,,,,,,,,,,,
117,Sinnonhyeon Station,0주,food,pizza,,,,,,,,,,,,,,,,,,,,,,,,,,,,,,
118,Sinnonhyeon Station,0주,,,,,,,,,,,,,,,,,,,,,,,,,,,,,,,,
119,Sinnonhyeon Station,0주,역삼동맛집,역삼동돈까스,강남돈까스,강남돈까스맛집,신논현맛집,신논현역맛집,신논현돈까스,경양카츠강남점,강남경양카츠,경양카츠,카츠맛집,돈카츠,돈까스맛집,먹스타그램,맛스타그램,맛집스타그램,맛집,치즈돈까스,등심돈까스,한상차림,등심카츠,치즈카츠,치즈카츠맛집,카츠맛집,카츠,일상스타그램,일상,점심식사,맛있는한끼,,,
120,Sinnonhyeon Station,0주,강남맛집,홍대맛집,치카군치킨플래터,파인애플샤베트,신논현술집,신논현역맛집,신논현맛집,신논현역술집,강남역맛집,강남역술집,강남역치킨,강남치킨,강남역치맥,강남역치킨맛집,강남역맥주,강남역칵테일,강남역,신논현역,강남역맛집치킨앤카레군,홍대술집,홍대술집맛집,홍대치킨,홍대입구맛집,홍대입구술집,홍대치킨,홍대치킨맛집,홍대맥주,홍대맛집치킨앤카레군,,,,
121,Sinnonhyeon Station,0주,신논현역맛집,족발야시장,보쌈,보쌈맛집,소맥,강남역맛집,불토,,,,,,,,,,,,,,,,,,,,,,,,,
122,Sinnonhyeon Station,0주,세광양대창,신논현역맛집,신논현회식장소,세광양대창,,,,,,,,,,,,,,,,,,,,,,,,,,,,
123,Sinnonhyeon Station,0주,winebar,cellarb,gangnam,seoul,강남역맛집,강남역와인바,신논현와인바,신논현역맛집,강남역데이트,셀라비,와인바,감바스,맛집스타그램,맛집탐방,jmt,맞팔,서울맛집,맛집추천,,,,,,,,,,,,,,
124,Sinnonhyeon Station,0주,강남맛집,스시메이진,강남사거리맛집,강남스시뷔페,강남스시,강남초밥뷔페,초밥뷔페,강남역초밥,강남초밥맛집,신논현역맛집,신논현맛집,맞팔,팔로우,먹방,먹스타그램,,,,,,,,,,,,,,,,,
125,Sinnonhyeon Station,Error,error,,,,,,,,,,,,,,,,,,,,,,,,,,,,,,,
126,Sinnonhyeon Station,0주,상해루,강남상해루,중국집추천,신논현역맛집,일렉트로마트건물에있음,,,,,,,,,,,,,,,,,,,,,,,,,,,
127,Sinnonhyeon Station,0주,명동피자,명동맛집,동대문맛집,왕십리맛집,가든파이브맛집,선릉역맛집,대치동맛집,남산맛집,강남역맛집,신논현맛집,신논현역맛집,서울맛집,,,,,,,,,,,,,,,,,,,,
128,Sinnonhyeon Station,0주,논현동카페,논현카페,강남역카페추천,신논현역맛집,논현동맛집,논현동카페,,,,,,,,,,,,,,,,,,,,,,,,,,
129,Sinnonhyeon Station,0주,,,,,,,,,,,,,,,,,,,,,,,,,,,,,,,,
130,Sinnonhyeon Station,0주,food,,,,,,,,,,,,,,,,,,,,,,,,,,,,,,,
131,Sinnonhyeon Station,0주,기세끼,tastyroad,기세끼,수제비짬뽕탕,매운해물볶음면,모듬고로케,샤케,신논현맛집,신논현역맛집,강남모임장소,강남논현동맛집,강남룸술집,신논현회식장소,신논현이자카야,먹팔,맛팔,먹스타,맛스타,먹스타맞팔,맛스타맞팔,좋아요,좋반,음식,푸드스타그램,likeforlikes,likeforfollow,like4likes,yummy,,,,
132,Sinnonhyeon Station,0주,sobremesa,gangnam,seoul,restaurant,spanish,gambas,paella,jamon,강남역맛집,강남맛집,강남역레스토랑,강남역데이트,신논현역맛집,미슐랭,소브레메사,맛집스타그램,맛집탐방,JMT,맞팔,,,,,,,,,,,,,
133,Sinnonhyeon Station,0주,,,,,,,,,,,,,,,,,,,,,,,,,,,,,,,,
134,Sinnonhyeon Station,0주,오이냉국,오이냉국수,덥다더워,신논현역맛집,논현역맛집,강남역맛집,논현또바기,신논현1번출구,신논현또바기,반포또바기,또바기포차,또바기,맛스타그램,먹스타그램,좋아요반사,선팔맞팔환영,,,,,,,,,,,,,,,,
135,Sinnonhyeon Station,0주,,,,,,,,,,,,,,,,,,,,,,,,,,,,,,,,
136,Sinnonhyeon Station,0주,,,,,,,,,,,,,,,,,,,,,,,,,,,,,,,,
137,Sinnonhyeon Station,0주,여보야친구분들,남대문,동대문탐방,연애시절맛집,신논현역맛집,애플하우스도가고시포,,,,,,,,,,,,,,,,,,,,,,,,,,
138,Sinnonhyeon Station,0주,코로나리타,치킨앤카레군,신논현술집,신논현역맛집,신논현맛집,신논현역술집,강남역맛집,강남역술집,강남역치킨,강남치킨,강남역치맥,강남역치킨맛집,강남역맥주,강남역칵테일,강남역,신논현역,강남역맛집치킨앤카레군,,,,,,,,,,,,,,,
139,Sinnonhyeon Station,0주,세광양대창,신논현역맛집,신논현역회식장소,세광양대창,,,,,,,,,,,,,,,,,,,,,,,,,,,,
140,Sinnonhyeon Station,0주,세광양대창,신논현역맛집,신논현역회식장소,세광양대창,,,,,,,,,,,,,,,,,,,,,,,,,,,,
141,Sinnonhyeon Station,0주,강남술집,강남핫플,언주역맛집,,,,,,,,,,,,,,,,,,,,,,,,,,,,,
142,Sinnonhyeon Station,0주,,,,,,,,,,,,,,,,,,,,,,,,,,,,,,,,
143,Sinnonhyeon Station,0주,명동피자,명동맛집,동대문맛집,왕십리맛집,가든파이브맛집,선릉역맛집,대치동맛집,남산맛집,강남역맛집,신논현맛집,신논현역맛집,서울맛집,,,,,,,,,,,,,,,,,,,,
144,Sinnonhyeon Station,0주,,,,,,,,,,,,,,,,,,,,,,,,,,,,,,,,
145,Sinnonhyeon Station,0주,신논현맛집,역삼맛집,신논현술집,신논현역맛집,신논현데이트,역삼맛집추천,신논현맛집추천,인기명역삼본점,,,,,,,,,,,,,,,,,,,,,,,,
146,Sinnonhyeon Station,0주,,,,,,,,,,,,,,,,,,,,,,,,,,,,,,,,
147,Sinnonhyeon Station,0주,플렉스리타,치퐁치떡,강남역맛집,강남역술집,강남역치킨,강남역맥주,강남역칵테일,강남맛집,강남술집,강남치킨,강남맥주,강남역,강남역9번출구,신논현맛집,신논현역맛집,신논현역,강남역맛집치킨앤카레군,,,,,,,,,,,,,,,
148,Sinnonhyeon Station,0주,,,,,,,,,,,,,,,,,,,,,,,,,,,,,,,,
149,Sinnonhyeon Station,0주,muckbang,,,,,,,,,,,,,,,,,,,,,,,,,,,,,,,
150,Sinnonhyeon Station,0주,신논현역맛집,강남고깃집,냉동삼겹살,주말에,형이랑,,,,,,,,,,,,,,,,,,,,,,,,,,,
151,Sinnonhyeon Station,0주,,,,,,,,,,,,,,,,,,,,,,,,,,,,,,,,
152,Sinnonhyeon Station,8주,정슐랭호랑이식당,정슐랭별둘,,,,,,,,,,,,,,,,,,,,,,,,,,,,,,
153,Sinnonhyeon Station,Error,error,,,,,,,,,,,,,,,,,,,,,,,,,,,,,,,
154,Sinnonhyeon Station,0주,하몽하몽이베리코,목살맛집,강남역맛집,강남회식,회식맛집,이베리코맛집,삼겹살맛집,이베리코흑돼지맛집,신논현역맛집,신논현회식,맛집,,,,,,,,,,,,,,,,,,,,,
155,Sinnonhyeon Station,0주,fresh,Gangnam,blue,sushi,sashimi,salad,,,,,,,,,,,,,,,,,,,,,,,,,,
156,Sinnonhyeon Station,0주,,,,,,,,,,,,,,,,,,,,,,,,,,,,,,,,
157,Sinnonhyeon Station,0주,사람사는고깃집김일도,신논현역맛집,숙성고기,김일도,,,,,,,,,,,,,,,,,,,,,,,,,,,,
158,Sinnonhyeon Station,0주,봉남부추꼬꼬,부추꼬꼬,강남맛집,논현역,논현역맛집,논현역술집,신논현역맛집,강남백숙,닭백숙,술이술술,강남술집,논현역술집,안주맛집,,,,,,,,,,,,,,,,,,,
159,Sinnonhyeon Station,0주,신논현역맛집,신논현맛집,더블트러블,수제샌드위치,,,,,,,,,,,,,,,,,,,,,,,,,,,,
160,Sinnonhyeon Station,0주,OTUL,활가리비찜,왕홍새우소금구이,산낙지볶음,조개탕,라면전골,,,,,,,,,,,,,,,,,,,,,,,,,,
161,Sinnonhyeon Station,0주,참치고추김밥,달김밥,달김밥메뉴,강남역,신논현역,신논현역7번출구,신논현역분식,참치김밥,신논현역맛집,서초동맛집,,,,,,,,,,,,,,,,,,,,,,
162,Sinnonhyeon Station,0주,짜장면,먹스타그램,맛집스타그램,,,,,,,,,,,,,,,,,,,,,,,,,,,,,
163,Sinnonhyeon Station,0주,,,,,,,,,,,,,,,,,,,,,,,,,,,,,,,,
164,Sinnonhyeon Station,0주,치맥하기좋은날,플렉스해버렸지뭐야,코로나리타,크루저리타,플렉스리타,플렉스,강남역,치킨앤카레군,강남역맛집,강남역치킨,강남역술집,강남역핫플,강남역데이트,강남역소개팅,강남역칵테일바,강남칵테일맛집,강남치킨맛집,강남치맥,신논현맛집,신논현역맛집,신논현술집,맛집그램,치맥그램,플렉스소주,치맥,치맥라이프,치킨앤카레군강남,,,,,
165,Sinnonhyeon Station,0주,,,,,,,,,,,,,,,,,,,,,,,,,,,,,,,,
166,Sinnonhyeon Station,0주,세광양대창,신논현역맛집,신논현역회식장소,세광양대창,기나긴미팅,맛집찾아삼만리,큐봉,지쿱김하나,,,,,,,,,,,,,,,,,,,,,,,,
167,Sinnonhyeon Station,0주,명동피자,명동맛집,동대문맛집,왕십리맛집,가든파이브맛집,선릉역맛집,대치동맛집,남산맛집,강남역맛집,신논현맛집,신논현역맛집,서울맛집,,,,,,,,,,,,,,,,,,,,
168,Sinnonhyeon Station,0주,강남대로,강남핫플레이스,루프탑술집,강남어시장,나는굽신굽신,OTUL,바카스타그램,비굴한중년,오늘도잘먹었습니다,신논현역술집,논현역술집,영동시장술집,영동시장맛집,논현역맛집,신논현역맛집,강남루프탑,강남루프탑포차,루프탑포장마차,루프탑포차,,,,,,,,,,,,,
169,Sinnonhyeon Station,0주,생활맥주,생활치킨,생맥,생활맥주논현영동시장점,수제맥주,치맥,치킨,논현역맛집,신논현역맛집,논현동맛집,신논현맛집,낮술,낮맥,감튀,마스크,무료증정,먹스타그램,배달의민족,배민,배달맛집,,,,,,,,,,,,
170,Sinnonhyeon Station,0주,알로하포케학동점,신논현역맛집,이제여름인가,오늘도공부,웨딩공부중,신이난다신이나,,,,,,,,,,,,,,,,,,,,,,,,,,
171,Sinnonhyeon Station,0주,치킨앤카레군,강남,강남역,역삼,신논현,강남맛집,강남역맛집,강남치킨,강남점심추천,서울맛집,강남역데이트,신논현역맛집,강남역맛집치킨앤카레군,홍대맛집치킨앤카레군,강남점심,강남점심맛집,강남역점심,강남역점심맛집,강남밥집,강남카페,강남카페추천,강남직장인,,,,,,,,,,
172,Sinnonhyeon Station,0주,맛타고라스강남역,,,,,,,,,,,,,,,,,,,,,,,,,,,,,,,
173,Sinnonhyeon Station,0주,헬로울산,무거동맛집,산오징어,싱싱함가득,착한오징어,해산물,먹스타맞팔,먹스타그램,맛스타그램,선팔하면맞팔,맞팔댓글,맞팔환영,,,,,,,,,,,,,,,,,,,,
174,Sinnonhyeon Station,0주,맛타고라스강남역,,,,,,,,,,,,,,,,,,,,,,,,,,,,,,,
175,Sinnonhyeon Station,0주,맛타고라스강남역,,,,,,,,,,,,,,,,,,,,,,,,,,,,,,,
176,Sinnonhyeon Station,0주,팔로우환영,음식스타그램,음식,,,,,,,,,,,,,,,,,,,,,,,,,,,,,
177,Sinnonhyeon Station,0주,이춘복참치,참치,신논현,회,사시미,술안주,저녁식사,진로,sashimi,dinner,Tuna,신논현맛집,신논현역,신논현역맛집,강남,강남맛집,맛스타그램,먹스타그램,,,,,,,,,,,,,,
178,Sinnonhyeon Station,0주,,,,,,,,,,,,,,,,,,,,,,,,,,,,,,,,
179,Sinnonhyeon Station,0주,,,,,,,,,,,,,,,,,,,,,,,,,,,,,,,,
180,Sinnonhyeon Station,Error,error,,,,,,,,,,,,,,,,,,,,,,,,,,,,,,,
181,Sinnonhyeon Station,Error,error,,,,,,,,,,,,,,,,,,,,,,,,,,,,,,,
182,Sinnonhyeon Station,1주,,,,,,,,,,,,,,,,,,,,,,,,,,,,,,,,
183,Sinnonhyeon Station,1주,,,,,,,,,,,,,,,,,,,,,,,,,,,,,,,,
184,Sinnonhyeon Station,1주,,,,,,,,,,,,,,,,,,,,,,,,,,,,,,,,
185,Sinnonhyeon Station,1주,강남역맛집,신논현역맛집,강남역초밥,올바른스시,,,,,,,,,,,,,,,,,,,,,,,,,,,,
186,Sinnonhyeon Station,1주,ad,,,,,,,,,,,,,,,,,,,,,,,,,,,,,,,
187,Sinnonhyeon Station,1주,huickhuick,huickhuickshake,shake,milkshake,배달,배달맛집,휙휙,휙휙쉐이크,쉐이크맛집,쉐이크,밀크쉐이크,쉐이크추천,맛집,강남쉐이크,언주역맛집,카페,학동역맛집,역삼역맛집,강남역맛집,신사역맛집,논현역맛집,신논현역맛집,커피,커피맛집,강남커피,커피배달,쉐이크배달,브라우니,브라우니맛집,,,
188,Sinnonhyeon Station,1주,신논현맛집,신논현역맛집,정돈,정돈돈까스,등심스페셜,한정수량,기린이치방,,,,,,,,,,,,,,,,,,,,,,,,,
189,Sinnonhyeon Station,1주,,,,,,,,,,,,,,,,,,,,,,,,,,,,,,,,
190,Sinnonhyeon Station,1주,food,,,,,,,,,,,,,,,,,,,,,,,,,,,,,,,
191,Sinnonhyeon Station,1주,신논현역맛집,육삼가,꽃삼겹살,회식,워킹맘,,,,,,,,,,,,,,,,,,,,,,,,,,,
192,Sinnonhyeon Station,1주,,,,,,,,,,,,,,,,,,,,,,,,,,,,,,,,
193,Sinnonhyeon Station,1주,영수증부업,,,,,,,,,,,,,,,,,,,,,,,,,,,,,,,
194,Sinnonhyeon Station,1주,명동피자,명동맛집,동대문맛집,왕십리맛집,가든파이브맛집,선릉역맛집,대치동맛집,남산맛집,강남역맛집,신논현맛집,신논현역맛집,서울맛집,,,,,,,,,,,,,,,,,,,,
195,Sinnonhyeon Station,1주,치킨카레,치맥맛집,치킨앤카레군,강남역치킨,강남치킨맛집,강남역치맥,강남술집,강남회식,신논현역맛집,신논현역맛집추천,신논현역술집,신논현역회식,치킨덕후,치킨스타그램,치맥데이,치맥스타그램,홍대맛집,홍대입구역맛집,홍대역술집,홍대치킨,홍대치킨맛집,치킨앤카레군,,,,,,,,,,
196,Sinnonhyeon Station,1주,도쿄스테이크,부채살스테이크,명란파스타,대창덮밥,데이트맛집,스테이크맛집,가성비맛집,맛스타그램,맛집추천,맛집베스트,강남맛집,강남역맛집,대창덮밥맛집,라멘맛집,먹스타그램,맛스타그램,신논현역맛집,,,,,,,,,,,,,,,
197,Sinnonhyeon Station,1주,huickhuick,huickhuickshake,shake,milkshake,배달,배달맛집,휙휙,휙휙쉐이크,쉐이크맛집,쉐이크,밀크쉐이크,쉐이크추천,맛집,강남쉐이크,언주역맛집,카페,학동역맛집,역삼역맛집,강남역맛집,신사역맛집,논현역맛집,신논현역맛집,커피,커피맛집,강남커피,커피배달,쉐이크배달,브라우니,브라우니맛집,,,
198,Sinnonhyeon Station,1주,huickhuick,huickhuickshake,shake,milkshake,배달,배달맛집,휙휙,휙휙쉐이크,쉐이크맛집,쉐이크,밀크쉐이크,쉐이크추천,맛집,강남쉐이크,언주역맛집,카페,학동역맛집,역삼역맛집,강남역맛집,신사역맛집,논현역맛집,신논현역맛집,커피,커피맛집,강남커피,커피배달,쉐이크배달,브라우니,브라우니맛집,,,
199,Sinnonhyeon Station,1주,huickhuick,huickhuickshake,shake,milkshake,배달,배달맛집,휙휙,휙휙쉐이크,쉐이크맛집,쉐이크,밀크쉐이크,쉐이크추천,맛집,강남쉐이크,언주역맛집,카페,학동역맛집,역삼역맛집,강남역맛집,신사역맛집,논현역맛집,신논현역맛집,커피,커피맛집,강남커피,커피배달,쉐이크배달,브라우니,브라우니맛집,,,
200,Sinnonhyeon Station,1주,huickhuick,huickhuickshake,shake,milkshake,배달,배달맛집,휙휙,휙휙쉐이크,쉐이크맛집,쉐이크,밀크쉐이크,쉐이크추천,맛집,강남쉐이크,언주역맛집,카페,학동역맛집,역삼역맛집,강남역맛집,신사역맛집,논현역맛집,신논현역맛집,커피,커피맛집,강남커피,커피배달,쉐이크배달,브라우니,브라우니맛집,,,
201,Sinnonhyeon Station,1주,huickhuick,huickhuickshake,shake,milkshake,배달,배달맛집,휙휙,휙휙쉐이크,쉐이크맛집,쉐이크,밀크쉐이크,쉐이크추천,맛집,강남쉐이크,언주역맛집,카페,학동역맛집,역삼역맛집,강남역맛집,신사역맛집,논현역맛집,신논현역맛집,커피,커피맛집,강남커피,커피배달,쉐이크배달,브라우니,브라우니맛집,,,
202,Sinnonhyeon Station,1주,논현동카페,논현카페,강남역카페추천,신논현역맛집,논현동맛집,논현동카페,,,,,,,,,,,,,,,,,,,,,,,,,,
203,Sinnonhyeon Station,1주,강남역맛집,강남맛집,신논현맛집,신논현역맛집,매운갈비찜,매우매오,맛집추천,좋아요반사,좋아요,먹스타맞팔,먹스타그램,술스타그램,맞팔,선팔,먹팔,댓글환영,인친,daily,lfl,likeforlikes,like4likes,food,,,,,,,,,,
204,Sinnonhyeon Station,1주,유로포차논현본점,닭가슴살샐러드,하이볼,하이볼맛집,논현하이볼,유로포차,영동시장맛집,영동시장포차,논현역맛집,신논현맛집,영동시장술집,화로구이맛집,논현동맛집,논현역맛집,신논현포차,신논현역맛집,유림상회,단체,단체모임,논현단체,논현회식,ad,,,,,,,,,,
205,Sinnonhyeon Station,1주,,,,,,,,,,,,,,,,,,,,,,,,,,,,,,,,
206,Sinnonhyeon Station,1주,샤오룽바오,탕탕미엔,포스트푸드,포스트푸디,온면,논현동,먹부림,호로록,논현동맛집,우육면,강남맛집탐방,논현동맛집,영동시장근처,신상맛집,신논현맛집,논현역맛집,강남맛집추천,신논현역맛집,,,,,,,,,,,,,,
207,Sinnonhyeon Station,1주,음식일기,먹자골목,,,,,,,,,,,,,,,,,,,,,,,,,,,,,,
208,Sinnonhyeon Station,1주,,,,,,,,,,,,,,,,,,,,,,,,,,,,,,,,
209,Sinnonhyeon Station,1주,함지곱창,,,,,,,,,,,,,,,,,,,,,,,,,,,,,,,
210,Sinnonhyeon Station,1주,먹스타그램,저녁스타그램,인계동껍데기,인계동껍데기강남,인계동껍데기강남점,꼬들살,오겹살,강남역껍데기,신논현역껍데기,강남역껍데기맛집,신논현껍데기맛집,강남역맛집,신논현역맛집,,,,,,,,,,,,,,,,,,,
211,Sinnonhyeon Station,1주,,,,,,,,,,,,,,,,,,,,,,,,,,,,,,,,
212,Sinnonhyeon Station,1주,,,,,,,,,,,,,,,,,,,,,,,,,,,,,,,,
213,Sinnonhyeon Station,70주,서초맛집,신논현맛집,신논현역맛집,,,,,,,,,,,,,,,,,,,,,,,,,,,,,
214,Sinnonhyeon Station,1주,yummy,food,foodstagram,daily,chicken,jmt,,,,,,,,,,,,,,,,,,,,,,,,,,
215,Sinnonhyeon Station,1주,강남역,신논현역,낙원테산도,낙원오믈렛,통베이컨매콤크림파스타,호르몬동,,,,,,,,,,,,,,,,,,,,,,,,,,
216,Sinnonhyeon Station,1주,,,,,,,,,,,,,,,,,,,,,,,,,,,,,,,,
217,Sinnonhyeon Station,1주,명동피자,명동맛집,동대문맛집,왕십리맛집,가든파이브맛집,선릉역맛집,대치동맛집,남산맛집,강남역맛집,신논현맛집,신논현역맛집,서울맛집,,,,,,,,,,,,,,,,,,,,
218,Sinnonhyeon Station,1주,하이볼맛집,논현하이볼,유로포차,유로포차논현본점,영동시장맛집,영동시장포차,논현역맛집,신논현맛집,영동시장술집,화로구이맛집,논현동맛집,논현역맛집,신논현포차,신논현역맛집,유림상회,단체,단체모임,논현단체,논현회식,ad,ad,,,,,,,,,,,
219,Sinnonhyeon Station,1주,LONELY,,,,,,,,,,,,,,,,,,,,,,,,,,,,,,,
220,Sinnonhyeon Station,1주,,,,,,,,,,,,,,,,,,,,,,,,,,,,,,,,
221,Sinnonhyeon Station,1주,유림상회,유림상회논현본점,영동시장맛집,해산물맛집,해산물요리,해산물포차,영동시장술집,화로구이맛집,논현동맛집,논현역맛집,신논현맛집,신논현역맛집,유로포차,ad,,,,,,,,,,,,,,,,,,
222,Sinnonhyeon Station,1주,,,,,,,,,,,,,,,,,,,,,,,,,,,,,,,,
223,Sinnonhyeon Station,1주,인생돈까스,경양카츠,경양카츠강남점,역삼동맛집,역삼동돈까스,강남돈까스,강남돈까스맛집,신논현맛집,신논현역맛집,신논현돈까스,,,,,,,,,,,,,,,,,,,,,,
224,Sinnonhyeon Station,1주,갑분양,세광양대창,신논현역맛집,신논현역회식장소,세광양대창,,,,,,,,,,,,,,,,,,,,,,,,,,,
225,Sinnonhyeon Station,1주,추가요금도많이나와서,AD,,,,,,,,,,,,,,,,,,,,,,,,,,,,,,
226,Sinnonhyeon Station,1주,,,,,,,,,,,,,,,,,,,,,,,,,,,,,,,,
227,Sinnonhyeon Station,1주,서울집,신논현역맛집,비빔밥맛집,,,,,,,,,,,,,,,,,,,,,,,,,,,,,
228,Sinnonhyeon Station,1주,,,,,,,,,,,,,,,,,,,,,,,,,,,,,,,,
229,Sinnonhyeon Station,1주,신논현맛집,신논현역맛집,기세끼논현,강남모임장소,강남논현동맛집,강남룸술집,신논현회식장소,신논현이자카야,기세끼,맛집스타그램,맛스타그램,선팔맞팔,맞팔해요,좋반,일상,좋아요반사,먹스타그램,맛집,소고기타다끼,모듬고로케,오징어치즈떡볶이,맛있다그램,수다,오랜만,,,,,,,,
230,Sinnonhyeon Station,1주,명동피자,명동맛집,동대문맛집,왕십리맛집,가든파이브맛집,선릉역맛집,대치동맛집,남산맛집,강남역맛집,신논현맛집,신논현역맛집,서울맛집,,,,,,,,,,,,,,,,,,,,
231,Sinnonhyeon Station,1주,이태원클라쓰꽃집,논현역꽃집,언주역꽃집,신논현역꽃집이태원클라쓰꽃집,신논현역방송협찬,신논현역꽃집행사꽃,샤인온미,신논현역꽃집어버이날카네이션,신논현역꽃집대형꽃다발,프로포즈,여친꽃다발신논현역꽃집,신논현역꽃집100송이,강남역꽃집,교보감성꽃집샤인온미,신논현역꽃집연예인꽃집샤인온미,신논현역꽃집,신논현역꽃집샤인온미,신논현역꽃집,신논현역꽃집방송꽃집,신논현역꽃집단체주문할인,신논현역꽃집방송드라마꽃집,신논현역꽃집,신논현역3번출구,강남꽃집연예인꽃집,강남꽃풍선,강남꽃집방송드라마꽃집,강남역꽃집연예인꽃집,논현동꽃집연예인꽃집,신논현역맛집,신논현역데이트,,
232,Sinnonhyeon Station,1주,잉슈픽,루프808,,,,,,,,,,,,,,,,,,,,,,,,,,,,,,
233,Sinnonhyeon Station,1주,르메르디앙서울,셰프팔레트,양갈비맛집,르메르디앙호텔,하루의휴가,서울데이트,서울데이트코스,,,,,,,,,,,,,,,,,,,,,,,,,
234,Sinnonhyeon Station,1주,하이볼맛집,논현하이볼,유로포차,유로포차논현본점,영동시장맛집,영동시장포차,논현역맛집,신논현맛집,영동시장술집,화로구이맛집,논현동맛집,논현역맛집,신논현포차,신논현역맛집,유림상회,단체,단체모임,논현단체,논현회식,ad,,,,,,,,,,,,
235,Sinnonhyeon Station,1주,신논현역맛집,돈까스맛집,정돈,,,,,,,,,,,,,,,,,,,,,,,,,,,,,
236,Sinnonhyeon Station,1주,,,,,,,,,,,,,,,,,,,,,,,,,,,,,,,,
237,Sinnonhyeon Station,1주,,,,,,,,,,,,,,,,,,,,,,,,,,,,,,,,
238,Sinnonhyeon Station,1주,세광양대창,신논현역맛집,신논현역회식장소,세광양대창,,,,,,,,,,,,,,,,,,,,,,,,,,,,
239,Sinnonhyeon Station,20주,논현동맛집,신논현역맛집,아나고야,파라원논현동,파라원신논현역,,,,,,,,,,,,,,,,,,,,,,,,,,,
240,Sinnonhyeon Station,1주,기세끼,신논현맛집,신논현이자카야,물회,모듬고로케,신논현역맛집,강남,외식,일상,먹스타그램,강남논현동맛집,먹스타소통,먹팔,술스타그램,먹스타맛팔,좋반,좋아요반사,좋아요,맞팔,팔로우,먹스타,소통,먹부림,신논현회식장소,강남룸술집,강남모임장소,f4f,데일리,,,,
241,Sinnonhyeon Station,1주,강남,신논현역,역삼동,유가네,역삼,강남,신논현역,닭갈비볶음밥,유가네,볶음밥,볶음밥,닭갈비볶음밥,강남역닭갈비볶음밥맛집,역삼,강남역닭갈비볶음밥,역삼동유가네,유가네강남역점,foodie,foodstagram,daily,맛쟁이,,,,,,,,,,,
242,Sinnonhyeon Station,1주,강남역,thedaldalcafe,,,,,,,,,,,,,,,,,,,,,,,,,,,,,,
243,Sinnonhyeon Station,1주,크리링,갈릭소이치킨,치킨앤카레군,신논현술집,신논현역맛집,강남역맛집치킨앤카레군,강남cgv,강남파티룸,강남역데이트,강남데이트코스,강남데이트장소,강남역클럽,신논현맛집,신논현역술집,강남역맛집,강남역술집,강남역치킨,강남치킨,강남역치맥,강남역치킨맛집,강남역놀거리,강남역모임,강남역모임장소,강남회식,강남회식장소,강남역회식추천,강남역핫플,강남역점,강남역11번출구,,,
244,Sinnonhyeon Station,1주,강남,강남역맛집,강남술집,신논현역맛집,신논현역술집,신논현역,5월마무리,6월시작,뀨,가가가가,놀자놀자,,,,,,,,,,,,,,,,,,,,,
245,Sinnonhyeon Station,1주,ad,codebingram,,,,,,,,,,,,,,,,,,,,,,,,,,,,,,
246,Sinnonhyeon Station,1주,15000,신논현역맛집,강남역맛집,신논현역치킨,신논현치킨맛집,치향저격,소통스타그램,맞팔스타그램,자곰,,,,,,,,,,,,,,,,,,,,,,,
247,Sinnonhyeon Station,1주,플렉스리타,치킨앤카레군,강남역맛집,강남역술집,강남역치킨,강남역맥주,강남역칵테일,강남맛집,강남술집,강남치킨,강남맥주,강남역9번출구,신논현맛집,신논현역맛집,강남역맛집치킨앤카레군,신논현카페,강남라운지,강남역요가,강남필라테스,강남역파스타,강남역소개팅,강남데이트,강남역맛집베스트10,강남맛집추천,강남역회식장소,강남회식,강남역핫플레이스,강남핫플,강남역,,,
248,Sinnonhyeon Station,1주,기세끼,신논현맛집,신논현역맛집,강남논현동맛집,강남모임장소,강남룸술집,신논현회식장소,신논현이자카야,논현이자카야,논현동이자카야,논현동술집,신논현술집,,,,,,,,,,,,,,,,,,,,
249,Sinnonhyeon Station,1주,미분당강남점,미분당강남,미분당강남역,강남맛집,강남역맛집,강남혼밥,강남역혼밥,강남쌀국수,강남역쌀국수,쌀국수,베트남쌀국수,강남미분당,강남역미분당,신논현맛집,신논현맛집추천,신논현미분당,차돌양지쌀국수,신논현역맛집,신논현역혼밥,신논현역쌀국수,역삼맛집,신논현,신논현역미분당,신논현미분당,,,,,,,,
250,Sinnonhyeon Station,1주,huickhuick,huickhuickshake,shake,milkshake,배달,배달맛집,휙휙,휙휙쉐이크,쉐이크맛집,쉐이크,밀크쉐이크,쉐이크추천,맛집,강남쉐이크,언주역맛집,카페,학동역맛집,역삼역맛집,강남역맛집,신사역맛집,논현역맛집,신논현역맛집,커피,커피맛집,강남커피,커피배달,쉐이크배달,브라우니,브라우니맛집,,,
251,Sinnonhyeon Station,1주,huickhuick,huickhuickshake,shake,milkshake,배달,배달맛집,휙휙,휙휙쉐이크,쉐이크맛집,쉐이크,밀크쉐이크,쉐이크추천,맛집,강남쉐이크,언주역맛집,카페,학동역맛집,역삼역맛집,강남역맛집,신사역맛집,논현역맛집,신논현역맛집,커피,커피맛집,강남커피,커피배달,쉐이크배달,브라우니,브라우니맛집,,,
252,Sinnonhyeon Station,1주,huickhuick,huickhuickshake,shake,milkshake,배달,배달맛집,휙휙,휙휙쉐이크,쉐이크맛집,쉐이크,밀크쉐이크,쉐이크추천,맛집,강남쉐이크,언주역맛집,카페,학동역맛집,역삼역맛집,강남역맛집,신사역맛집,논현역맛집,신논현역맛집,커피,커피맛집,강남커피,커피배달,쉐이크배달,브라우니,브라우니맛집,,,
253,Sinnonhyeon Station,1주,huickhuick,huickhuickshake,shake,milkshake,배달,배달맛집,휙휙,휙휙쉐이크,쉐이크맛집,쉐이크,밀크쉐이크,쉐이크추천,맛집,강남쉐이크,언주역맛집,카페,학동역맛집,역삼역맛집,강남역맛집,신사역맛집,논현역맛집,신논현역맛집,커피,커피맛집,강남커피,커피배달,쉐이크배달,브라우니,브라우니맛집,,,
254,Sinnonhyeon Station,1주,명동피자,명동맛집,동대문맛집,왕십리맛집,가든파이브맛집,선릉역맛집,대치동맛집,남산맛집,강남역맛집,신논현맛집,신논현역맛집,서울맛집,,,,,,,,,,,,,,,,,,,,
255,Sinnonhyeon Station,1주,갈사람,,,,,,,,,,,,,,,,,,,,,,,,,,,,,,,
256,Sinnonhyeon Station,1주,논현동카페,논현카페,강남역카페추천,신논현역맛집,논현동맛집,논현동카페,,,,,,,,,,,,,,,,,,,,,,,,,,
257,Sinnonhyeon Station,1주,huickhuick,huickhuickshake,shake,milkshake,배달,배달맛집,휙휙,휙휙쉐이크,쉐이크맛집,쉐이크,밀크쉐이크,쉐이크추천,맛집,강남쉐이크,언주역맛집,카페,학동역맛집,역삼역맛집,강남역맛집,신사역맛집,논현역맛집,신논현역맛집,커피,커피맛집,강남커피,커피배달,,,,,,
258,Sinnonhyeon Station,1주,,,,,,,,,,,,,,,,,,,,,,,,,,,,,,,,
259,Sinnonhyeon Station,1주,비밀인데,맛이없어,변했어,왜인기가,고기가퍽퍽,면이랑국물따로놀아,,,,,,,,,,,,,,,,,,,,,,,,,,
260,Sinnonhyeon Station,1주,북한산백운대,신논현역맛집,시골야채된장비빔밥,수요미식회맛집,날씨요정,,,,,,,,,,,,,,,,,,,,,,,,,,,
261,Sinnonhyeon Station,1주,,,,,,,,,,,,,,,,,,,,,,,,,,,,,,,,
262,Sinnonhyeon Station,1주,엠브로,치퐁치떡,치즈볼,치킨앤카레군,신논현술집,신논현역맛집,신논현맛집,신논현역술집,강남역맛집,강남역술집,강남역치킨,강남치킨,강남역치맥,강남역치킨맛집,강남역맥주,강남역칵테일,강남역,신논현역,강남역맛집치킨앤카레군,생생정보통,생생정보통맛집,홍대맛집,홍대떡볶이,홍대술집,홍대술집맛집,홍대치킨,홍대입구맛집,홍대입구술집,홍대치킨,홍대치킨맛집,홍대맥주,
263,Sinnonhyeon Station,1주,쿄베이커리,지연,,,,,,,,,,,,,,,,,,,,,,,,,,,,,,
264,Sinnonhyeon Station,1주,단체석완비,강남24시맛집,주차가능,,,,,,,,,,,,,,,,,,,,,,,,,,,,,
265,Sinnonhyeon Station,1주,,,,,,,,,,,,,,,,,,,,,,,,,,,,,,,,
266,Sinnonhyeon Station,1주,신논현역맛집,청평갈비,매운갈비찜,제육쌈정식,,,,,,,,,,,,,,,,,,,,,,,,,,,,
267,Sinnonhyeon Station,1주,신논현술집,신논현역맛집,치킨앤카레군,강남역치맥,강남역치킨맛집,강남역맥주,신논현맛집,강남역맛집,강남역술집,강남역치킨,강남치킨,신논현역,강남역맛집치킨앤카레군,,,,,,,,,,,,,,,,,,,
268,Sinnonhyeon Station,1주,huickhuick,huickhuickshake,shake,milkshake,배달,배달맛집,휙휙,휙휙쉐이크,쉐이크맛집,쉐이크,밀크쉐이크,쉐이크추천,맛집,강남쉐이크,언주역맛집,카페,학동역맛집,역삼역맛집,강남역맛집,신사역맛집,논현역맛집,신논현역맛집,커피,커피맛집,강남커피,커피배달,,,,,,
269,Sinnonhyeon Station,1주,huickhuick,huickhuickshake,shake,milkshake,휙휙,휙휙쉐이크,쉐이크맛집,쉐이크,밀크쉐이크,쉐이크추천,맛집,강남쉐이크,언주역맛집,학동역맛집,역삼역맛집,강남역맛집,신사역맛집,논현역맛집,신논현역맛집,,,,,,,,,,,,,
270,Sinnonhyeon Station,1주,huickhuick,huickhuickshake,shake,milkshake,휙휙,휙휙쉐이크,쉐이크맛집,쉐이크,밀크쉐이크,쉐이크추천,맛집,강남쉐이크,언주역맛집,학동역맛집,역삼역맛집,강남역맛집,신사역맛집,논현역맛집,신논현역맛집,,,,,,,,,,,,,
271,Sinnonhyeon Station,1주,huickhuick,huickhuickshake,shake,milkshake,휙휙,휙휙쉐이크,쉐이크맛집,쉐이크,밀크쉐이크,쉐이크추천,맛집,강남쉐이크,언주역맛집,학동역맛집,역삼역맛집,강남역맛집,신사역맛집,논현역맛집,신논현역맛집,,,,,,,,,,,,,
272,Sinnonhyeon Station,1주,강남역맛집,신논현맛집,신논현역맛집,강남역초밥,올바른스시,,,,,,,,,,,,,,,,,,,,,,,,,,,
273,Sinnonhyeon Station,1주,오목조목,,,,,,,,,,,,,,,,,,,,,,,,,,,,,,,
274,Sinnonhyeon Station,1주,육품,FOOD,강남맛집,신논현맛집,강남고기,육즙을품다,강남삼겹살,삼겹살,목살,양념갈비,강남역맛집,신논현역맛집,강남고기골목,강남고기맛집,강남회식,콜키지프리,강남,,,,,,,,,,,,,,,
275,Sinnonhyeon Station,1주,치킨앤카레군,강남역맛집,강남역술집,강남역치킨,강남역맥주,강남역칵테일,강남맛집,강남술집,강남치킨,강남맥주,강남역9번출구,신논현맛집,신논현역맛집,신논현역,강남역맛집치킨앤카레군,,,,,,,,,,,,,,,,,
276,Sinnonhyeon Station,Error,error,,,,,,,,,,,,,,,,,,,,,,,,,,,,,,,
277,Sinnonhyeon Station,Error,error,,,,,,,,,,,,,,,,,,,,,,,,,,,,,,,
278,Sinnonhyeon Station,Error,error,,,,,,,,,,,,,,,,,,,,,,,,,,,,,,,
279,Sinnonhyeon Station,Error,error,,,,,,,,,,,,,,,,,,,,,,,,,,,,,,,
280,Sinnonhyeon Station,Error,error,,,,,,,,,,,,,,,,,,,,,,,,,,,,,,,
281,Sinnonhyeon Station,Error,error,,,,,,,,,,,,,,,,,,,,,,,,,,,,,,,
282,Sinnonhyeon Station,Error,error,,,,,,,,,,,,,,,,,,,,,,,,,,,,,,,
283,Sinnonhyeon Station,Error,error,,,,,,,,,,,,,,,,,,,,,,,,,,,,,,,
284,Sinnonhyeon Station,Error,error,,,,,,,,,,,,,,,,,,,,,,,,,,,,,,,
285,Sinnonhyeon Station,Error,error,,,,,,,,,,,,,,,,,,,,,,,,,,,,,,,
286,Sinnonhyeon Station,Error,error,,,,,,,,,,,,,,,,,,,,,,,,,,,,,,,
287,Sinnonhyeon Station,Error,error,,,,,,,,,,,,,,,,,,,,,,,,,,,,,,,
288,Sinnonhyeon Station,Error,error,,,,,,,,,,,,,,,,,,,,,,,,,,,,,,,
289,Sinnonhyeon Station,Error,error,,,,,,,,,,,,,,,,,,,,,,,,,,,,,,,
290,Sinnonhyeon Station,Error,error,,,,,,,,,,,,,,,,,,,,,,,,,,,,,,,
291,Sinnonhyeon Station,Error,error,,,,,,,,,,,,,,,,,,,,,,,,,,,,,,,
292,Sinnonhyeon Station,Error,error,,,,,,,,,,,,,,,,,,,,,,,,,,,,,,,
293,Sinnonhyeon Station,Error,error,,,,,,,,,,,,,,,,,,,,,,,,,,,,,,,
294,Sinnonhyeon Station,Error,error,,,,,,,,,,,,,,,,,,,,,,,,,,,,,,,
295,Sinnonhyeon Station,Error,error,,,,,,,,,,,,,,,,,,,,,,,,,,,,,,,
296,Sinnonhyeon Station,Error,error,,,,,,,,,,,,,,,,,,,,,,,,,,,,,,,
297,Sinnonhyeon Station,Error,error,,,,,,,,,,,,,,,,,,,,,,,,,,,,,,,
298,Sinnonhyeon Station,Error,error,,,,,,,,,,,,,,,,,,,,,,,,,,,,,,,
299,Sinnonhyeon Station,Error,error,,,,,,,,,,,,,,,,,,,,,,,,,,,,,,,
300,Sinnonhyeon Station,Error,error,,,,,,,,,,,,,,,,,,,,,,,,,,,,,,,
301,Sinnonhyeon Station,Error,error,,,,,,,,,,,,,,,,,,,,,,,,,,,,,,,
302,Sinnonhyeon Station,Error,error,,,,,,,,,,,,,,,,,,,,,,,,,,,,,,,
303,Sinnonhyeon Station,Error,error,,,,,,,,,,,,,,,,,,,,,,,,,,,,,,,
304,Sinnonhyeon Station,Error,error,,,,,,,,,,,,,,,,,,,,,,,,,,,,,,,
305,Sinnonhyeon Station,Error,error,,,,,,,,,,,,,,,,,,,,,,,,,,,,,,,
306,Sinnonhyeon Station,Error,error,,,,,,,,,,,,,,,,,,,,,,,,,,,,,,,
307,Sinnonhyeon Station,Error,error,,,,,,,,,,,,,,,,,,,,,,,,,,,,,,,
308,Sinnonhyeon Station,Error,error,,,,,,,,,,,,,,,,,,,,,,,,,,,,,,,
309,Sinnonhyeon Station,Error,error,,,,,,,,,,,,,,,,,,,,,,,,,,,,,,,
310,Sinnonhyeon Station,Error,error,,,,,,,,,,,,,,,,,,,,,,,,,,,,,,,
311,Sinnonhyeon Station,Error,error,,,,,,,,,,,,,,,,,,,,,,,,,,,,,,,
312,Sinnonhyeon Station,Error,error,,,,,,,,,,,,,,,,,,,,,,,,,,,,,,,
313,Sinnonhyeon Station,Error,error,,,,,,,,,,,,,,,,,,,,,,,,,,,,,,,
314,Sinnonhyeon Station,Error,error,,,,,,,,,,,,,,,,,,,,,,,,,,,,,,,
315,Sinnonhyeon Station,Error,error,,,,,,,,,,,,,,,,,,,,,,,,,,,,,,,
316,Sinnonhyeon Station,Error,error,,,,,,,,,,,,,,,,,,,,,,,,,,,,,,,
317,Sinnonhyeon Station,Error,error,,,,,,,,,,,,,,,,,,,,,,,,,,,,,,,
318,Sinnonhyeon Station,Error,error,,,,,,,,,,,,,,,,,,,,,,,,,,,,,,,
319,Sinnonhyeon Station,Error,error,,,,,,,,,,,,,,,,,,,,,,,,,,,,,,,
320,Sinnonhyeon Station,Error,error,,,,,,,,,,,,,,,,,,,,,,,,,,,,,,,
321,Sinnonhyeon Station,Error,error,,,,,,,,,,,,,,,,,,,,,,,,,,,,,,,
322,Sinnonhyeon Station,Error,error,,,,,,,,,,,,,,,,,,,,,,,,,,,,,,,
323,Sinnonhyeon Station,Error,error,,,,,,,,,,,,,,,,,,,,,,,,,,,,,,,
324,Sinnonhyeon Station,Error,error,,,,,,,,,,,,,,,,,,,,,,,,,,,,,,,
325,Sinnonhyeon Station,Error,error,,,,,,,,,,,,,,,,,,,,,,,,,,,,,,,
326,Sinnonhyeon Station,Error,error,,,,,,,,,,,,,,,,,,,,,,,,,,,,,,,
327,Sinnonhyeon Station,Error,error,,,,,,,,,,,,,,,,,,,,,,,,,,,,,,,
328,Sinnonhyeon Station,Error,error,,,,,,,,,,,,,,,,,,,,,,,,,,,,,,,
329,Sinnonhyeon Station,Error,error,,,,,,,,,,,,,,,,,,,,,,,,,,,,,,,
330,Sinnonhyeon Station,Error,error,,,,,,,,,,,,,,,,,,,,,,,,,,,,,,,
331,Sinnonhyeon Station,Error,error,,,,,,,,,,,,,,,,,,,,,,,,,,,,,,,
332,Sinnonhyeon Station,Error,error,,,,,,,,,,,,,,,,,,,,,,,,,,,,,,,
333,Sinnonhyeon Station,Error,error,,,,,,,,,,,,,,,,,,,,,,,,,,,,,,,
334,Sinnonhyeon Station,Error,error,,,,,,,,,,,,,,,,,,,,,,,,,,,,,,,
335,Sinnonhyeon Station,Error,error,,,,,,,,,,,,,,,,,,,,,,,,,,,,,,,
336,Sinnonhyeon Station,Error,error,,,,,,,,,,,,,,,,,,,,,,,,,,,,,,,
337,Sinnonhyeon Station,Error,error,,,,,,,,,,,,,,,,,,,,,,,,,,,,,,,
338,Sinnonhyeon Station,Error,error,,,,,,,,,,,,,,,,,,,,,,,,,,,,,,,
339,Sinnonhyeon Station,Error,error,,,,,,,,,,,,,,,,,,,,,,,,,,,,,,,
340,Sinnonhyeon Station,Error,error,,,,,,,,,,,,,,,,,,,,,,,,,,,,,,,
341,Sinnonhyeon Station,Error,error,,,,,,,,,,,,,,,,,,,,,,,,,,,,,,,
342,Sinnonhyeon Station,Error,error,,,,,,,,,,,,,,,,,,,,,,,,,,,,,,,
343,Sinnonhyeon Station,Error,error,,,,,,,,,,,,,,,,,,,,,,,,,,,,,,,
344,Sinnonhyeon Station,Error,error,,,,,,,,,,,,,,,,,,,,,,,,,,,,,,,
345,Sinnonhyeon Station,Error,error,,,,,,,,,,,,,,,,,,,,,,,,,,,,,,,
346,Sinnonhyeon Station,Error,error,,,,,,,,,,,,,,,,,,,,,,,,,,,,,,,
347,Sinnonhyeon Station,Error,error,,,,,,,,,,,,,,,,,,,,,,,,,,,,,,,
348,Sinnonhyeon Station,Error,error,,,,,,,,,,,,,,,,,,,,,,,,,,,,,,,
349,Sinnonhyeon Station,Error,error,,,,,,,,,,,,,,,,,,,,,,,,,,,,,,,
350,Sinnonhyeon Station,Error,error,,,,,,,,,,,,,,,,,,,,,,,,,,,,,,,
351,Sinnonhyeon Station,Error,error,,,,,,,,,,,,,,,,,,,,,,,,,,,,,,,
352,Sinnonhyeon Station,Error,error,,,,,,,,,,,,,,,,,,,,,,,,,,,,,,,
353,Sinnonhyeon Station,Error,error,,,,,,,,,,,,,,,,,,,,,,,,,,,,,,,
354,Sinnonhyeon Station,Error,error,,,,,,,,,,,,,,,,,,,,,,,,,,,,,,,
355,Sinnonhyeon Station,Error,error,,,,,,,,,,,,,,,,,,,,,,,,,,,,,,,
356,Sinnonhyeon Station,Error,error,,,,,,,,,,,,,,,,,,,,,,,,,,,,,,,
357,Sinnonhyeon Station,Error,error,,,,,,,,,,,,,,,,,,,,,,,,,,,,,,,
358,Sinnonhyeon Station,Error,error,,,,,,,,,,,,,,,,,,,,,,,,,,,,,,,
359,Sinnonhyeon Station,Error,error,,,,,,,,,,,,,,,,,,,,,,,,,,,,,,,
360,Sinnonhyeon Station,Error,error,,,,,,,,,,,,,,,,,,,,,,,,,,,,,,,
361,Sinnonhyeon Station,Error,error,,,,,,,,,,,,,,,,,,,,,,,,,,,,,,,
362,Sinnonhyeon Station,Error,error,,,,,,,,,,,,,,,,,,,,,,,,,,,,,,,
363,Sinnonhyeon Station,Error,error,,,,,,,,,,,,,,,,,,,,,,,,,,,,,,,
364,Sinnonhyeon Station,Error,error,,,,,,,,,,,,,,,,,,,,,,,,,,,,,,,
365,Sinnonhyeon Station,Error,error,,,,,,,,,,,,,,,,,,,,,,,,,,,,,,,
366,Sinnonhyeon Station,Error,error,,,,,,,,,,,,,,,,,,,,,,,,,,,,,,,
367,Sinnonhyeon Station,Error,error,,,,,,,,,,,,,,,,,,,,,,,,,,,,,,,
368,Sinnonhyeon Station,Error,error,,,,,,,,,,,,,,,,,,,,,,,,,,,,,,,
369,Sinnonhyeon Station,Error,error,,,,,,,,,,,,,,,,,,,,,,,,,,,,,,,
370,Sinnonhyeon Station,Error,error,,,,,,,,,,,,,,,,,,,,,,,,,,,,,,,
371,Sinnonhyeon Station,Error,error,,,,,,,,,,,,,,,,,,,,,,,,,,,,,,,
372,Sinnonhyeon Station,Error,error,,,,,,,,,,,,,,,,,,,,,,,,,,,,,,,
373,Sinnonhyeon Station,Error,error,,,,,,,,,,,,,,,,,,,,,,,,,,,,,,,
374,Sinnonhyeon Station,Error,error,,,,,,,,,,,,,,,,,,,,,,,,,,,,,,,
375,Sinnonhyeon Station,Error,error,,,,,,,,,,,,,,,,,,,,,,,,,,,,,,,
376,Sinnonhyeon Station,Error,error,,,,,,,,,,,,,,,,,,,,,,,,,,,,,,,
377,Sinnonhyeon Station,Error,error,,,,,,,,,,,,,,,,,,,,,,,,,,,,,,,
378,Sinnonhyeon Station,2주,세광양대창,신논현역맛집,신논현역회식장소,세광양대창,유손쿠맛집,,,,,,,,,,,,,,,,,,,,,,,,,,,
379,Sinnonhyeon Station,2주,,,,,,,,,,,,,,,,,,,,,,,,,,,,,,,,
380,Sinnonhyeon Station,2주,생생정보통맛집,치킨앤카레군,치킨앤카레군,강남역맛집,역삼동맛집,신논현맛집,신논현역맛집,서초동맛집,강남맛집,역삼맛집,서초동맛집,강남역치킨앤카레군,강남역술집,역삼동술집,신논현술집,신논현역,서초동,강남맛집,역삼,서초동,,,,,,,,,,,,
381,Sinnonhyeon Station,2주,생생정보통,치킨앤카레군,강남역맛집,강남맛집,강남역,역삼동맛집,역삼동,신논현술집,신논현역맛집,강남데이트,역삼맛집,강남맛집추천,강남역데이트,강남카페,강남가볼만한곳,강남핫플,강남치킨,강남데이트코스,강남이색맛집,강남먹방,신논현,홍대맛집치킨앤카레군,강남역맛집키친앤카레군,,,,,,,,,
382,Sinnonhyeon Station,2주,치킨앤카레군,강남역맛집,치킨스타그램,,,,,,,,,,,,,,,,,,,,,,,,,,,,,
383,Sinnonhyeon Station,2주,강남역맛집,치킨앤카레군,강남,홍대맛집치킨앤카레군,강남역데이트,강남핫플레이스,강남역맛집치킨앤카레군,강남맛집추천,먹스타그래머열매,인플루언서열매,강남역,역삼,신논현,역삼동,강남역맛집,역삼동맛집,신논현술집,강남맛집,신논현역맛집,역삼맛집,서초맛집,강남역데이트,강남가볼만한곳,강남치킨,강남이색맛집,강남먹방,강남카페,먹스타그램,좋아요,일상,,
384,Sinnonhyeon Station,2주,명동피자,명동맛집,동대문맛집,왕십리맛집,가든파이브맛집,선릉역맛집,대치동맛집,남산맛집,강남역맛집,신논현맛집,신논현역맛집,서울맛집,,,,,,,,,,,,,,,,,,,,
385,Sinnonhyeon Station,2주,,,,,,,,,,,,,,,,,,,,,,,,,,,,,,,,
386,Sinnonhyeon Station,2주,강남역맛집,닭갈비전,요쏘,누룽주,신논현맛집,강남역닭갈비,신논현닭갈비,강남맛집,신논현역맛집,강남닭갈비,신논현역닭갈비,,,,,,,,,,,,,,,,,,,,,
387,Sinnonhyeon Station,2주,,,,,,,,,,,,,,,,,,,,,,,,,,,,,,,,
388,Sinnonhyeon Station,2주,반포김치찌개,신논현역맛집,김치찌개맛집,김치찌개맛집추천,,,,,,,,,,,,,,,,,,,,,,,,,,,,
389,Sinnonhyeon Station,2주,라멘,호면,마제면,신논현맛집,신논현역맛집,강남맛집,호랑이식당,,,,,,,,,,,,,,,,,,,,,,,,,
390,Sinnonhyeon Station,2주,명동부대찌개,족발,부대찌개,명동황기족발,강남역맛집,신논현역맛집,,,,,,,,,,,,,,,,,,,,,,,,,,
391,Sinnonhyeon Station,2주,원두막,신논현역맛집,제육볶음,부대찌개,맛스타그램,먹스타그램,강남맛집,신논현맛집,서초맛집,반포맛집,논현맛집,제육맛집,안주맛집,서울맛집,반찬맛집,,,,,,,,,,,,,,,,,
392,Sinnonhyeon Station,2주,강남역맛집,신논현역맛집,치향저격,치킨맛집,가성비맛집,오늘은치맥이닷,간장치킨,깻잎후라이드,반반,소시지,감자튀김,떡은,기본,가성비굿,맛있게먹엇당,먹방,맛스타그램,먹스타그램,,,,,,,,,,,,,,
393,Sinnonhyeon Station,2주,서가앤쿡강남cgv점,먹스타그램,맛스타그램,신논현역맛집,신논현서가앤쿡,서가앤쿡강남cgv점,서가앤쿡루프탑,먹방,먹스타맞팔,먹스타소통,선팔맞팔,멜란스데이,,,,,,,,,,,,,,,,,,,,
394,Sinnonhyeon Station,2주,강남맛집,신논현역맛집,닭갈비전,닭갈비맛집,아이랑데이트,,,,,,,,,,,,,,,,,,,,,,,,,,,
395,Sinnonhyeon Station,2주,치킨앤카레군,강남역맛집,역삼동맛집,신논현맛집,신논현역맛집,서초동맛집,강남맛집,역삼맛집,서초동맛집,강남역치킨앤카레군,강남역술집,역삼동술집,신논현술집,신논현역술집,서초동술집,강남술집,역삼술집,서초동술집,맛집,먹스타그램,,,,,,,,,,,,
396,Sinnonhyeon Station,2주,먹스타그램,맛스타그램,,,,,,,,,,,,,,,,,,,,,,,,,,,,,,
397,Sinnonhyeon Station,2주,파파야리프,강남역맛집,신논현역맛집,나시고랭,팟타이,뿌크랩팟퐁커리,코코넛향가득,추천,먹스타그램,맛스타그램,먹는건,,,,,,,,,,,,,,,,,,,,,
398,Sinnonhyeon Station,2주,신논현퓨전술집,신논현맛집,신논현술집,민,민쓰네술집,민,민쓰네,강남술집,강남맛집,신논현역맛집,안주가맛있는술집,서비스,친절,젊은사장,회식장소,모임장소,강남맛집,강남술집추천,논현,강남,서울,신논현역,신논현,신논현안주,일상,followforfollowback,영동시장맛집,영동시장,f4f,,,
399,Sinnonhyeon Station,2주,오늘의추천메뉴,즐거운하루,신논현역맛집,논현역맛집,강남역맛집,논현또바기,신논현1번출구,신논현또바기,반포또바기,또바기포차,또바기,맛스타그램,먹스타그램,,,,,,,,,,,,,,,,,,,
400,Sinnonhyeon Station,2주,오술차,비가오는날엔,전,강남맛집,강남역맛집,신논현역맛집,,,,,,,,,,,,,,,,,,,,,,,,,,
401,Sinnonhyeon Station,2주,강남역맛집치킨앤카레군,치킨앤카레군,신논현술집,신논현맛집,신논현치킨,신논현역술집,신논현역치킨,신논현역맛집,강남역술집,강남역맛집,강남역맥주,신논현맥주,강남역치킨,강남술집추천,홍대입구맛집,홍대치킨,홍대치맥,생생정보,생생정보통,홍대술집,홍대맛집,홍대술집추천,홍대맛집추천,홍대카레,홍대칵테일,,,,,,,
402,Sinnonhyeon Station,2주,루프808,루프808오픈샌드위치,강남역맛집,강남역카페,강남역브런치,신논현역맛집,신논현역카페,신논현역브런치,강남맛집,강남카페,강남브런치,신논현맛집,신논현카페,신논현브런치,맛스타그램,먹방스타그램,먹스타그램,,,,,,,,,,,,,,,
403,Sinnonhyeon Station,2주,명동피자,명동맛집,동대문맛집,왕십리맛집,가든파이브맛집,선릉역맛집,대치동맛집,남산맛집,강남역맛집,신논현맛집,신논현역맛집,서울맛집,,,,,,,,,,,,,,,,,,,,
404,Sinnonhyeon Station,Error,error,,,,,,,,,,,,,,,,,,,,,,,,,,,,,,,
405,Sinnonhyeon Station,Error,error,,,,,,,,,,,,,,,,,,,,,,,,,,,,,,,
406,Sinnonhyeon Station,2주,,,,,,,,,,,,,,,,,,,,,,,,,,,,,,,,
407,Sinnonhyeon Station,2주,,,,,,,,,,,,,,,,,,,,,,,,,,,,,,,,
408,Sinnonhyeon Station,2주,유림상회,유림상회,유림상회논현본점,영동시장맛집,해산물맛집,해산물요리,해산물포차,영동시장술집,화로구이맛집,논현동맛집,논현역맛집,신논현맛집,신논현역맛집,유로포차,ad,,,,,,,,,,,,,,,,,
409,Sinnonhyeon Station,2주,삼육가,꽃삼겹,JMT,파채,강남맛집,신논현맛집,신논현역맛집,고기맛집,삼겹살맛집,먹방,먹스타그램,맛스타그램,술스타그램,foodstagram,,,,,,,,,,,,,,,,,,
410,Sinnonhyeon Station,2주,UFO버거,햄버거,유에프오버거,유학생치즈버거,모짜치즈스틱,먹스타그램,맛스타그램,버거스타그램,푸드스타그램,강남맛집,논현역맛집,신논현역맛집,sun채널,,,,,,,,,,,,,,,,,,,
411,Sinnonhyeon Station,2주,강남역,강남역맛집치킨앤카레군,치킨앤카레군,강남역맛집,신논현역맛집,강남역맥주,강남역맥주집,강남치킨,강남치킨맛집,강남술집추천,강남술집맛집,강남역술집추천,강남역칵테일,강남칵테일,신논현술집,신논현맛집,강남역저녁,강남역친구모임,,,,,,,,,,,,,,
412,Sinnonhyeon Station,2주,,,,,,,,,,,,,,,,,,,,,,,,,,,,,,,,
413,Sinnonhyeon Station,2주,삼겹살,논현맛집,강남맛집,신논현역맛집,캠핑,foodpics,foodporn,daily,foodstagram,food,jmt,,,,,,,,,,,,,,,,,,,,,
414,Sinnonhyeon Station,2주,,,,,,,,,,,,,,,,,,,,,,,,,,,,,,,,
415,Sinnonhyeon Station,2주,,,,,,,,,,,,,,,,,,,,,,,,,,,,,,,,
416,Sinnonhyeon Station,2주,강남맛집추천,강남맛집베스트,신논현맛집,신논현역맛집,청첩장모임,오늘뭐먹지,인스타맛집,줄서서먹는집,먹스타그램,데이트코스,주말데이트,돼지갈비맛집,양념갈비맛집,,,,,,,,,,,,,,,,,,,
417,Sinnonhyeon Station,2주,우생한우,신논현맛집,신논현역맛집,신논현고기집,논현맛집,고깃집,항정살,삼겹살맛집,숯불구이,서울맛집,instafood,foodstagram,먹스타,맛스타,samgyupsal,daily,고기스타그램,한우맛집,,,,,,,,,,,,,,
418,Sinnonhyeon Station,2주,,,,,,,,,,,,,,,,,,,,,,,,,,,,,,,,
419,Sinnonhyeon Station,2주,24시간영업,단체석완비,주차장완비,옷에냄새안남,,,,,,,,,,,,,,,,,,,,,,,,,,,,
420,Sinnonhyeon Station,2주,월요일,월요일저녁,헬요일,치킨먹방,에너지충전,맛있다,깐부치킨,강남미생,,,,,,,,,,,,,,,,,,,,,,,,
421,Sinnonhyeon Station,2주,열기,불볼락,열기구이,불볼락구이,제철생선,생선구이,한정메뉴,신논현역맛집,논현역맛집,강남역맛집,논현또바기,신논현1번출구,신논현또바기,반포또바기,또바기포차,또바기,맛스타그램,먹스타그램,,,,,,,,,,,,,,
422,Sinnonhyeon Station,2주,세광양대창,신논현역맛집,대창스타그램,,,,,,,,,,,,,,,,,,,,,,,,,,,,,
423,Sinnonhyeon Station,2주,likeforlikes,likeforfollow,like4likes,likelike,안주,해산물,,,,,,,,,,,,,,,,,,,,,,,,,,
424,Sinnonhyeon Station,2주,,,,,,,,,,,,,,,,,,,,,,,,,,,,,,,,
425,Sinnonhyeon Station,2주,먹스타그램,맛스타그램,푸드스타그램,데일리푸드,안주스타그램,야식스타그램,야식,데일리안주,데일리야식,보쌈,돼지스타그램,돼지,리북집,리북집논현점,막국수,돼지김치찌개,족발은앞발,논현동맛집,강남구맛집,논현역맛집,강남역맛집,신논현역맛집,영동시장,영동시장맛집,잘먹겠습니다,잘먹었습니다,푸드파이터,먹부림,맛동산,,,
426,Sinnonhyeon Station,2주,맛있어,신논현역맛집,파스타맛집,피자맛집,명동피자,신논현역피자,신논현역파스타,,,,,,,,,,,,,,,,,,,,,,,,,
427,Sinnonhyeon Station,2주,명동피자,명동맛집,동대문맛집,왕십리맛집,가든파이브맛집,선릉역맛집,대치동맛집,남산맛집,강남역맛집,신논현맛집,신논현역맛집,서울맛집,,,,,,,,,,,,,,,,,,,,
428,Sinnonhyeon Station,2주,,,,,,,,,,,,,,,,,,,,,,,,,,,,,,,,
429,Sinnonhyeon Station,2주,논현동맛집,신논현역맛집,아나고야,파라원논현동,파라원신논현역,,,,,,,,,,,,,,,,,,,,,,,,,,,
430,Sinnonhyeon Station,2주,닭갈비전,강남역맛집,신논현맛집,강남역닭갈비,신논현닭갈비,강남맛집,신논현역맛집,누룽주,요쏘,강남닭갈비,신논현역닭갈비,,,,,,,,,,,,,,,,,,,,,
431,Sinnonhyeon Station,2주,강남역,도스타코스,dostacos,타코맛집,멕시코음식,갈릭쉬림프,타코샐러드볼,비프타코,내사랑,taco,과카몰리,avocadosalad,신논현역맛집,멕시칸,f4f,,,,,,,,,,,,,,,,,
432,Sinnonhyeon Station,2주,foodstagram,daily,강남역맛집베스트10,,,,,,,,,,,,,,,,,,,,,,,,,,,,,
433,Sinnonhyeon Station,Error,error,,,,,,,,,,,,,,,,,,,,,,,,,,,,,,,
434,Sinnonhyeon Station,2주,논현동카페,논현카페,강남역카페추천,신논현역맛집,논현동맛집,논현동카페,,,,,,,,,,,,,,,,,,,,,,,,,,
435,Sinnonhyeon Station,2주,,,,,,,,,,,,,,,,,,,,,,,,,,,,,,,,
436,Sinnonhyeon Station,2주,세광양대창,신논현역맛집,신논현역회식장소,세광양대창,,,,,,,,,,,,,,,,,,,,,,,,,,,,
437,Sinnonhyeon Station,2주,yukjeon,beefpancake,koreanfood,seoul,korea,koreanfoodie,koreanfoodlover,,,,,,,,,,,,,,,,,,,,,,,,,
438,Sinnonhyeon Station,2주,호랑이식당,마제면,마제소바,,,,,,,,,,,,,,,,,,,,,,,,,,,,,
439,Sinnonhyeon Station,2주,역삼동맛집,역삼동돈까스,강남돈까스,강남돈까스맛집,신논현맛집,신논현역맛집,신논현돈까스,강남맛집,강남역맛집,강남먹방,강남데이트,맛있다그램,데이트,,,,,,,,,,,,,,,,,,,
440,Sinnonhyeon Station,2주,역삼동돈까스,,,,,,,,,,,,,,,,,,,,,,,,,,,,,,,
441,Sinnonhyeon Station,2주,마치마치서울,마치마치밀크티,마치마치강남역점,마치마치강남,,,,,,,,,,,,,,,,,,,,,,,,,,,,
442,Sinnonhyeon Station,2주,미분당,미분당강남점,,,,,,,,,,,,,,,,,,,,,,,,,,,,,,
443,Sinnonhyeon Station,2주,라면,라멘,분식,떡볶이,맛스타그램,먹스타그램,먹방,가로수길맛집,강남,강남맛집,강남역맛집,망리단길,망원동,망원동맛집,신논현맛집,신논현역맛집,신사동,신사동맛집,압구정,압구정맛집,연남동,연남동맛집,청담,청담동,청담맛집,상무지구,상수맛집,한남동,한남동맛집,합정맛집,,
444,Sinnonhyeon Station,2주,볶음밥,저녁,,,,,,,,,,,,,,,,,,,,,,,,,,,,,,
445,Sinnonhyeon Station,4주,여자친구,선물,,,,,,,,,,,,,,,,,,,,,,,,,,,,,,
446,Sinnonhyeon Station,2주,민쓰네술집,신논현맛집,신논현역맛집,논현맛집,안주맛집,신논현,신논현역3번출구,논현술집,minspups,강남술집,강남맛집,회식장소,단체환영,술게임,새우버터구이,팟타이맛집,서울,,,,,,,,,,,,,,,
447,Sinnonhyeon Station,2주,402,dakbal,chickenfeet,koreanfood,seoul,korea,koreanfoodie,koreanfoodlover,,,,,,,,,,,,,,,,,,,,,,,,
448,Sinnonhyeon Station,2주,신논현,가리비야,,,,,,,,,,,,,,,,,,,,,,,,,,,,,,
449,Sinnonhyeon Station,2주,dwaejigalbi,porkribs,koreanfood,seoul,korea,koreanbbq,koreanfoodlover,,,,,,,,,,,,,,,,,,,,,,,,,
450,Sinnonhyeon Station,2주,,,,,,,,,,,,,,,,,,,,,,,,,,,,,,,,
451,Sinnonhyeon Station,2주,첫줄,유림상회,갬성갬성,일상기록,일상소통,소통,논현,강남,유림상회,유림상회논현본점,영동시장맛집,해산물맛집,해산물요리,해산물포차,영동시장술집,화로구이맛집,논현동맛집,논현역맛집,신논현맛집,신논현역맛집,유로포차,ad,,,,,,,,,,
452,Sinnonhyeon Station,2주,재재식당,재재식당강남,안심돈까스,신논현역맛집,일본음식,돈까스스타그램,hd,맛집스타그램,강남맛집,강남역맛집,신논현맛집,일본식돈까스,,,,,,,,,,,,,,,,,,,,
453,Sinnonhyeon Station,2주,,,,,,,,,,,,,,,,,,,,,,,,,,,,,,,,
454,Sinnonhyeon Station,2주,갤럭시s20,galaxys20,samsung,갤럭시카메라,food,강남역맛집,신논현역맛집,경양카츠,서울수육카츠,안심카츠,사진초보,photo,photography,사진기록,일상기록,,,,,,,,,,,,,,,,,
455,Sinnonhyeon Station,2주,강남맛집,외식스타그램,강남역맛집,신논현역맛집,구구당,홍콩음식,멘보샤짱,좋아하는언니와의만남,맛있다그램,,,,,,,,,,,,,,,,,,,,,,,
456,Sinnonhyeon Station,2주,강남술집,강남치맥,치카군,크리링,양념치킨,치킨앤카레군,신논현술집,신논현맛집,신논현치킨,신논현역술집,신논현역치킨,신논현역맛집,강남역술집,강남역맛집,강남역맥주,신논현맥주,강남역치킨,강남술집추천,홍대입구맛집,홍대치킨,홍대치맥,생생정보,생생정보통,홍대술집,홍대맛집,홍대술집추천,홍대맛집추천,홍대카레,홍대칵테일,,,
457,Sinnonhyeon Station,3주,먹스타그램,논현역맛집,신논현역맛집,주점맛집,김치찜,김치찜맛집,통오징어튀김,통오징어튀김맛집,아낙,주점아낙,아낙주점,,,,,,,,,,,,,,,,,,,,,
458,Sinnonhyeon Station,2주,,,,,,,,,,,,,,,,,,,,,,,,,,,,,,,,
459,Sinnonhyeon Station,2주,ad,,,,,,,,,,,,,,,,,,,,,,,,,,,,,,,
460,Sinnonhyeon Station,2주,까치네식당,꼼장어맛집,반포동맛집,신논현역맛집,먹스타맞팔,먹스타소통,먹스타맞팔환영,,,,,,,,,,,,,,,,,,,,,,,,,
461,Sinnonhyeon Station,2주,,,,,,,,,,,,,,,,,,,,,,,,,,,,,,,,
462,Sinnonhyeon Station,2주,강남참치,강남스시,강남역참치,강남맛집,강남역맛집,강남역참치맛집,강남cgv,강남cgv맛집,신논현역맛집,신논현역참치,신논현역스시,신논현역초밥,강남역초밥,강남역연어,신논현역연어,역삼동참치맛집,역삼동참치,역삼동스시,역삼동초밥,강남꼭그닭,꼭그닭,노쉡,노쉡참치스시,빠네치킨,논현동참치맛집,논현동스시,논현역초밥,논현역참치맛집,논현역스시맛집,,,
463,Sinnonhyeon Station,2주,신논현퓨전술집,신논현맛집,신논현술집,민,민쓰네술집,민,민쓰네,강남술집,강남맛집,신논현역맛집,안주가맛있는술집,서비스,친절,젊은사장,회식장소,모임장소,강남맛집,강남술집추천,논현,강남,서울,신논현역,신논현,신논현안주,일상,followforfollowback,영동시장맛집,영동시장,,,,
464,Sinnonhyeon Station,2주,신논현역맛집,히까리,오마카세,,,,,,,,,,,,,,,,,,,,,,,,,,,,,
465,Sinnonhyeon Station,2주,스테이트,신논현역맛집,,,,,,,,,,,,,,,,,,,,,,,,,,,,,,
466,Sinnonhyeon Station,2주,bacon,,,,,,,,,,,,,,,,,,,,,,,,,,,,,,,
467,Sinnonhyeon Station,2주,세광양대창,신논현역맛집,신논현역회식장소,세광양대창,,,,,,,,,,,,,,,,,,,,,,,,,,,,
468,Sinnonhyeon Station,2주,shakeshack,shakeshackkr,thankyoushakeshack,,,,,,,,,,,,,,,,,,,,,,,,,,,,,
469,Sinnonhyeon Station,2주,,,,,,,,,,,,,,,,,,,,,,,,,,,,,,,,
470,Sinnonhyeon Station,2주,참치,참치회,회,이춘복참치,신논현역맛집,신논현,신논현역,강남역,좋아요반사,좋반,좋아요,일상스타그램,인친환영,맞팔,,,,,,,,,,,,,,,,,,
471,Sinnonhyeon Station,2주,강남,강남역맛집,강남역맥주,강남역맥주집,강남역칵테일,강남역비어테라스,강남맛집,역삼동맛집,신논현맛집,신논현역맛집,서초동맛집,강남역술집,서초동맛집,강남맛집,역삼맛집,역삼동술집,신논현술집,신논현역술집,서초동술집,강남술집,역삼술집,서초동술집,,,,,,,,,,
472,Sinnonhyeon Station,2주,메이드바이오즈,치즈쌈,타코쌈,맛집,일상,친구랑놀기,코로나19물러가라,신논현역맛집,강남역맛집,,,,,,,,,,,,,,,,,,,,,,,
473,Sinnonhyeon Station,2주,매우매오,본점,별관,강남역맛집,신논현역맛집,강남역데이트,강남역한식맛집,,,,,,,,,,,,,,,,,,,,,,,,,
474,Sinnonhyeon Station,2주,신논현역맛집,명동칼국수,만난지10주년,내일은내생일,콧바람슝슝,까미나들이,,,,,,,,,,,,,,,,,,,,,,,,,,
475,Sinnonhyeon Station,2주,,,,,,,,,,,,,,,,,,,,,,,,,,,,,,,,
476,Sinnonhyeon Station,2주,epicurechoi,CHOI맛집,,,,,,,,,,,,,,,,,,,,,,,,,,,,,,
477,Sinnonhyeon Station,2주,논현동카페,논현카페,강남역카페추천,신논현역맛집,논현동맛집,논현동카페,,,,,,,,,,,,,,,,,,,,,,,,,,
478,Sinnonhyeon Station,2주,,,,,,,,,,,,,,,,,,,,,,,,,,,,,,,,
479,Sinnonhyeon Station,2주,씨블루,신논현역맛집,해산물요리,가지새우튀김최고,,,,,,,,,,,,,,,,,,,,,,,,,,,,
480,Sinnonhyeon Station,2주,,,,,,,,,,,,,,,,,,,,,,,,,,,,,,,,
481,Sinnonhyeon Station,2주,,,,,,,,,,,,,,,,,,,,,,,,,,,,,,,,
482,Sinnonhyeon Station,2주,,,,,,,,,,,,,,,,,,,,,,,,,,,,,,,,
483,Sinnonhyeon Station,2주,,,,,,,,,,,,,,,,,,,,,,,,,,,,,,,,
484,Sinnonhyeon Station,2주,,,,,,,,,,,,,,,,,,,,,,,,,,,,,,,,
485,Sinnonhyeon Station,2주,신논현퓨전술집,신논현맛집,신논현술집,민,민쓰네술집,민,민쓰네,강남술집,강남맛집,신논현역맛집,안주가맛있는술집,서비스,친절,젊은사장,회식장소,모임장소,강남맛집,강남술집추천,논현,강남,서울,신논현역,신논현,신논현안주,일상,followforfollowback,영동시장맛집,영동시장,,,,
486,Sinnonhyeon Station,2주,강남와인바,신논현와인바,논현동와인바,비노비스,vinovis,신논현맛집,신논현술집,와인바추천,강남데이트,신논현데이트,신논현역맛집,신논현데이트,분위기깡패,,,,,,,,,,,,,,,,,,,
487,Sinnonhyeon Station,Error,error,,,,,,,,,,,,,,,,,,,,,,,,,,,,,,,
488,Sinnonhyeon Station,Error,error,,,,,,,,,,,,,,,,,,,,,,,,,,,,,,,
489,Sinnonhyeon Station,2주,,,,,,,,,,,,,,,,,,,,,,,,,,,,,,,,
490,Sinnonhyeon Station,2주,,,,,,,,,,,,,,,,,,,,,,,,,,,,,,,,
491,Sinnonhyeon Station,2주,대창구이,양구이,신논현역맛집,세광양대창,,,,,,,,,,,,,,,,,,,,,,,,,,,,
492,Sinnonhyeon Station,9주,,,,,,,,,,,,,,,,,,,,,,,,,,,,,,,,
493,Sinnonhyeon Station,2주,,,,,,,,,,,,,,,,,,,,,,,,,,,,,,,,
494,Sinnonhyeon Station,2주,먹스타그램,일식,스끼야끼,스키야키,존맛,jmt,jmtgr,신논현역맛집,만뽀스키야키,,,,,,,,,,,,,,,,,,,,,,,
495,Sinnonhyeon Station,2주,맛집,강남역맛집,장인닭갈비,강남역11번출구,장인닭갈비강남점,강남맛집,역삼동맛집,강남역닭갈비,강남역치즈닭갈비,강남핫플,닭갈비맛집,닭갈비,,,,,,,,,,,,,,,,,,,,
496,Sinnonhyeon Station,2주,육즙,토치,소고기불초밥,연어초밥,강남역,소고기,먹스타그램,맛스타그램,일상,먹방,고기,초밥맛집,스시맛집,초밥,한우초밥,스시,sushi,신논현역,강남역맛집,논현역맛집,신논현역맛집,강남맛집,논현맛집,신논현맛집,서울맛집,강남역데이트,데이트코스,논현데이트,강남데이트,불초밥,,
497,Sinnonhyeon Station,2주,신논현역,돈수백,,,,,,,,,,,,,,,,,,,,,,,,,,,,,,
498,Sinnonhyeon Station,2주,정돈돈까스강남점,새우등심돈까스,정돈,돈까스맛집,정돈돈까스,정통수제돈까스,강남점정돈,서울맛집,신논현역돈까스맛집,강남맛집,신논현역맛집,강남돈까스,신논현역돈까스,등심돈까스,안심돈까스,,,,,,,,,,,,,,,,,
499,Sinnonhyeon Station,2주,첫줄,강남논현동맛집,기세끼,욕아님,신논현맛집,신논현역맛집,강남모임장소,강남룸술집,신논현회식장소,신논현이자카야,선팔하면맞팔,선팔맞팔,좋아요반사,좋반,좋아요테러,좋아요폭탄,칼반사,,,,,,,,,,,,,,,
500,Sinnonhyeon Station,3주,food,foodstagram,먹방스타그램,koreanfood,재방문의사있음,,,,,,,,,,,,,,,,,,,,,,,,,,,
501,Sinnonhyeon Station,3주,빵꾸야뭐먹니,닭밝은밤에,닭밤,강남역맛집,강남맛집,신논현맛집,신논현역맛집,신논현,맛집,맛집추천,핫플,핫플레이스,닭발,닭발맛집,,,,,,,,,,,,,,,,,,
502,Sinnonhyeon Station,3주,젓국간장,백김치전,배추전,오조오억만큼맛있다,경상도식김치전,감칠맛,신논현역맛집,논현역맛집,강남역맛집,논현또바기,신논현1번출구,신논현또바기,반포또바기,또바기포차,또바기,맛스타그램,먹스타그램,맞팔환영,,,,,,,,,,,,,,
503,Sinnonhyeon Station,3주,강남역,쌀국수,,,,,,,,,,,,,,,,,,,,,,,,,,,,,,
504,Sinnonhyeon Station,3주,신논현맛집,안가,,,,,,,,,,,,,,,,,,,,,,,,,,,,,,
505,Sinnonhyeon Station,3주,오사카덮밥,노쉡,강남참치,강남역참치,강남초밥,강남역초밥,신논현역맛집,강남덮밥,노쉡참치초밥,신논현역초밥,신논현역스시,강남cgv맛집,강남참치추천,,,,,,,,,,,,,,,,,,,
506,Sinnonhyeon Station,3주,야마모토,이자카야기분,논현맛집,논현역맛집,신논현맛집,신논현역맛집,신논현역술집,논현술집,사케바,이자카야맛집,이자카야추천,강남맛집,강남역술집,하이볼,하이볼맛집,우니,sake,,,,,,,,,,,,,,,
507,Sinnonhyeon Station,3주,,,,,,,,,,,,,,,,,,,,,,,,,,,,,,,,
508,Sinnonhyeon Station,3주,재재식당,14,jejekitchen,강남역맛집투어,이태원맛집투어,돈까스투어,,,,,,,,,,,,,,,,,,,,,,,,,,
509,Sinnonhyeon Station,3주,일상,맛집,맛집스타,맛집스타그램,맛,맛스타,맛스타그램,먹방,먹방스타,먹방스타그램,먹스타,먹스타그램,푸드,푸드스타그램,푸드파이터,미식,불꽃로드,반포,반포맛집,논현역,논현역맛집,산논현역,신논현역맛집,오마카세,다이닝,와인,와인스타그램,전통주,감태홍,쉐프김태홍,,
510,Sinnonhyeon Station,3주,수요일,오늘은,까눌레,바닐라까눌레,cake,cakestagram,까눌레맛집,,,,,,,,,,,,,,,,,,,,,,,,,
511,Sinnonhyeon Station,3주,오늘의식사,에그드랍,,,,,,,,,,,,,,,,,,,,,,,,,,,,,,
512,Sinnonhyeon Station,3주,간만에강남나들이,점심스타그램,매우매오,별관,강남역맛집,신논현역맛집,강남역데이트,강남역한식맛집,,,,,,,,,,,,,,,,,,,,,,,,
513,Sinnonhyeon Station,3주,일상,맛집,맛집스타,맛집스타그램,맛,맛스타,맛스타그램,먹방,먹방스타,먹방스타그램,먹스타,먹스타그램,푸드,푸드스타그램,푸드파이터,미식,불꽃로드,반포,반포맛집,논현역,논현역맛집,산논현역,신논현역맛집,오마카세,다이닝,와인,와인스타그램,전통주,감태홍,쉐프김태홍,,
514,Sinnonhyeon Station,3주,버터핑거팬케이크,강남맛집,강남역맛집,신논현역맛집,와플맛집,팬케이크맛집,thegiantalligator,더자이언트엘리게이터,,,,,,,,,,,,,,,,,,,,,,,,
515,Sinnonhyeon Station,3주,논현맛집,신논현맛집,신논현역맛집,강남모임장소,강남논현동맛집,강남룸술집,신논현회식장소,신논현이자카야,기세끼,기세끼논현,,,,,,,,,,,,,,,,,,,,,,
516,Sinnonhyeon Station,Error,error,,,,,,,,,,,,,,,,,,,,,,,,,,,,,,,
517,Sinnonhyeon Station,3주,유림상회,유림상회논현본점,영동시장맛집,해산물맛집,해산물요리,해산물포차,영동시장술집,화로구이맛집,논현동맛집,논현역맛집,신논현맛집,신논현역맛집,유로포차,ad,맛스타그램,,,,,,,,,,,,,,,,,
518,Sinnonhyeon Station,3주,런드리피자,더블트러블,,,,,,,,,,,,,,,,,,,,,,,,,,,,,,
519,Sinnonhyeon Station,3주,신논현맛집,신상맛집,탕탕미엔,아토짱,탕탕미엔,논현역맛집,신논현술집,신논현역맛집,논현동맛집,강남맛집,강남맛집추천,,,,,,,,,,,,,,,,,,,,,
520,Sinnonhyeon Station,3주,,,,,,,,,,,,,,,,,,,,,,,,,,,,,,,,
521,Sinnonhyeon Station,3주,강남역맛집,신논현역맛집,만면희색,직화불고기탕면,바삭새우군만두,,,,,,,,,,,,,,,,,,,,,,,,,,,
522,Sinnonhyeon Station,3주,광주육전,육전,논현맛집,논현역맛집,신논현맛집,신논현역맛집,신논현역술집,논현술집,강남맛집,강남역술집,,,,,,,,,,,,,,,,,,,,,,
523,Sinnonhyeon Station,3주,spontini,pizza,jmt,,,,,,,,,,,,,,,,,,,,,,,,,,,,,
524,Sinnonhyeon Station,3주,spontini,pizza,jmt,,,,,,,,,,,,,,,,,,,,,,,,,,,,,
525,Sinnonhyeon Station,3주,mlbb,,,,,,,,,,,,,,,,,,,,,,,,,,,,,,,
526,Sinnonhyeon Station,3주,신논현역맛집,맛집스타그램,foodphoto,instamood,seoulgangnma,travelseoul,travelstagram,먹방,,,,,,,,,,,,,,,,,,,,,,,,
527,Sinnonhyeon Station,3주,논현동카페,논현카페,강남역카페추천,신논현역맛집,논현동맛집,논현동카페,,,,,,,,,,,,,,,,,,,,,,,,,,
528,Sinnonhyeon Station,3주,해산물맛집,유림상회,유림상회논현본점,영동시장맛집,신논현역맛집,해산물요리,해산물포차,영동시장술집,화로구이맛집,논현동맛집,논현역맛집,신논현맛집,신논현맛집,유로포차,ad,,,,,,,,,,,,,,,,,
529,Sinnonhyeon Station,3주,유로포차,유로포차논현본점,영동시장맛집,골뱅이무침맛집,영동시장포차,논현역맛집,신논현맛집,영동시장술집,화로구이맛집,논현동맛집,논현역맛집,신논현포차,신논현역맛집,유림상회,단체,단체모임,논현단체,논현회식,AD,먹스타그램,맛스타그램,일개미의길,퇴근후한잔,뚠뚠이의삶,오늘아님,,,,,,,
530,Sinnonhyeon Station,3주,논현역맛집,강남조개구이,조개사냥,논현맛집,논현조개구이,조개구이맛집,신논현역맛집,영동시장맛집,영동시장조개찜,,,,,,,,,,,,,,,,,,,,,,,
531,Sinnonhyeon Station,3주,한치,한치구이,학꽁치구이,취향존중,감사합니다,신논현역맛집,논현역맛집,강남역맛집,논현또바기,신논현1번출구,신논현또바기,반포또바기,또바기포차,또바기,맛스타그램,먹스타그램,,,,,,,,,,,,,,,,
532,Sinnonhyeon Station,3주,,,,,,,,,,,,,,,,,,,,,,,,,,,,,,,,
533,Sinnonhyeon Station,3주,강남역맛집,닭갈비전,신논현맛집,강남역닭갈비,신논현닭갈비,강남맛집,신논현역맛집,누룽주,요쏘,강남닭갈비,신논현역닭갈비,,,,,,,,,,,,,,,,,,,,,
534,Sinnonhyeon Station,3주,cake,cakestagram,,,,,,,,,,,,,,,,,,,,,,,,,,,,,,
535,Sinnonhyeon Station,3주,알로하포케,포케맛집,포케,알로하포케신논현,스파이시크림연어포케,스테이크포케,먹스타그램,맛스타그램,신논현역맛집,점심,데이트,먹방,맛집,,,,,,,,,,,,,,,,,,,
536,Sinnonhyeon Station,3주,단체완비,,,,,,,,,,,,,,,,,,,,,,,,,,,,,,,
537,Sinnonhyeon Station,3주,강남역,강남역맛집,강남역레스토랑,강남역데이트,강남역스테이크,강남역소개팅명소,강남레스토랑,강남맛집,신논현역맛집,강남데이트장소추천,강남데이트,신논현맛집,먹스타그램,맛스타그램,,,,,,,,,,,,,,,,,,
538,Sinnonhyeon Station,3주,유쾌한접시,,,,,,,,,,,,,,,,,,,,,,,,,,,,,,,
539,Sinnonhyeon Station,3주,먹스타,먹스타맞팔,먹스타그램맞팔,먹스타그램,먹스타그램소통,음식스타그램,좋반,좋아요반사,좋반테러,좋테,딘다이펑,여닝푸드,강남역맛집,신논현역맛집,강남맛집,신논현맛집,서울맛집,,,,,,,,,,,,,,,
540,Sinnonhyeon Station,3주,오랜만에,신논현역맛집,신논현역,반반집,이자까야,와인집,꼬치구이,골뱅이쫄면,육전,감바스알아히요,까르베네쇼비뇽,뱅쇼,,,,,,,,,,,,,,,,,,,,
541,Sinnonhyeon Station,3주,유로포차,유로포차논현본점,영동시장맛집,골뱅이무침맛집,영동시장포차,논현역맛집,신논현맛집,영동시장술집,화로구이맛집,논현동맛집,논현역맛집,신논현포차,신논현역맛집,유림상회,단체,단체모임,논현단체,논현회식,,,,,,,,,,,,,,
542,Sinnonhyeon Station,Error,error,,,,,,,,,,,,,,,,,,,,,,,,,,,,,,,
543,Sinnonhyeon Station,3주,,,,,,,,,,,,,,,,,,,,,,,,,,,,,,,,
544,Sinnonhyeon Station,3주,명동피자,명동맛집,동대문맛집,왕십리맛집,가든파이브맛집,선릉역맛집,대치동맛집,남산맛집,강남역맛집,신논현맛집,신논현역맛집,서울맛집,,,,,,,,,,,,,,,,,,,,
545,Sinnonhyeon Station,3주,유로포차,유로포차논현본점,영동시장맛집,골뱅이무침맛집,영동시장포차,논현역맛집,신논현맛집,영동시장술집,화로구이맛집,논현동맛집,논현역맛집,신논현포차,신논현역맛집,유림상회,단체,단체모임,논현단체,논현회식,ad,,,,,,,,,,,,,
546,Sinnonhyeon Station,3주,,,,,,,,,,,,,,,,,,,,,,,,,,,,,,,,
547,Sinnonhyeon Station,3주,쪼가리포차,논현동,포차,애주가,안주,곰탕,한우곰탕,오돌뼈,주먹밥,김치,술집,논현동술집,신논현,신논현역맛집,신논현맛집,좋은데이,진로,참이슬,처음처럼,소주,먹방스타그램,맛스타그램,맛집탐방,미식가,대식가,강남맛집,강남,압구정맛집,좋아요,과음,,
548,Sinnonhyeon Station,3주,정돈강남점,프리미엄돈카츠,일식돈까스,신논현역맛집,히레카츠,돈카츠추천,,,,,,,,,,,,,,,,,,,,,,,,,,
549,Sinnonhyeon Station,3주,ad,,,,,,,,,,,,,,,,,,,,,,,,,,,,,,,
550,Sinnonhyeon Station,3주,정돈,강남역맛집,강남맛집,알더푸강남,,,,,,,,,,,,,,,,,,,,,,,,,,,,
551,Sinnonhyeon Station,3주,맛스타그램,,,,,,,,,,,,,,,,,,,,,,,,,,,,,,,
552,Sinnonhyeon Station,4주,꽃,선물,,,,,,,,,,,,,,,,,,,,,,,,,,,,,,
553,Sinnonhyeon Station,3주,강남역맛집,신논현역맛집,스폰티니,스폰티니피자,핵짱맛,,,,,,,,,,,,,,,,,,,,,,,,,,,
554,Sinnonhyeon Station,3주,유로포차,유로포차논현본점,영동시장맛집,골뱅이무침맛집,영동시장포차,논현역맛집,신논현맛집,영동시장술집,화로구이맛집,논현동맛집,논현역맛집,신논현포차,신논현역맛집,유림상회,단체,단체모임,논현단체,논현회식,ad,,,,,,,,,,,,,
555,Sinnonhyeon Station,3주,스크렘,미니까눌레,미니까눌레세트,까눌레,푸드그램,푸드스타그램,푸드,빵스타그램,빵순이,빵지순례,빵투어,빵택배,카페투어,카페스타그램,카페추천,강남맛집,강남역맛집,강남카페,강남역디저트,강남카페추천,신논현맛집,신논현카페,신논현역맛집,신논현역카페,까눌레맛집,신논현역디저트,구움과자맛집,screme,구움과자,,,
556,Sinnonhyeon Station,3주,이야기하나,강남맛집,소고기맛집,데이트코스,신논현역맛집,,,,,,,,,,,,,,,,,,,,,,,,,,,
557,Sinnonhyeon Station,3주,,,,,,,,,,,,,,,,,,,,,,,,,,,,,,,,
558,Sinnonhyeon Station,3주,유로포차,유로포차논현본점,영동시장맛집,골뱅이무침맛집,영동시장포차,논현역맛집,신논현맛집,영동시장술집,화로구이맛집,논현동맛집,논현역맛집,신논현포차,신논현역맛집,유림상회,단체,단체모임,논현단체,논현회식,ad,,,,,,,,,,,,,
559,Sinnonhyeon Station,3주,명동피자,명동맛집,동대문맛집,왕십리맛집,가든파이브맛집,선릉역맛집,대치동맛집,남산맛집,강남역맛집,신논현맛집,신논현역맛집,서울맛집,,,,,,,,,,,,,,,,,,,,
560,Sinnonhyeon Station,3주,신논현이자카야,나가사키짬뽕,차돌숙주볶음,신논현맛집,신논현역맛집,강남모임장소,강남논현동맛집,강남룸술집,신논현회식장소,기세끼,샐러드,먹방,먹스타그램,,,,,,,,,,,,,,,,,,,
561,Sinnonhyeon Station,3주,논현동카페,논현카페,강남역카페추천,신논현역맛집,논현동맛집,감성카페,,,,,,,,,,,,,,,,,,,,,,,,,,
562,Sinnonhyeon Station,3주,스크렘,미니까눌레,구움과자,까눌레,카페,푸드그램,푸드스타그램,푸드,빵스타그램,빵순이,빵지순례,빵투어,빵택배,카페투어,카페스타그램,카페추천,강남맛집,강남역맛집,강남카페,강남역디저트,강남카페추천,신논현맛집,신논현카페,신논현역맛집,신논현역카페,까눌레맛집,신논현역디저트,구움과자맛집,screme,,,
563,Sinnonhyeon Station,3주,복씽이,맛집데이트,몸보신,삼계탕,강남역맛집,신논현역맛집,논현삼계탕,역시,힘이불끈불끈,랜드로버,레인지로버,이보크,landrover,rangerover,evoque,samgyetang,chickensoupwithginseng,타고싶은거,먹고싶은거,살고싶은데,,,,,,,,,,,,
564,Sinnonhyeon Station,3주,강남,논현,신논현,신논현저녁,신논현회식,신논현맛집,맛스타그램,먹스타그램,맛있으면살안쪄,세광양대창,신논현역맛집,신논현역회식장소,세광양대창,,,,,,,,,,,,,,,,,,,
565,Sinnonhyeon Station,3주,일주일에두번씩먹기,,,,,,,,,,,,,,,,,,,,,,,,,,,,,,,
566,Sinnonhyeon Station,3주,영자양꼬치,신논현맛집,신논현역맛집,양꼬치맛집,양갈비맛집,회식장소추천,토마토계란탕,온면,꿔바로우,중식맛집,,,,,,,,,,,,,,,,,,,,,,
567,Sinnonhyeon Station,3주,세광양대창,신논현역맛집,신논현역회식장소,세광양대창,,,,,,,,,,,,,,,,,,,,,,,,,,,,
568,Sinnonhyeon Station,3주,맛집,맛집추천,맛집소개,onthetable,creamcurrynoodle,runch,instafood,instagood,instalike,,,,,,,,,,,,,,,,,,,,,,,
569,Sinnonhyeon Station,3주,유로포차,유로포차논현본점,영동시장맛집,골뱅이무침맛집,영동시장포차,논현역맛집,신논현맛집,영동시장술집,화로구이맛집,논현동맛집,논현역맛집,신논현포차,신논현역맛집,유림상회,단체,단체모임,논현단체,논현회식,ad,,,,,,,,,,,,,
570,Sinnonhyeon Station,3주,매우매오,본점,별관,강남역맛집,신논현역맛집,강남역데이트,강남역한식맛집,쿨피스서비스주세요,,,,,,,,,,,,,,,,,,,,,,,,
571,Sinnonhyeon Station,3주,세광양대창,신논현역맛집,신논현역회식장소,세광양대창,,,,,,,,,,,,,,,,,,,,,,,,,,,,
572,Sinnonhyeon Station,3주,참치,참치맛집,대참치,신논현맛집,반포맛집,반포참치,신논현참치,강남참치,강남참치맛집,신논현역맛집,무한리필,무한리필참치,강남역참치무한리필,강남무한리필참치집,논현동참치집,신논현무한리필,신논현무한리필참치집,서초참치,신논현맛집,논현참치회식,신논현무한리필참치,신논현역참치맛집,강남참치맛집,강남참치무한리필,신논현맛집추천,논현동참치,강남회식,신논현회식,KCC맛집,논현참치,신논현역참치,강남역참치
573,Sinnonhyeon Station,3주,,,,,,,,,,,,,,,,,,,,,,,,,,,,,,,,
574,Sinnonhyeon Station,3주,,,,,,,,,,,,,,,,,,,,,,,,,,,,,,,,
575,Sinnonhyeon Station,3주,,,,,,,,,,,,,,,,,,,,,,,,,,,,,,,,
576,Sinnonhyeon Station,3주,,,,,,,,,,,,,,,,,,,,,,,,,,,,,,,,
577,Sinnonhyeon Station,3주,,,,,,,,,,,,,,,,,,,,,,,,,,,,,,,,
578,Sinnonhyeon Station,3주,,,,,,,,,,,,,,,,,,,,,,,,,,,,,,,,
579,Sinnonhyeon Station,3주,,,,,,,,,,,,,,,,,,,,,,,,,,,,,,,,
580,Sinnonhyeon Station,3주,,,,,,,,,,,,,,,,,,,,,,,,,,,,,,,,
581,Sinnonhyeon Station,3주,,,,,,,,,,,,,,,,,,,,,,,,,,,,,,,,
582,Sinnonhyeon Station,3주,햄버거,Shakeshack,Smokeshack,스모크쉑,버거,더블패티,doublepatty,밀크쉐이크,milkshake,vanilla,비,출장땐잘먹자,잘먹고잘살자,맛있으면0칼로리,강남역맛집,신논현역맛집,강남맛집,쉐이크쉑버거,,,,,,,,,,,,,,
583,Sinnonhyeon Station,3주,명동피자,명동맛집,동대문맛집,왕십리맛집,가든파이브맛집,선릉역맛집,대치동맛집,남산맛집,강남역맛집,신논현맛집,신논현역맛집,서울맛집,,,,,,,,,,,,,,,,,,,,
584,Sinnonhyeon Station,Error,error,,,,,,,,,,,,,,,,,,,,,,,,,,,,,,,
585,Sinnonhyeon Station,Error,error,,,,,,,,,,,,,,,,,,,,,,,,,,,,,,,
586,Sinnonhyeon Station,Error,error,,,,,,,,,,,,,,,,,,,,,,,,,,,,,,,
587,Sinnonhyeon Station,Error,error,,,,,,,,,,,,,,,,,,,,,,,,,,,,,,,
588,Sinnonhyeon Station,Error,error,,,,,,,,,,,,,,,,,,,,,,,,,,,,,,,
589,Sinnonhyeon Station,Error,error,,,,,,,,,,,,,,,,,,,,,,,,,,,,,,,
590,Sinnonhyeon Station,Error,error,,,,,,,,,,,,,,,,,,,,,,,,,,,,,,,
591,Sinnonhyeon Station,Error,error,,,,,,,,,,,,,,,,,,,,,,,,,,,,,,,
592,Sinnonhyeon Station,Error,error,,,,,,,,,,,,,,,,,,,,,,,,,,,,,,,
593,Sinnonhyeon Station,Error,error,,,,,,,,,,,,,,,,,,,,,,,,,,,,,,,
594,Sinnonhyeon Station,Error,error,,,,,,,,,,,,,,,,,,,,,,,,,,,,,,,
595,Sinnonhyeon Station,Error,error,,,,,,,,,,,,,,,,,,,,,,,,,,,,,,,
596,Sinnonhyeon Station,Error,error,,,,,,,,,,,,,,,,,,,,,,,,,,,,,,,
597,Sinnonhyeon Station,Error,error,,,,,,,,,,,,,,,,,,,,,,,,,,,,,,,
598,Sinnonhyeon Station,Error,error,,,,,,,,,,,,,,,,,,,,,,,,,,,,,,,
599,Sinnonhyeon Station,Error,error,,,,,,,,,,,,,,,,,,,,,,,,,,,,,,,
600,Sinnonhyeon Station,Error,error,,,,,,,,,,,,,,,,,,,,,,,,,,,,,,,
601,Sinnonhyeon Station,Error,error,,,,,,,,,,,,,,,,,,,,,,,,,,,,,,,
602,Sinnonhyeon Station,Error,error,,,,,,,,,,,,,,,,,,,,,,,,,,,,,,,
603,Sinnonhyeon Station,Error,error,,,,,,,,,,,,,,,,,,,,,,,,,,,,,,,
604,Sinnonhyeon Station,Error,error,,,,,,,,,,,,,,,,,,,,,,,,,,,,,,,
605,Sinnonhyeon Station,Error,error,,,,,,,,,,,,,,,,,,,,,,,,,,,,,,,
606,Sinnonhyeon Station,Error,error,,,,,,,,,,,,,,,,,,,,,,,,,,,,,,,
607,Sinnonhyeon Station,Error,error,,,,,,,,,,,,,,,,,,,,,,,,,,,,,,,
608,Sinnonhyeon Station,Error,error,,,,,,,,,,,,,,,,,,,,,,,,,,,,,,,
609,Sinnonhyeon Station,Error,error,,,,,,,,,,,,,,,,,,,,,,,,,,,,,,,
610,Sinnonhyeon Station,Error,error,,,,,,,,,,,,,,,,,,,,,,,,,,,,,,,
611,Sinnonhyeon Station,Error,error,,,,,,,,,,,,,,,,,,,,,,,,,,,,,,,
612,Sinnonhyeon Station,Error,error,,,,,,,,,,,,,,,,,,,,,,,,,,,,,,,
613,Sinnonhyeon Station,Error,error,,,,,,,,,,,,,,,,,,,,,,,,,,,,,,,
614,Sinnonhyeon Station,Error,error,,,,,,,,,,,,,,,,,,,,,,,,,,,,,,,
615,Sinnonhyeon Station,Error,error,,,,,,,,,,,,,,,,,,,,,,,,,,,,,,,
616,Sinnonhyeon Station,Error,error,,,,,,,,,,,,,,,,,,,,,,,,,,,,,,,
617,Sinnonhyeon Station,Error,error,,,,,,,,,,,,,,,,,,,,,,,,,,,,,,,
618,Sinnonhyeon Station,Error,error,,,,,,,,,,,,,,,,,,,,,,,,,,,,,,,
619,Sinnonhyeon Station,Error,error,,,,,,,,,,,,,,,,,,,,,,,,,,,,,,,
620,Sinnonhyeon Station,Error,error,,,,,,,,,,,,,,,,,,,,,,,,,,,,,,,
621,Sinnonhyeon Station,Error,error,,,,,,,,,,,,,,,,,,,,,,,,,,,,,,,
622,Sinnonhyeon Station,Error,error,,,,,,,,,,,,,,,,,,,,,,,,,,,,,,,
623,Sinnonhyeon Station,Error,error,,,,,,,,,,,,,,,,,,,,,,,,,,,,,,,
624,Sinnonhyeon Station,Error,error,,,,,,,,,,,,,,,,,,,,,,,,,,,,,,,
625,Sinnonhyeon Station,Error,error,,,,,,,,,,,,,,,,,,,,,,,,,,,,,,,
626,Sinnonhyeon Station,Error,error,,,,,,,,,,,,,,,,,,,,,,,,,,,,,,,
627,Sinnonhyeon Station,Error,error,,,,,,,,,,,,,,,,,,,,,,,,,,,,,,,
628,Sinnonhyeon Station,Error,error,,,,,,,,,,,,,,,,,,,,,,,,,,,,,,,
629,Sinnonhyeon Station,Error,error,,,,,,,,,,,,,,,,,,,,,,,,,,,,,,,
630,Sinnonhyeon Station,Error,error,,,,,,,,,,,,,,,,,,,,,,,,,,,,,,,
631,Sinnonhyeon Station,Error,error,,,,,,,,,,,,,,,,,,,,,,,,,,,,,,,
632,Sinnonhyeon Station,Error,error,,,,,,,,,,,,,,,,,,,,,,,,,,,,,,,
633,Sinnonhyeon Station,Error,error,,,,,,,,,,,,,,,,,,,,,,,,,,,,,,,
634,Sinnonhyeon Station,Error,error,,,,,,,,,,,,,,,,,,,,,,,,,,,,,,,
635,Sinnonhyeon Station,Error,error,,,,,,,,,,,,,,,,,,,,,,,,,,,,,,,
636,Sinnonhyeon Station,Error,error,,,,,,,,,,,,,,,,,,,,,,,,,,,,,,,
637,Sinnonhyeon Station,Error,error,,,,,,,,,,,,,,,,,,,,,,,,,,,,,,,
638,Sinnonhyeon Station,Error,error,,,,,,,,,,,,,,,,,,,,,,,,,,,,,,,
639,Sinnonhyeon Station,Error,error,,,,,,,,,,,,,,,,,,,,,,,,,,,,,,,
640,Sinnonhyeon Station,Error,error,,,,,,,,,,,,,,,,,,,,,,,,,,,,,,,
641,Sinnonhyeon Station,Error,error,,,,,,,,,,,,,,,,,,,,,,,,,,,,,,,
642,Sinnonhyeon Station,Error,error,,,,,,,,,,,,,,,,,,,,,,,,,,,,,,,
643,Sinnonhyeon Station,Error,error,,,,,,,,,,,,,,,,,,,,,,,,,,,,,,,
644,Sinnonhyeon Station,Error,error,,,,,,,,,,,,,,,,,,,,,,,,,,,,,,,
645,Sinnonhyeon Station,Error,error,,,,,,,,,,,,,,,,,,,,,,,,,,,,,,,
646,Sinnonhyeon Station,Error,error,,,,,,,,,,,,,,,,,,,,,,,,,,,,,,,
647,Sinnonhyeon Station,Error,error,,,,,,,,,,,,,,,,,,,,,,,,,,,,,,,
648,Sinnonhyeon Station,Error,error,,,,,,,,,,,,,,,,,,,,,,,,,,,,,,,
649,Sinnonhyeon Station,Error,error,,,,,,,,,,,,,,,,,,,,,,,,,,,,,,,
650,Sinnonhyeon Station,Error,error,,,,,,,,,,,,,,,,,,,,,,,,,,,,,,,
651,Sinnonhyeon Station,Error,error,,,,,,,,,,,,,,,,,,,,,,,,,,,,,,,
652,Sinnonhyeon Station,Error,error,,,,,,,,,,,,,,,,,,,,,,,,,,,,,,,
653,Sinnonhyeon Station,Error,error,,,,,,,,,,,,,,,,,,,,,,,,,,,,,,,
654,Sinnonhyeon Station,Error,error,,,,,,,,,,,,,,,,,,,,,,,,,,,,,,,
655,Sinnonhyeon Station,Error,error,,,,,,,,,,,,,,,,,,,,,,,,,,,,,,,
656,Sinnonhyeon Station,Error,error,,,,,,,,,,,,,,,,,,,,,,,,,,,,,,,
657,Sinnonhyeon Station,Error,error,,,,,,,,,,,,,,,,,,,,,,,,,,,,,,,
658,Sinnonhyeon Station,Error,error,,,,,,,,,,,,,,,,,,,,,,,,,,,,,,,
659,Sinnonhyeon Station,Error,error,,,,,,,,,,,,,,,,,,,,,,,,,,,,,,,
660,Sinnonhyeon Station,Error,error,,,,,,,,,,,,,,,,,,,,,,,,,,,,,,,
661,Sinnonhyeon Station,Error,error,,,,,,,,,,,,,,,,,,,,,,,,,,,,,,,
662,Sinnonhyeon Station,Error,error,,,,,,,,,,,,,,,,,,,,,,,,,,,,,,,
663,Sinnonhyeon Station,Error,error,,,,,,,,,,,,,,,,,,,,,,,,,,,,,,,
664,Sinnonhyeon Station,Error,error,,,,,,,,,,,,,,,,,,,,,,,,,,,,,,,
665,Sinnonhyeon Station,Error,error,,,,,,,,,,,,,,,,,,,,,,,,,,,,,,,
666,Sinnonhyeon Station,Error,error,,,,,,,,,,,,,,,,,,,,,,,,,,,,,,,
667,Sinnonhyeon Station,Error,error,,,,,,,,,,,,,,,,,,,,,,,,,,,,,,,
668,Sinnonhyeon Station,Error,error,,,,,,,,,,,,,,,,,,,,,,,,,,,,,,,
669,Sinnonhyeon Station,Error,error,,,,,,,,,,,,,,,,,,,,,,,,,,,,,,,
670,Sinnonhyeon Station,Error,error,,,,,,,,,,,,,,,,,,,,,,,,,,,,,,,
671,Sinnonhyeon Station,Error,error,,,,,,,,,,,,,,,,,,,,,,,,,,,,,,,
672,Sinnonhyeon Station,Error,error,,,,,,,,,,,,,,,,,,,,,,,,,,,,,,,
673,Sinnonhyeon Station,Error,error,,,,,,,,,,,,,,,,,,,,,,,,,,,,,,,
674,Sinnonhyeon Station,Error,error,,,,,,,,,,,,,,,,,,,,,,,,,,,,,,,
675,Sinnonhyeon Station,Error,error,,,,,,,,,,,,,,,,,,,,,,,,,,,,,,,
676,Sinnonhyeon Station,Error,error,,,,,,,,,,,,,,,,,,,,,,,,,,,,,,,
677,Sinnonhyeon Station,Error,error,,,,,,,,,,,,,,,,,,,,,,,,,,,,,,,
678,Sinnonhyeon Station,Error,error,,,,,,,,,,,,,,,,,,,,,,,,,,,,,,,
679,Sinnonhyeon Station,Error,error,,,,,,,,,,,,,,,,,,,,,,,,,,,,,,,
680,Sinnonhyeon Station,Error,error,,,,,,,,,,,,,,,,,,,,,,,,,,,,,,,
681,Sinnonhyeon Station,Error,error,,,,,,,,,,,,,,,,,,,,,,,,,,,,,,,
682,Sinnonhyeon Station,Error,error,,,,,,,,,,,,,,,,,,,,,,,,,,,,,,,
683,Sinnonhyeon Station,Error,error,,,,,,,,,,,,,,,,,,,,,,,,,,,,,,,
684,Sinnonhyeon Station,Error,error,,,,,,,,,,,,,,,,,,,,,,,,,,,,,,,
685,Sinnonhyeon Station,4주,명동피자,명동맛집,동대문맛집,왕십리맛집,가든파이브맛집,선릉역맛집,대치동맛집,남산맛집,강남역맛집,신논현맛집,신논현역맛집,서울맛집,,,,,,,,,,,,,,,,,,,,
686,Sinnonhyeon Station,4주,초밥,초밥집,초밥스타그램,먹스타그램,맛스타그램,강남역맛집,신논현역맛집,좋아요맞팔,좋아요반사댓,,,,,,,,,,,,,,,,,,,,,,,
687,Sinnonhyeon Station,4주,콜드스톤,coldstone,아이스크림,신논현역,신논현역맛집,강남,강남역,강남역맛집,,,,,,,,,,,,,,,,,,,,,,,,
688,Sinnonhyeon Station,4주,논현역쭈꾸미,논현역쭈꾸미맛집,논현역쭈꾸미삼겹살,신논현쭈꾸미,신논현역쭈꾸미맛집,신논현역쭈꾸미삼겹살,쭈꾸미삼겹살,쭈꾸미삼겹살맛집,논현역맛집,신논현역맛집,,,,,,,,,,,,,,,,,,,,,,
689,Sinnonhyeon Station,4주,육전,육전맛집,혜자맛집,음식이친절해요,신논현역맛집,논현역맛집,강남역맛집,논현또바기,신논현1번출구,신논현또바기,반포또바기,또바기포차,또바기,맛스타그램,먹스타그램,논현육전맛집,강남육전맛집,육전스타그램,,,,,,,,,,,,,,
690,Sinnonhyeon Station,4주,미도인,강남역맛집,강남역,신논현역맛집,신논현역,맛집,맛집추천,스테이크,덮밥,라멘,강남맛집,미도인강남,강남데이트,데이트장소,데이트추천,강남역데이트,,,,,,,,,,,,,,,,
691,Sinnonhyeon Station,4주,,,,,,,,,,,,,,,,,,,,,,,,,,,,,,,,
692,Sinnonhyeon Station,4주,르메르디앙서울,르메르디앙호텔,lemeridien,lemerdienhotel,lemerdienseoul,chefspallete,강남역맛집,신논현역맛집,부페맛집,buffet,,,,,,,,,,,,,,,,,,,,,,
693,Sinnonhyeon Station,4주,고기맛집,까사생갈비,,,,,,,,,,,,,,,,,,,,,,,,,,,,,,
694,Sinnonhyeon Station,4주,세광양대창,신논현역맛집,신논현역회식장소,세광양대창,,,,,,,,,,,,,,,,,,,,,,,,,,,,
695,Sinnonhyeon Station,4주,매우매오,본점,별관,강남역맛집,신논현역맛집,강남역데이트,강남역한식맛집,,,,,,,,,,,,,,,,,,,,,,,,,
696,Sinnonhyeon Station,4주,차돌삼합,진대감강남역교보타워점,진대감,강남역맛집,신논현역맛집,신논현역고기집,전참시이영자,전참시맛집,이영자맛집,신논현역밥집,차돌,삼합,다,후드라이언,라이언삐짐,,,,,,,,,,,,,,,,,
697,Sinnonhyeon Station,4주,정돈,돈까스맛집,강남역맛집,신논현역맛집,,,,,,,,,,,,,,,,,,,,,,,,,,,,
698,Sinnonhyeon Station,4주,,,,,,,,,,,,,,,,,,,,,,,,,,,,,,,,
699,Sinnonhyeon Station,4주,명동피자,명동맛집,동대문맛집,왕십리맛집,가든파이브맛집,선릉역맛집,대치동맛집,남산맛집,강남역맛집,신논현맛집,신논현역맛집,서울맛집,,,,,,,,,,,,,,,,,,,,
700,Sinnonhyeon Station,4주,쫄면,돼지고기짜글이,부대찌개,신논현역맛집,한식맛집,백반맛집,느그집,점심맛집,오늘도무급알바,점심백반추천,,,,,,,,,,,,,,,,,,,,,,
701,Sinnonhyeon Station,4주,나국민학교2학년때태어난양반이랑,,,,,,,,,,,,,,,,,,,,,,,,,,,,,,,
702,Sinnonhyeon Station,4주,,,,,,,,,,,,,,,,,,,,,,,,,,,,,,,,
703,Sinnonhyeon Station,4주,이자카야기분,논현맛집,논현역맛집,신논현맛집,신논현역맛집,신논현역술집,논현술집,사케바,이자카야맛집,이자카야추천,강남맛집,강남역술집,소우호마레,,,,,,,,,,,,,,,,,,,
704,Sinnonhyeon Station,4주,예비니키친,,,,,,,,,,,,,,,,,,,,,,,,,,,,,,,
705,Sinnonhyeon Station,5주,라루올로,,,,,,,,,,,,,,,,,,,,,,,,,,,,,,,
706,Sinnonhyeon Station,5주,예비니키친,,,,,,,,,,,,,,,,,,,,,,,,,,,,,,,
707,Sinnonhyeon Station,4주,세광양대창,신논현역맛집,신논현역회식장소,세광양대창,대창맛집,막창맛집,특양맛집,교대맛집,,,,,,,,,,,,,,,,,,,,,,,,
708,Sinnonhyeon Station,4주,명란구이,포장가능해요,포장,신논현역맛집,논현역맛집,강남역맛집,논현또바기,신논현1번출구,신논현또바기,반포또바기,또바기포차,또바기,맛스타그램,먹스타그램,,,,,,,,,,,,,,,,,,
709,Sinnonhyeon Station,4주,파김치,쪽파김치담그기,신논현역맛집,논현역맛집,강남역맛집,논현또바기,신논현1번출구,신논현또바기,반포또바기,또바기포차,또바기,맛스타그램,먹스타그램,,,,,,,,,,,,,,,,,,,
710,Sinnonhyeon Station,4주,경양카츠,히레카츠,먹스타,먹스타그램,먹스타맞팔,먹스타그램맞팔,먹스타소통,음식스타그램,선팔,맞팔,맞팔로우,선팔맞팔,선팔하면맞팔,좋반,좋아요반사,좋반테러,좋테,여닝푸드,강남맛집,서울맛집,강남역맛집,신논현맛집,신논현역맛집,,,,,,,,,
711,Sinnonhyeon Station,Error,error,,,,,,,,,,,,,,,,,,,,,,,,,,,,,,,
712,Sinnonhyeon Station,Error,error,,,,,,,,,,,,,,,,,,,,,,,,,,,,,,,
713,Sinnonhyeon Station,4주,foodsta,food,foodstagram,니아맛집,,,,,,,,,,,,,,,,,,,,,,,,,,,,
714,Sinnonhyeon Station,4주,명동피자,명동맛집,동대문맛집,왕십리맛집,가든파이브맛집,선릉역맛집,대치동맛집,남산맛집,강남역맛집,신논현맛집,신논현역맛집,서울맛집,,,,,,,,,,,,,,,,,,,,
715,Sinnonhyeon Station,4주,당충전,디저트,달고나라떼,아인슈페너,마카롱,다쿠아즈,컵케이크,날웃게해,30가지디저트카페,디저트스타그램,카페스타그램,라이프스타일,달다구리,강남맛집,강남역맛집,신논현맛집,신논현역맛집,신논현카페,신논현역카페,논현맛집,논현역맛집,논현카페,논현역카페,언주역맛집,언주역카페,학동맛집,학동역맛집,학동카페,학동역카페,,,
716,Sinnonhyeon Station,4주,케라틴펌,,,,,,,,,,,,,,,,,,,,,,,,,,,,,,,
717,Sinnonhyeon Station,4주,스폰티니,,,,,,,,,,,,,,,,,,,,,,,,,,,,,,,
718,Sinnonhyeon Station,4주,강남역맛집,강남역노포,시골야채된장,욱바선매,호루라미유닛모임,맛보단추억,,,,,,,,,,,,,,,,,,,,,,,,,,
719,Sinnonhyeon Station,4주,강남역맛집,신논현역맛집,등심돈까스,안심돈까스,새우튀김,시금치카레,맛스타그램,먹스타그램,데일리,일상,미미맛집,강남맛집,좋아요,소통,,,,,,,,,,,,,,,,,,
720,Sinnonhyeon Station,4주,강남돈까스,신논현돈까스,강남돈까스맛집,신논현역맛집,딸찬스,먹방,먹스타그램,강남데이트코스,경양카츠,경양카츠강남점,,,,,,,,,,,,,,,,,,,,,,
721,Sinnonhyeon Station,4주,이춘복참치,이춘복,이춘복참치신논현,참치회맛집,참치맛집,참치회,신논현맛집,신논현역맛집,일상,일상그램,저녁반찬,참치회보다새우튀김,,,,,,,,,,,,,,,,,,,,
722,Sinnonhyeon Station,4주,,,,,,,,,,,,,,,,,,,,,,,,,,,,,,,,
723,Sinnonhyeon Station,4주,장남식당,삼겹살,등심덧살,삼겹살맛집,논현맛집,신논현맛집,신논현역맛집,고기맛집,맛있게냠냠,맛스타그램,먹스타그램,,,,,,,,,,,,,,,,,,,,,
724,Sinnonhyeon Station,4주,SPONTINIpizza,MILANO,,,,,,,,,,,,,,,,,,,,,,,,,,,,,,
725,Sinnonhyeon Station,4주,레드카펫,피자,,,,,,,,,,,,,,,,,,,,,,,,,,,,,,
726,Sinnonhyeon Station,4주,맛잘알,,,,,,,,,,,,,,,,,,,,,,,,,,,,,,,
727,Sinnonhyeon Station,4주,세광양대창,신논현역맛집,신논현역회식장소,세광양대창,,,,,,,,,,,,,,,,,,,,,,,,,,,,
728,Sinnonhyeon Station,4주,미즈컨테이너,강남역맛집,신논현역맛집,신논현맛집,강남맛집,서울맛집,먹스타,먹스타그램,먹스타맞팔,먹스타그램맞팔,먹스타소통,음식스타그램,선팔,맞팔,맞팔로우,선팔맞팔,선팔하면맞팔,좋반,좋아요반사,좋반테러,좋테,여닝푸드,fff,foodstagram,,,,,,,,
729,Sinnonhyeon Station,10주,치리,gangnam,itaewon,creampasta,foodieporn,,,,,,,,,,,,,,,,,,,,,,,,,,,
730,Sinnonhyeon Station,11주,먹스타그램,10058,,,,,,,,,,,,,,,,,,,,,,,,,,,,,,
731,Sinnonhyeon Station,4주,김일도,김일도고깃집,김일도사람사는고깃집,김일도한판,김일도신논현점,맛집,숙성고기맛집,숙성육맛집,돼지고기,돼지고기맛집,신논현맛집,신논현역맛집,맛방,먹방,맛부림,먹부림,맛스타,먹스타,맛스타그램,먹스타그램,,,,,,,,,,,,
732,Sinnonhyeon Station,4주,명동피자,명동맛집,동대문맛집,왕십리맛집,가든파이브맛집,선릉역맛집,대치동맛집,남산맛집,강남역맛집,신논현맛집,신논현역맛집,서울맛집,,,,,,,,,,,,,,,,,,,,
733,Sinnonhyeon Station,4주,맛잘알,,,,,,,,,,,,,,,,,,,,,,,,,,,,,,,
734,Sinnonhyeon Station,4주,강남역카페추천,강남카페추천,강남역맛집추천,신논현카페,신논현역맛집,신논현카페,,,,,,,,,,,,,,,,,,,,,,,,,,
735,Sinnonhyeon Station,4주,강남맛집,재재식당,카츠산도,크린베리주스,망고주스,망크주스,강남역맛집,신논현맛집,신논현역맛집,안심돈까스,고기카레,카츠산도맛집,돈까스맛집,재재식당강남점,먹교,,,,,,,,,,,,,,,,,
736,Sinnonhyeon Station,4주,스폰티니,포카치아,강남역맛집,신논현역맛집,강남역피자,강남역피자맛집,신논현역피자맛집,신논현역피자,스폰티니피자,스폰티니밀라노,스폰티니강남,spontini,스태피의맛집,스태피의이탈리아식당,피자맛집,조각피자맛집,피자,마르기리타,가성비좋은식당,가성비피자,강남역가성비피자,강남가성비식당,,,,,,,,,,
737,Sinnonhyeon Station,4주,스폰티니,마르게리타피자,포카치아,강남역맛집,신논현역맛집,강남역피자,강남역피자맛집,신논현역피자맛집,신논현역피자,스폰티니피자,스폰티니밀라노,스폰티니강남,spontini,스태피의맛집,스태피의이탈리아식당,피자맛집,조각피자맛집,피자,마르기리타,가성비좋은식당,가성비피자,강남역가성비피자,강남가성비식당,,,,,,,,,
738,Sinnonhyeon Station,4주,강남재재식당,재재식당,재재식당강남점,강남역,가성비,강남맛집,강남역맛집,신논현맛집,신논현역맛집,돈까스맛집,돈카츠맛집,강남돈까스맛집,강남돈카츠맛집,돈까스,돈카츠,카츠산도,,,,,,,,,,,,,,,,
739,Sinnonhyeon Station,4주,강남,신논현,강남역맛집,미도인,신논현맛집,신논현역맛집,부챗살스테이크,소고기,대창덮밥,탄탄면,라멘,고기,존맛탱,jmt,음식,먹자,먹스타그램,먹부림그램,먹방스타그램,먹스타맞팔,먹,맛스타그램,좋아요,힐링,소확행,소통,일상,행복한돼지,,,,
740,Sinnonhyeon Station,Error,error,,,,,,,,,,,,,,,,,,,,,,,,,,,,,,,
741,Sinnonhyeon Station,4주,,,,,,,,,,,,,,,,,,,,,,,,,,,,,,,,
742,Sinnonhyeon Station,5주,,,,,,,,,,,,,,,,,,,,,,,,,,,,,,,,
743,Sinnonhyeon Station,5주,,,,,,,,,,,,,,,,,,,,,,,,,,,,,,,,
744,Sinnonhyeon Station,5주,,,,,,,,,,,,,,,,,,,,,,,,,,,,,,,,
745,Sinnonhyeon Station,5주,marketcurly,hollyscoffee,alohapoke,강남역샐러드,kirkland,,,,,,,,,,,,,,,,,,,,,,,,,,,
746,Sinnonhyeon Station,5주,일본식파스타,플라워카페,멘타이코알리오올리오,로우어크림라떼,강남맛집,강남맛집추천,신논현역맛집,신논현역맛집추천,강남역맛집,강남역맛집추천,신논현맛집,신논현맛집추천,강남역카페,강남역카페추천,신논현카페,신논현카페추천,강남카페,강남카페추천,신논현역카페,신논현역카페추천,,,,,,,,,,,,
747,Sinnonhyeon Station,5주,,,,,,,,,,,,,,,,,,,,,,,,,,,,,,,,
748,Sinnonhyeon Station,5주,,,,,,,,,,,,,,,,,,,,,,,,,,,,,,,,
749,Sinnonhyeon Station,5주,yummy,yummyfood,spaghetti,korea,seoul,sinsa,,,,,,,,,,,,,,,,,,,,,,,,,,
750,Sinnonhyeon Station,5주,,,,,,,,,,,,,,,,,,,,,,,,,,,,,,,,
751,Sinnonhyeon Station,5주,,,,,,,,,,,,,,,,,,,,,,,,,,,,,,,,
752,Sinnonhyeon Station,5주,AD,AD,,,,,,,,,,,,,,,,,,,,,,,,,,,,,,
753,Sinnonhyeon Station,5주,,,,,,,,,,,,,,,,,,,,,,,,,,,,,,,,
754,Sinnonhyeon Station,5주,,,,,,,,,,,,,,,,,,,,,,,,,,,,,,,,
755,Sinnonhyeon Station,5주,강남역맛집,,,,,,,,,,,,,,,,,,,,,,,,,,,,,,,
756,Sinnonhyeon Station,5주,족발,족발맛집,논현족발,논현동족발,논현맛집,논현동맛집,리북집,리북집족발,리북집논현점,매운족발,미니족,일반족발,족발스타그램,신논현맛집,신논현역맛집,먹스타그램,맞팔,팔로우,팔로워,먹자골목,논현동먹자골목,족발냉채,족발포장,신논현회식,회식장소,회식추천,논현동회식장소,신논현회식장소,,,,
757,Sinnonhyeon Station,5주,리북집,논현역맛집,신논현역맛집,논현맛집,신논현맛집,강남역맛집,강남맛집,족발맛집,매운족발,족발,매운족발맛집,먹스타맞팔,맛스타맞팔,먹스타그램,먹방,맞팔,선팔,JMT,좋반,foodstagram,instafood,아무맛대잔치,아무맛대잔치,아무맛대잔치,,,,,,,,
758,Sinnonhyeon Station,5주,사람사는고깃집김일도신논현점,신논현맛집,신논현역맛집,삼겹살맛집,논현맛집,논현역맛집,강남맛집,신논현역삼겹살,미추리살,주걱살,목살,갈매기살,불닭발버터밥,신논현고깃집,,,,,,,,,,,,,,,,,,
759,Sinnonhyeon Station,5주,어린이날저녁,bbq,캠핑분위기,난장캠프,신논현역맛집,,,,,,,,,,,,,,,,,,,,,,,,,,,
760,Sinnonhyeon Station,5주,강남역,브라더후드키친,치킨앤드와플,아메리칸스타일까르보나라,강남역맛집,강남역맛집추천,신논현역맛집,신논현역맛집추천,강남브라더후드키친,브라더후드,강남맛집,강남맛집추천,치킨와플,강남맛집투어,강남데이트,강남역핫플,먹스타그램,맛스타그램,존맛탱구리,존맛탱구리,,,,,,,,,,,,
761,Sinnonhyeon Station,5주,매우매오,본점,별관,강남역맛집,신논현역맛집,강남역데이트,강남역한식맛집,,,,,,,,,,,,,,,,,,,,,,,,,
762,Sinnonhyeon Station,5주,,,,,,,,,,,,,,,,,,,,,,,,,,,,,,,,
763,Sinnonhyeon Station,5주,음식일기,먹자골목,,,,,,,,,,,,,,,,,,,,,,,,,,,,,,
764,Sinnonhyeon Station,5주,신논현퓨전술집,신논현맛집,신논현술집,민,민쓰네술집,민,민쓰네,강남술집,강남맛집,신논현역맛집,안주가맛있는술집,서비스,친절,젊은사장,회식장소,모임장소,강남맛집,강남술집추천,논현,강남,서울,신논현역,신논현,신논현안주,일상,flower,영동시장맛집,영동시장,,,,
765,Sinnonhyeon Station,5주,,,,,,,,,,,,,,,,,,,,,,,,,,,,,,,,
766,Sinnonhyeon Station,5주,카페드프란,프란,마카롱,마카롱맛집,마카롱스타그램,디저트스타그램,디저트,디저트맛집,꼬끄,맛집공유,맛집리뷰,맛집스타그램,맛집교수,맛집평가,맛집,신논현맛집,신논현역맛집,신논현카페,먹스타맞팔,먹스타그램,좋아요반사,좋반,,,,,,,,,,
767,Sinnonhyeon Station,Error,error,,,,,,,,,,,,,,,,,,,,,,,,,,,,,,,
768,Sinnonhyeon Station,5주,,,,,,,,,,,,,,,,,,,,,,,,,,,,,,,,
769,Sinnonhyeon Station,5주,명동피자,명동맛집,동대문맛집,왕십리맛집,가든파이브맛집,선릉역맛집,대치동맛집,남산맛집,강남역맛집,신논현맛집,신논현역맛집,서울맛집,,,,,,,,,,,,,,,,,,,,
770,Sinnonhyeon Station,5주,쌀국수,미분당쌀국수,신논현역맛집,,,,,,,,,,,,,,,,,,,,,,,,,,,,,
771,Sinnonhyeon Station,5주,데이트코스,어린이날,맛집추천,논현맛집,신논현역맛집,신논현맛집,강남맛집,강남역맛집,돼지갈비,돼지갈비맛집,갈비집추천,줄서서먹는집,오늘뭐먹지,오늘저녁,돼지갈비맛집,청첩장모임,소개팅맛집,오늘저녁,,,,,,,,,,,,,,
772,Sinnonhyeon Station,5주,카츠산도,강남맛집,강남맛집추천,강남돈까스,강남카츠산도,낙원테산도,돈까스맛집,돈까스샌드위치,강남,서울,강남역맛집,신논현역맛집,신논현역,신논현,음식스타그램,음식,돈까스,음식사진,데이트그램,럽스타그램,데이트코스,강남데이트,,,,,,,,,,
773,Sinnonhyeon Station,5주,완벽한하루,강남역카페,썸띵어바웃커피,강남역맛집,신논현맛집,신논현역맛집,신논현카페,주어뭉과미니,사랑합니다,,,,,,,,,,,,,,,,,,,,,,,
774,Sinnonhyeon Station,5주,바질토마토세트,스폰티니1953,스폰티니,spontini,이탈리아피자,강남역맛집,강남역피자,신논현역맛집,,,,,,,,,,,,,,,,,,,,,,,,
775,Sinnonhyeon Station,5주,강남맛집,신논현역맛집,미도인강남,미도인구첩반상,대창구첩,스테이크덮밥,,,,,,,,,,,,,,,,,,,,,,,,,,
776,Sinnonhyeon Station,5주,강남역맛집,강남맛집,강남,강남카페,강남술집,강남역카페,논현맛집,논현,논현동맛집,논현동맛집,논현동,논현카페,논현역맛집,논현동카페,신논현맛집,신논현카페,신논현역맛집,신논현,신논현술집,교보타워,역삼맛집,선릉역맛집,선릉맛집,삼성역맛집,잠실맛집,잠실새내맛집,송파맛집,방이동맛집,방이동먹자골목,천호맛집,우기식당바다점,
777,Sinnonhyeon Station,5주,세광양대창,강남역맛집,강남맛집,강남,강남카페,강남술집,강남역카페,논현맛집,논현,논현동맛집,논현동맛집,논현동,논현카페,논현역맛집,논현동카페,신논현맛집,신논현카페,신논현역맛집,신논현,신논현술집,교보타워,역삼맛집,선릉역맛집,선릉맛집,삼성역맛집,잠실맛집,잠실새내맛집,송파맛집,방이동맛집,방이동먹자골목,천호맛집,
778,Sinnonhyeon Station,5주,푸드갱,에그드랍,eggdrop,강남역맛집,신논현맛집,신논현역맛집,배고파그램,오늘뭐먹지,맛집스타그램,먹스타그램,맛스타그램,밥스타그램,toasts,foodstagram,mouthwatering,yumyum,,,,,,,,,,,,,,,,
779,Sinnonhyeon Station,5주,5월화이팅,신논현역맛집,논현역맛집,강남역맛집,논현또바기,신논현1번출구,신논현또바기,반포또바기,또바기포차,또바기,맛스타그램,먹스타그램,,,,,,,,,,,,,,,,,,,,
780,Sinnonhyeon Station,5주,낙곱새,물막국수,좋아요,명품수제돼지갈비,낙곱새,물막국수,,,,,,,,,,,,,,,,,,,,,,,,,,
781,Sinnonhyeon Station,5주,유림상회,유림상회논현본점,영동시장맛집,해산물맛집,해산물요리,해산물포차,영동시장술집,화로구이맛집,논현동맛집,논현역맛집,신논현맛집,신논현역맛집,유로포차,ad,,,,,,,,,,,,,,,,,,
782,Sinnonhyeon Station,5주,,,,,,,,,,,,,,,,,,,,,,,,,,,,,,,,
783,Sinnonhyeon Station,5주,신논현역맛집,강남역맛집,메이드바이오즈,치즈쌈,타코,,,,,,,,,,,,,,,,,,,,,,,,,,,
784,Sinnonhyeon Station,5주,메이드바이오즈,,,,,,,,,,,,,,,,,,,,,,,,,,,,,,,
785,Sinnonhyeon Station,5주,명동피자,명동맛집,동대문맛집,왕십리맛집,가든파이브맛집,선릉역맛집,대치동맛집,남산맛집,강남역맛집,신논현맛집,신논현역맛집,서울맛집,,,,,,,,,,,,,,,,,,,,
786,Sinnonhyeon Station,5주,천안문,찹쌀탕수육,신논현역맛집,논현맛집,반포맛집,중국요리,먹스타그램,맛스타그램,먹방,맛집,먹는게남는거,음식기록,,,,,,,,,,,,,,,,,,,,
787,Sinnonhyeon Station,5주,신논현역맛집,강남어시장,모듬회클라스,주말자제,수업할때힘들어,,,,,,,,,,,,,,,,,,,,,,,,,,,
788,Sinnonhyeon Station,5주,맛스타그램,먹스타그램,돈까스맛집,,,,,,,,,,,,,,,,,,,,,,,,,,,,,
789,Sinnonhyeon Station,5주,밀라노에서배달중입니다,밀라노,밀라노정통피자,스폰티니,쌩얼,인친,잍을리,더블치즈마르게리따,프로슈토버섯,먹방,먹스타,맛스타,일상스타그램,먹는일상,셀카,셀피,피자두쪽먹음푸드파이터배터져요,맛있다그램,이태리감성,pizza,spontini,스폰티니강남,피자맛집,강남역맛집,신논현역맛집,좋아요,맞팔,인친해요,소통해요,,,
790,Sinnonhyeon Station,5주,탕화쿵푸,마라탕,마라중독,강남역맛집,신논현역맛집,강남,일상,점심,직장인,눈누난나,먹스타그램,,,,,,,,,,,,,,,,,,,,,
791,Sinnonhyeon Station,5주,단체석완비,강남24시맛집,논현24시맛집,,,,,,,,,,,,,,,,,,,,,,,,,,,,,
792,Sinnonhyeon Station,5주,맛집추천,맛집인정,신논현역맛집,해물찜,맛스타그램,진격대포,랍스터해물조개찜,랍스터,해물,조개찜,소주안주,lobster,seafood,braisedseafood,koreanfood,,,,,,,,,,,,,,,,,
793,Sinnonhyeon Station,Error,error,,,,,,,,,,,,,,,,,,,,,,,,,,,,,,,
794,Sinnonhyeon Station,Error,error,,,,,,,,,,,,,,,,,,,,,,,,,,,,,,,
795,Sinnonhyeon Station,Error,error,,,,,,,,,,,,,,,,,,,,,,,,,,,,,,,
796,Sinnonhyeon Station,5주,20200503,럽스타그램,먹스타그램,맛스타그램,디저트스타그램,신논현역맛집,일식맛집,호천당,수제,돈까스,나베,바삭바삭,맛있다,jmt,카페탐방,신논현카페,빈티지38,파란만잔,커피,베이커리,아이스아메리카노,딸기에이드,말차,브라우니,달달해,분위기좋은곳,행복합니다,일상,여친님,너와함께,,
797,Sinnonhyeon Station,5주,우정스타그램,우정,어린이날선물,육회한연어,신논현역맛집,,,,,,,,,,,,,,,,,,,,,,,,,,,
798,Sinnonhyeon Station,5주,신논현맛집,제주육,신논현제주육,신논현역맛집,흑돼지,목살,,,,,,,,,,,,,,,,,,,,,,,,,,
799,Sinnonhyeon Station,5주,클라이밍파크,일욜,클팍,climbingpark,꿀잼,신논현역,신논현역맛집,강남역맛집,클라이밍,climbing,볼더링,bouldering,climber,climbers,실내암벽,취미,hobby,취미생활,취미스타그램,운동,exercise,운동하는남자,운동하는여자,f4f,l4l,,,,,,,
800,Sinnonhyeon Station,5주,김선생조개찜,조갈찜,,,,,,,,,,,,,,,,,,,,,,,,,,,,,,
801,Sinnonhyeon Station,5주,호랑이식당,강남맛집,신논현맛집,강남역맛집,신논현역맛집,먹스타,먹스타그램,먹스타맞팔,먹스타그램맞팔,먹스타소통,음식스타그램,선팔,맞팔,맞팔로우,선팔맞팔,선팔하면맞팔,좋반,좋아요반사,좋반테러,좋테,여닝푸드,호면,차슈덮밥,서울맛집,맛집추천,,,,,,,
802,Sinnonhyeon Station,5주,천사곱창,천사곱창논현점,논현곱창,논현동곱창,논현맛집,논현동맛집,곱창,곱창맛집,곱창은사랑입니다,곱창모듬,불닭볶음면,신논현맛집,신논현역맛집,먹스타그램,맞팔,팔로우,팔로워,먹자골목,논현동먹자골목,,,,,,,,,,,,,
803,Sinnonhyeon Station,5주,스폰티니,spontini,spontinimilano,스폰티니피자,밀라노,밀라노피자,이탈리아피자,스타럭스,신논현역,신논현역맛집,강남역,강남역맛집,강남,강남역피자,강남피자,피자맛집,,,,,,,,,,,,,,,,
804,Sinnonhyeon Station,5주,,,,,,,,,,,,,,,,,,,,,,,,,,,,,,,,
805,Sinnonhyeon Station,5주,베트남음식점,반쎄오,신논현맛집,팟타이맛집,쌀국수맛집,강남역쌀국수,인더비엣신논현역점,,,,,,,,,,,,,,,,,,,,,,,,,
806,Sinnonhyeon Station,5주,송포갈비,강남데이트코스,추천맛집,재난지원금,논현맛집,논현역맛집,신논현맛집,신논현역맛집,영동시장맛집,줄서서먹는집,청첩장모임,결혼식,가족외식,갈비집추천,돼지갈비맛집,주말데이트,일요일데이트,오늘뭐먹지,오늘저녁,,,,,,,,,,,,,
807,Sinnonhyeon Station,5주,매우매오,본점,별관,강남역맛집,신논현역맛집,강남역데이트,강남역한식맛집,,,,,,,,,,,,,,,,,,,,,,,,,
808,Sinnonhyeon Station,5주,미도인,강남역맛집,강남역,신논현역맛집,신논현역,맛집,맛집추천,스테이크,덮밥,라멘,강남맛집,미도인강남,강남데이트,데이트장소,데이트추천,강남역데이트,,,,,,,,,,,,,,,,
809,Sinnonhyeon Station,5주,명동피자,명동맛집,동대문맛집,왕십리맛집,가든파이브맛집,선릉역맛집,대치동맛집,남산맛집,강남역맛집,신논현맛집,신논현역맛집,서울맛집,,,,,,,,,,,,,,,,,,,,
810,Sinnonhyeon Station,5주,미도인,강남역맛집,강남역,신논현역맛집,신논현역,맛집,맛집추천,스테이크,덮밥,라멘,강남맛집,미도인강남,강남데이트,데이트장소,데이트추천,,,,,,,,,,,,,,,,,
811,Sinnonhyeon Station,5주,강남,클럽,가라오케,퍼블릭,논현맛집도셰프,신사맛집추천,강남맛집추천,청담맛집추천,신사역맛집추천,가로수길맛집추천,가로수길카페,한신포차닭발,신사역맛집추천,강남역맛집추천,청당동맛집,압구정역맛집추천,신논현역맛집,강남역까페,청담동카페,청담동술집,벨뷰,청담동라운지,청담라운지,가로수길술집,신사동술집,논현동술집,,,,,,
812,Sinnonhyeon Station,5주,강남,클럽,가라오케,퍼블릭,논현맛집도셰프,신사맛집추천,강남맛집추천,청담맛집추천,신사역맛집추천,가로수길맛집추천,가로수길카페,한신포차닭발,신사역맛집추천,강남역맛집추천,청당동맛집,압구정역맛집추천,신논현역맛집,강남역까페,청담동카페,청담동술집,벨뷰,청담동라운지,청담라운지,가로수길술집,신사동술집,논현동술집,,,,,,
813,Sinnonhyeon Station,5주,강남,클럽,가라오케,퍼블릭,논현맛집도셰프,신사맛집추천,강남맛집추천,청담맛집추천,신사역맛집추천,가로수길맛집추천,가로수길카페,한신포차닭발,신사역맛집추천,강남역맛집추천,청당동맛집,압구정역맛집추천,신논현역맛집,강남역까페,청담동카페,청담동술집,벨뷰,청담동라운지,청담라운지,가로수길술집,신사동술집,논현동술집,,,,,,
814,Sinnonhyeon Station,5주,강남,클럽,가라오케,퍼블릭,논현맛집도셰프,신사맛집추천,강남맛집추천,청담맛집추천,신사역맛집추천,가로수길맛집추천,가로수길카페,한신포차닭발,신사역맛집추천,강남역맛집추천,청당동맛집,압구정역맛집추천,신논현역맛집,강남역까페,청담동카페,청담동술집,벨뷰,청담동라운지,청담라운지,가로수길술집,신사동술집,논현동술집,,,,,,
815,Sinnonhyeon Station,5주,강남,클럽,가라오케,퍼블릭,논현맛집도셰프,신사맛집추천,강남맛집추천,청담맛집추천,신사역맛집추천,가로수길맛집추천,가로수길카페,한신포차닭발,신사역맛집추천,강남역맛집추천,청당동맛집,압구정역맛집추천,신논현역맛집,강남역까페,청담동카페,청담동술집,벨뷰,청담동라운지,청담라운지,가로수길술집,신사동술집,논현동술집,,,,,,
816,Sinnonhyeon Station,5주,유림상회,유림상회논현본점,영동시장맛집,해산물맛집,해산물요리,해산물포차,영동시장술집,화로구이맛집,논현동맛집,논현역맛집,신논현맛집,신논현역맛집,유로포차,ad,,,,,,,,,,,,,,,,,,
817,Sinnonhyeon Station,5주,신논현역카페,피치그레이,신논현역놀거리,슈터스클럽,신논현역맛집,마쵸쉐프,치즈올릴때,도끼사용,무엇,daily,,,,,,,,,,,,,,,,,,,,,,
818,Sinnonhyeon Station,5주,20200501,강남역꽈당녀,내일몸살각,아픔보단창피함,동생찬스,사이안좋은거아님,논현맛집,일상,소통,좋아요,좋아요반사,좋반,like,like4like,선팔,맞팔,맞팔하면선팔,팔로우,FFF,F4F,인스타그램,분위기,힐링,카페,주말,강남역,논현역,신논현역맛집,,,,
819,Sinnonhyeon Station,5주,,,,,,,,,,,,,,,,,,,,,,,,,,,,,,,,
820,Sinnonhyeon Station,5주,강남,아트몬스터,이놈식기,술스타그램,신논현맛집,신논현역맛집,수제맥주맛집,수제맥주,피자맛집,강남역맛집,강남역술집,양조장,먹스타소통,좋아요반사,좋아요테러,seoultravel,foodporn,craftbeerlover,craftbeer,koreanbeer,pizzalover,foodstagram,,,,,,,,,,
821,Sinnonhyeon Station,5주,상무초밥,클라이밍파크,신논현역맛집,,,,,,,,,,,,,,,,,,,,,,,,,,,,,
822,Sinnonhyeon Station,5주,유림상회,유림상회논현본점,영동시장맛집,해산물맛집,해산물요리,해산물포차,영동시장술집,화로구이맛집,논현동맛집,논현역맛집,신논현맛집,신논현역맛집,유로포차,ad,,,,,,,,,,,,,,,,,,
823,Sinnonhyeon Station,5주,Lynn,세광양대창,신논현역맛집,신논현역회식장소,세광양대창,매콤한맛,,,,,,,,,,,,,,,,,,,,,,,,,,
824,Sinnonhyeon Station,5주,낙원테산도,낙원테산도,신논현역맛집,일상,먹스타그램,강남맛집,돈까스,,,,,,,,,,,,,,,,,,,,,,,,,
825,Sinnonhyeon Station,5주,세광양대창,신논현역맛집,신논현막창맛집,세광양대창,막창조아,,,,,,,,,,,,,,,,,,,,,,,,,,,
826,Sinnonhyeon Station,5주,,,,,,,,,,,,,,,,,,,,,,,,,,,,,,,,
827,Sinnonhyeon Station,5주,강남,클럽,가라오케,퍼블릭,논현맛집도셰프,신사맛집추천,강남맛집추천,청담맛집추천,신사역맛집추천,가로수길맛집추천,가로수길카페,한신포차닭발,신사역맛집추천,강남역맛집추천,청당동맛집,압구정역맛집추천,신논현역맛집,강남역까페,청담동카페,청담동술집,벨뷰,청담동라운지,청담라운지,가로수길술집,신사동술집,논현동술집,,,,,,
828,Sinnonhyeon Station,5주,강남,클럽,가라오케,퍼블릭,논현맛집도셰프,신사맛집추천,강남맛집추천,청담맛집추천,신사역맛집추천,가로수길맛집추천,가로수길카페,한신포차닭발,신사역맛집추천,강남역맛집추천,청당동맛집,압구정역맛집추천,신논현역맛집,강남역까페,청담동카페,청담동술집,벨뷰,청담동라운지,청담라운지,가로수길술집,신사동술집,논현동술집,,,,,,
829,Sinnonhyeon Station,5주,,,,,,,,,,,,,,,,,,,,,,,,,,,,,,,,
830,Sinnonhyeon Station,5주,강남,클럽,가라오케,퍼블릭,논현맛집도셰프,신사맛집추천,강남맛집추천,청담맛집추천,신사역맛집추천,가로수길맛집추천,가로수길카페,한신포차닭발,신사역맛집추천,강남역맛집추천,청당동맛집,압구정역맛집추천,신논현역맛집,강남역까페,청담동카페,청담동술집,벨뷰,청담동라운지,청담라운지,가로수길술집,신사동술집,논현동술집,,,,,,
831,Sinnonhyeon Station,5주,강남,클럽,가라오케,퍼블릭,논현맛집도셰프,신사맛집추천,강남맛집추천,청담맛집추천,신사역맛집추천,가로수길맛집추천,가로수길카페,한신포차닭발,신사역맛집추천,강남역맛집추천,청당동맛집,압구정역맛집추천,신논현역맛집,강남역까페,청담동카페,청담동술집,벨뷰,청담동라운지,청담라운지,가로수길술집,신사동술집,논현동술집,,,,,,
832,Sinnonhyeon Station,5주,한신포차,국물닭발,논현동맛집,영동시장맛집,신논현역맛집,닭발맛집,포차맛집,갱두,갱두스타그램,푸드스타그램,foodpic,맛스타그램,,,,,,,,,,,,,,,,,,,,
833,Sinnonhyeon Station,5주,강남,클럽,가라오케,퍼블릭,논현맛집도셰프,신사맛집추천,강남맛집추천,청담맛집추천,신사역맛집추천,가로수길맛집추천,가로수길카페,한신포차닭발,신사역맛집추천,강남역맛집추천,청당동맛집,압구정역맛집추천,신논현역맛집,강남역까페,청담동카페,청담동술집,벨뷰,청담동라운지,청담라운지,가로수길술집,신사동술집,논현동술집,,,,,,
834,Sinnonhyeon Station,5주,강남,클럽,가라오케,퍼블릭,논현맛집도셰프,신사맛집추천,강남맛집추천,청담맛집추천,신사역맛집추천,가로수길맛집추천,가로수길카페,한신포차닭발,신사역맛집추천,강남역맛집추천,청당동맛집,압구정역맛집추천,신논현역맛집,강남역까페,청담동카페,청담동술집,벨뷰,청담동라운지,청담라운지,가로수길술집,신사동술집,논현동술집,,,,,,
835,Sinnonhyeon Station,5주,강남,클럽,가라오케,퍼블릭,논현맛집도셰프,신사맛집추천,강남맛집추천,청담맛집추천,신사역맛집추천,가로수길맛집추천,가로수길카페,한신포차닭발,신사역맛집추천,강남역맛집추천,청당동맛집,압구정역맛집추천,신논현역맛집,강남역까페,청담동카페,청담동술집,벨뷰,청담동라운지,청담라운지,가로수길술집,신사동술집,논현동술집,,,,,,
836,Sinnonhyeon Station,5주,강남,클럽,가라오케,퍼블릭,논현맛집도셰프,신사맛집추천,강남맛집추천,청담맛집추천,신사역맛집추천,가로수길맛집추천,가로수길카페,한신포차닭발,신사역맛집추천,강남역맛집추천,청당동맛집,압구정역맛집추천,신논현역맛집,강남역까페,청담동카페,청담동술집,벨뷰,청담동라운지,청담라운지,가로수길술집,신사동술집,논현동술집,,,,,,
837,Sinnonhyeon Station,5주,강남,클럽,가라오케,퍼블릭,논현맛집도셰프,신사맛집추천,강남맛집추천,청담맛집추천,신사역맛집추천,가로수길맛집추천,가로수길카페,한신포차닭발,신사역맛집추천,강남역맛집추천,청당동맛집,압구정역맛집추천,신논현역맛집,강남역까페,청담동카페,청담동술집,벨뷰,청담동라운지,청담라운지,가로수길술집,신사동술집,논현동술집,,,,,,
838,Sinnonhyeon Station,5주,강남,클럽,가라오케,퍼블릭,논현맛집도셰프,신사맛집추천,강남맛집추천,청담맛집추천,신사역맛집추천,가로수길맛집추천,가로수길카페,한신포차닭발,신사역맛집추천,강남역맛집추천,청당동맛집,압구정역맛집추천,신논현역맛집,강남역까페,청담동카페,청담동술집,벨뷰,청담동라운지,청담라운지,가로수길술집,신사동술집,논현동술집,,,,,,
839,Sinnonhyeon Station,5주,강남,클럽,가라오케,퍼블릭,논현맛집도셰프,신사맛집추천,강남맛집추천,청담맛집추천,신사역맛집추천,가로수길맛집추천,가로수길카페,한신포차닭발,신사역맛집추천,강남역맛집추천,청당동맛집,압구정역맛집추천,신논현역맛집,강남역까페,청담동카페,청담동술집,벨뷰,청담동라운지,청담라운지,가로수길술집,신사동술집,논현동술집,,,,,,
840,Sinnonhyeon Station,5주,,,,,,,,,,,,,,,,,,,,,,,,,,,,,,,,
841,Sinnonhyeon Station,5주,논현삼계탕,논현삼계탕365,맛집스타그램,강남,강남맛집,신논현,신논현맛집,Sinnonhyeon,삼계탕,삼겹살맛집,강남역맛집,신논현역맛집,,,,,,,,,,,,,,,,,,,,
842,Sinnonhyeon Station,5주,명동피자,명동맛집,동대문맛집,왕십리맛집,가든파이브맛집,선릉역맛집,대치동맛집,남산맛집,강남역맛집,신논현맛집,신논현역맛집,서울맛집,,,,,,,,,,,,,,,,,,,,
843,Sinnonhyeon Station,5주,강남백반집,점심추천,아점,저녁은술집,먹고싶은거미리주문,신논현역맛집,느그집,한식,백반,술안주일절,,,,,,,,,,,,,,,,,,,,,,
844,Sinnonhyeon Station,5주,강남맛집,집밥이생각날때,집밥,한식,백반,단체환영,상호명,느그집,절라도누님,주문메뉴,6인룸,모임장소추천,신논현역맛집,파전,홍어삼합,삼겹살,묵은지제육,컵라면항상서비스,오늘의메뉴,카레,순두부찌게,계란말이,브로콜리,오늘알바,보드연구소,에뷸코리아,,,,,,
845,Sinnonhyeon Station,5주,세광양대창,신논현역맛집,신논현맛집,세광양대창,새벽마실,맛나다,,,,,,,,,,,,,,,,,,,,,,,,,,
846,Sinnonhyeon Station,5주,구구당,구구당멘보샤,구구당홍콩파스타,,,,,,,,,,,,,,,,,,,,,,,,,,,,,
847,Sinnonhyeon Station,5주,참치,참치맛집,대참치,신논현맛집,반포맛집,반포참치,신논현참치,강남참치,강남참치맛집,신논현역맛집,무한리필,무한리필참치,강남역참치무한리필,강남무한리필참치집,논현동참치집,신논현무한리필,신논현무한리필참치집,서초참치,신논현맛집,논현참치회식,신논현무한리필참치,신논현역참치맛집,강남참치맛집,강남참치무한리필,신논현맛집추천,논현동참치,강남회식,신논현회식,KCC맛집,논현참치,신논현역참치,강남역참치
848,Sinnonhyeon Station,5주,유로포차,유로포차논현본점,영동시장맛집,골뱅이무침맛집,영동시장포차,논현역맛집,신논현맛집,영동시장술집,화로구이맛집,논현동맛집,논현역맛집,신논현포차,신논현역맛집,유림상회,단체,단체모임,논현단체,논현회식,ad,,,,,,,,,,,,,
849,Sinnonhyeon Station,5주,유로포차,유로포차논현본점,영동시장맛집,골뱅이무침맛집,영동시장포차,논현역맛집,신논현맛집,영동시장술집,화로구이맛집,논현동맛집,논현역맛집,신논현포차,신논현역맛집,유림상회,단체,단체모임,논현단체,논현회식,ad,맛집투어,daily,일상,맛스타그램,,,,,,,,,
850,Sinnonhyeon Station,5주,낙원테산도,신논현역맛집,모듬카츠,쉬림프파스타,타마고산도,,,,,,,,,,,,,,,,,,,,,,,,,,,
851,Sinnonhyeon Station,5주,무월식탁,강남맛집,서울맛집,강남역맛집,신논현맛집,신논현역맛집,먹스타,먹스타맞팔,먹스타그램맞팔,먹스타소통,음식스타그램,먹스타그램,선팔,맞팔,선팔맞팔,선팔하면맞팔,맞팔로우,좋반,좋아요반사,좋반테러,좋테,여닝푸드,밥스타그램,,,,,,,,,
852,Sinnonhyeon Station,5주,문시정대표님,쏠베라,쏠베라솔버팀,S클래스팀,쏠베라조성민,대전쏠베라,청주쏠베라,천안쏠베라,세종쏠베라,광주쏠베라,베르디아,플러스아르베라,뷰티스타그램,안티에징쏠루션,강남맛집,신논현역맛집,재재,서울돈까스맛집,강남데이트코스,,,,,,,,,,,,,
853,Sinnonhyeon Station,5주,세광양대창,신논현역맛집,신논현역회식장소,세광양대창,,,,,,,,,,,,,,,,,,,,,,,,,,,,
854,Sinnonhyeon Station,5주,황금연휴,연휴,코로나19,사회적거리두기,인동상회,구룡포과메기,세꼬시,모듬해산물,미나리전,신논현역맛집,반포동맛집,무보정,무필터,,,,,,,,,,,,,,,,,,,
855,Sinnonhyeon Station,5주,재재식당,재재식당강남,강남역맛집,강남맛집,돈까스맛집,돈까스,,,,,,,,,,,,,,,,,,,,,,,,,,
856,Sinnonhyeon Station,5주,첫줄,유로포차,유로포차논현본점,영동시장맛집,골뱅이무침맛집,영동시장포차,논현역맛집,신논현맛집,영동시장술집,화로구이맛집,논현동맛집,논현역맛집,신논현포차,신논현역맛집,유림상회,단체,단체모임,논현단체,논현회식,ad,,,,,,,,,,,,
857,Sinnonhyeon Station,5주,먹스타그램,먹스타맞팔,오늘뭐먹지,맛집공유,신논현역맛집,,,,,,,,,,,,,,,,,,,,,,,,,,,
858,Sinnonhyeon Station,5주,울트라멘,라멘,영동시장,신논현역맛집,ultramen,ramen,yeongdongmarket,sinnonhyeonstation,,,,,,,,,,,,,,,,,,,,,,,,
859,Sinnonhyeon Station,5주,옛날농장논현점,단체석완비,,,,,,,,,,,,,,,,,,,,,,,,,,,,,,
860,Sinnonhyeon Station,5주,매우매오,본점,별관,강남역맛집,신논현역맛집,강남역데이트,강남역한식맛집,,,,,,,,,,,,,,,,,,,,,,,,,
861,Sinnonhyeon Station,5주,신논현역진대감,진대감,차돌박이,강남맛집,신논현역맛집,신논현역고기집,전참시이영자맛집,,,,,,,,,,,,,,,,,,,,,,,,,
862,Sinnonhyeon Station,5주,재재식당,강남맛집,강남역맛집,신논현맛집,신논현역맛집,강남데이트,강남돈까스,돈까스맛집,,,,,,,,,,,,,,,,,,,,,,,,
863,Sinnonhyeon Station,5주,명동피자,명동맛집,동대문맛집,왕십리맛집,가든파이브맛집,선릉역맛집,대치동맛집,남산맛집,강남역맛집,신논현맛집,신논현역맛집,서울맛집,,,,,,,,,,,,,,,,,,,,
864,Sinnonhyeon Station,5주,서울,강남,신논현,신논현역맛집,상무초밥,강남초밥,,,,,,,,,,,,,,,,,,,,,,,,,,
865,Sinnonhyeon Station,5주,정돈,등심돈까스,안심돈까스,신논현역맛집,언덕위의집,요번엔성공,브레이크타임있음,,,,,,,,,,,,,,,,,,,,,,,,,
866,Sinnonhyeon Station,5주,먹스타그램,맛스타그램,신논현역맛집,강남역맛집,강남맛집,피자맛집,브릭오븐,피자,콜드스톤,아이스크림맛집,아이스크림,,,,,,,,,,,,,,,,,,,,,
867,Sinnonhyeon Station,5주,,,,,,,,,,,,,,,,,,,,,,,,,,,,,,,,
868,Sinnonhyeon Station,5주,유로포차,유로포차논현본점,영동시장맛집,골뱅이무침맛집,영동시장포차,논현역맛집,신논현맛집,영동시장술집,화로구이맛집,논현동맛집,논현역맛집,신논현포차,신논현역맛집,유림상회,단체,단체모임,논현단체,논현회식,ad,,,,,,,,,,,,,
869,Sinnonhyeon Station,5주,,,,,,,,,,,,,,,,,,,,,,,,,,,,,,,,
870,Sinnonhyeon Station,5주,,,,,,,,,,,,,,,,,,,,,,,,,,,,,,,,
871,Sinnonhyeon Station,5주,하몽하몽이베리코,이베리코맛집,맛집,강남역맛집,목살맛집,신논현역맛집,강남역고기,,,,,,,,,,,,,,,,,,,,,,,,,
872,Sinnonhyeon Station,5주,신논현맛집,신논현역맛집,강남모임장소,강남논현동맛집,강남룸술집,신논현회식장소,신논현이자카야,기세끼,먹스타,먹스타그램,소통,소통스타그램,일상,일상스타그램,선팔맞팔,술스타,강남,,,,,,,,,,,,,,,
873,Sinnonhyeon Station,5주,내제자,강남역,강남맛집,신논현역맛집,신논현카페,강남카페,강남역카페,랑데자뷰,강남랑데자뷰,스승과제자,교생실습,꽃길만걷자,ootd,daily,lfl,생일선물,고마워,gangnam,강남역맛집,신논현맛집,,,,,,,,,,,,
874,Sinnonhyeon Station,5주,,,,,,,,,,,,,,,,,,,,,,,,,,,,,,,,
875,Sinnonhyeon Station,5주,제육덮밥,직화락신논현점,논현맛집,신논현역맛집,반포맛집,,,,,,,,,,,,,,,,,,,,,,,,,,,
876,Sinnonhyeon Station,5주,육즙을품다,강남맛집,강남역맛집,신논현맛집,신논현역맛집,강남고기집,강남회식,신논현술집,,,,,,,,,,,,,,,,,,,,,,,,
877,Sinnonhyeon Station,5주,꼭그닭강남점,,,,,,,,,,,,,,,,,,,,,,,,,,,,,,,
878,Sinnonhyeon Station,5주,된장찌개,송포갈비,고기맛집,논현맛집,강남맛집추천,강남역맛집추천,신논현맛집,강남술집,신논현역맛집,청첩장모임,,,,,,,,,,,,,,,,,,,,,,
879,Sinnonhyeon Station,5주,신논현맛집,신논현역맛집,신논현존맛,신논현jmt,신논현데이트,신논현회식,까사생갈비,,,,,,,,,,,,,,,,,,,,,,,,,
880,Sinnonhyeon Station,5주,,,,,,,,,,,,,,,,,,,,,,,,,,,,,,,,
881,Sinnonhyeon Station,5주,명동피자,명동맛집,동대문맛집,왕십리맛집,가든파이브맛집,선릉역맛집,대치동맛집,남산맛집,강남역맛집,신논현맛집,신논현역맛집,서울맛집,,,,,,,,,,,,,,,,,,,,
882,Sinnonhyeon Station,5주,신논현맛집,신논현카페,신논현역맛집,신논현역카페,스콘맛집,쑥스콘,앙쑥,쑥라떼,로우어가든,lowergarden,생일,25,,,,,,,,,,,,,,,,,,,,
883,Sinnonhyeon Station,5주,브릭오븐,서울맛집,강남맛집,강남역맛집,신논현맛집,신논현역맛집,먹스타,먹스타그램,먹스타맞팔,먹스타소통,먹스타그램맞팔,선팔,맞팔,맞팔로우,선팔맞팔,선팔하면맞팔,좋반,좋반테러,좋아요반사,좋테,여닝푸드,,,,,,,,,,,
884,Sinnonhyeon Station,5주,무지개맥주,안주맛집,맥주맛집,생맥주,드라이아이스맥주,신논현역,신논현역맛집,먹스타그램,맛스타그램,,,,,,,,,,,,,,,,,,,,,,,
885,Sinnonhyeon Station,5주,경양카츠,맛집,수육카츠,강남,강남맛집,강남맛집추천,강남역맛집,강남맛집베스트,신논현맛집,신논현역맛집,서울맛집,서울맛집추천,맛집추천,맛집스타그램,맛집탐방,맛집투어,먹방,먹스타,먹스타맞팔,먹스타그램,먹스타소통,,,,,,,,,,,
886,Sinnonhyeon Station,5주,,,,,,,,,,,,,,,,,,,,,,,,,,,,,,,,
887,Sinnonhyeon Station,6주,오진다,베스트안주,야밤맥주,논현동맥주,논현동칵테일,신논현역술집,논현역술집,칵테일,분위기술집,수제맥주,기네스,감자튀김맛집,안주맛집,이쁜술집,논현동데이트,단체모임,단체모임장소,신논현역칵테일바,감바스맛집,파스타맛집,강남바,강남술집,강남칵테일,강남맥주집,강남칵테일,혼술집,논현동데이트,신논현카페,신논현역맛집,신논현맥주,,
888,Sinnonhyeon Station,6주,논현동맥주,논현동칵테일,신논현역술집,논현역술집,칵테일,분위기술집,수제맥주,기네스,감자튀김맛집,안주맛집,이쁜술집,논현동데이트,단체모임,단체모임장소,신논현역칵테일바,감바스맛집,파스타맛집,강남바,강남술집,강남칵테일,강남맥주집,강남칵테일,혼술집,논현동데이트,신논현카페,신논현역맛집,신논현맥주,,,,,
889,Sinnonhyeon Station,6주,유림상회,유림상회논현본점,영동시장맛집,해산물맛집,해산물요리,해산물포차,영동시장술집,화로구이맛집,논현동맛집,논현역맛집,신논현맛집,신논현역맛집,유로포차,ad,먹스타맞팔,먹스타그램,맛스타그램,술집,술스타그램,논현맛집,논현술집,좋반,좋튀,맞팔,좋아요반사,좋아요테러,맥주,술집추천,강남술집추천,레트로술집,,
890,Sinnonhyeon Station,Error,error,,,,,,,,,,,,,,,,,,,,,,,,,,,,,,,
891,Sinnonhyeon Station,Error,error,,,,,,,,,,,,,,,,,,,,,,,,,,,,,,,
892,Sinnonhyeon Station,Error,error,,,,,,,,,,,,,,,,,,,,,,,,,,,,,,,
893,Sinnonhyeon Station,Error,error,,,,,,,,,,,,,,,,,,,,,,,,,,,,,,,
894,Sinnonhyeon Station,Error,error,,,,,,,,,,,,,,,,,,,,,,,,,,,,,,,
895,Sinnonhyeon Station,Error,error,,,,,,,,,,,,,,,,,,,,,,,,,,,,,,,
896,Sinnonhyeon Station,Error,error,,,,,,,,,,,,,,,,,,,,,,,,,,,,,,,
897,Sinnonhyeon Station,Error,error,,,,,,,,,,,,,,,,,,,,,,,,,,,,,,,
898,Sinnonhyeon Station,Error,error,,,,,,,,,,,,,,,,,,,,,,,,,,,,,,,
899,Sinnonhyeon Station,Error,error,,,,,,,,,,,,,,,,,,,,,,,,,,,,,,,
900,Sinnonhyeon Station,Error,error,,,,,,,,,,,,,,,,,,,,,,,,,,,,,,,
901,Sinnonhyeon Station,Error,error,,,,,,,,,,,,,,,,,,,,,,,,,,,,,,,
902,Sinnonhyeon Station,Error,error,,,,,,,,,,,,,,,,,,,,,,,,,,,,,,,
903,Sinnonhyeon Station,Error,error,,,,,,,,,,,,,,,,,,,,,,,,,,,,,,,
904,Sinnonhyeon Station,Error,error,,,,,,,,,,,,,,,,,,,,,,,,,,,,,,,
905,Sinnonhyeon Station,Error,error,,,,,,,,,,,,,,,,,,,,,,,,,,,,,,,
906,Sinnonhyeon Station,Error,error,,,,,,,,,,,,,,,,,,,,,,,,,,,,,,,
907,Sinnonhyeon Station,Error,error,,,,,,,,,,,,,,,,,,,,,,,,,,,,,,,
908,Sinnonhyeon Station,Error,error,,,,,,,,,,,,,,,,,,,,,,,,,,,,,,,
909,Sinnonhyeon Station,Error,error,,,,,,,,,,,,,,,,,,,,,,,,,,,,,,,
910,Sinnonhyeon Station,Error,error,,,,,,,,,,,,,,,,,,,,,,,,,,,,,,,
911,Sinnonhyeon Station,Error,error,,,,,,,,,,,,,,,,,,,,,,,,,,,,,,,
912,Sinnonhyeon Station,Error,error,,,,,,,,,,,,,,,,,,,,,,,,,,,,,,,
913,Sinnonhyeon Station,Error,error,,,,,,,,,,,,,,,,,,,,,,,,,,,,,,,
914,Sinnonhyeon Station,Error,error,,,,,,,,,,,,,,,,,,,,,,,,,,,,,,,
915,Sinnonhyeon Station,Error,error,,,,,,,,,,,,,,,,,,,,,,,,,,,,,,,
916,Sinnonhyeon Station,Error,error,,,,,,,,,,,,,,,,,,,,,,,,,,,,,,,
917,Sinnonhyeon Station,Error,error,,,,,,,,,,,,,,,,,,,,,,,,,,,,,,,
918,Sinnonhyeon Station,Error,error,,,,,,,,,,,,,,,,,,,,,,,,,,,,,,,
919,Sinnonhyeon Station,Error,error,,,,,,,,,,,,,,,,,,,,,,,,,,,,,,,
920,Sinnonhyeon Station,Error,error,,,,,,,,,,,,,,,,,,,,,,,,,,,,,,,
921,Sinnonhyeon Station,Error,error,,,,,,,,,,,,,,,,,,,,,,,,,,,,,,,
922,Sinnonhyeon Station,Error,error,,,,,,,,,,,,,,,,,,,,,,,,,,,,,,,
923,Sinnonhyeon Station,Error,error,,,,,,,,,,,,,,,,,,,,,,,,,,,,,,,
924,Sinnonhyeon Station,Error,error,,,,,,,,,,,,,,,,,,,,,,,,,,,,,,,
925,Sinnonhyeon Station,Error,error,,,,,,,,,,,,,,,,,,,,,,,,,,,,,,,
926,Sinnonhyeon Station,Error,error,,,,,,,,,,,,,,,,,,,,,,,,,,,,,,,
927,Sinnonhyeon Station,Error,error,,,,,,,,,,,,,,,,,,,,,,,,,,,,,,,
928,Sinnonhyeon Station,Error,error,,,,,,,,,,,,,,,,,,,,,,,,,,,,,,,
929,Sinnonhyeon Station,Error,error,,,,,,,,,,,,,,,,,,,,,,,,,,,,,,,
930,Sinnonhyeon Station,Error,error,,,,,,,,,,,,,,,,,,,,,,,,,,,,,,,
931,Sinnonhyeon Station,Error,error,,,,,,,,,,,,,,,,,,,,,,,,,,,,,,,
932,Sinnonhyeon Station,Error,error,,,,,,,,,,,,,,,,,,,,,,,,,,,,,,,
933,Sinnonhyeon Station,Error,error,,,,,,,,,,,,,,,,,,,,,,,,,,,,,,,
934,Sinnonhyeon Station,Error,error,,,,,,,,,,,,,,,,,,,,,,,,,,,,,,,
935,Sinnonhyeon Station,Error,error,,,,,,,,,,,,,,,,,,,,,,,,,,,,,,,
936,Sinnonhyeon Station,Error,error,,,,,,,,,,,,,,,,,,,,,,,,,,,,,,,
937,Sinnonhyeon Station,Error,error,,,,,,,,,,,,,,,,,,,,,,,,,,,,,,,
938,Sinnonhyeon Station,Error,error,,,,,,,,,,,,,,,,,,,,,,,,,,,,,,,
939,Sinnonhyeon Station,Error,error,,,,,,,,,,,,,,,,,,,,,,,,,,,,,,,
940,Sinnonhyeon Station,Error,error,,,,,,,,,,,,,,,,,,,,,,,,,,,,,,,
941,Sinnonhyeon Station,Error,error,,,,,,,,,,,,,,,,,,,,,,,,,,,,,,,
942,Sinnonhyeon Station,Error,error,,,,,,,,,,,,,,,,,,,,,,,,,,,,,,,
943,Sinnonhyeon Station,Error,error,,,,,,,,,,,,,,,,,,,,,,,,,,,,,,,
944,Sinnonhyeon Station,Error,error,,,,,,,,,,,,,,,,,,,,,,,,,,,,,,,
945,Sinnonhyeon Station,Error,error,,,,,,,,,,,,,,,,,,,,,,,,,,,,,,,
946,Sinnonhyeon Station,Error,error,,,,,,,,,,,,,,,,,,,,,,,,,,,,,,,
947,Sinnonhyeon Station,Error,error,,,,,,,,,,,,,,,,,,,,,,,,,,,,,,,
948,Sinnonhyeon Station,Error,error,,,,,,,,,,,,,,,,,,,,,,,,,,,,,,,
949,Sinnonhyeon Station,Error,error,,,,,,,,,,,,,,,,,,,,,,,,,,,,,,,
950,Sinnonhyeon Station,Error,error,,,,,,,,,,,,,,,,,,,,,,,,,,,,,,,
951,Sinnonhyeon Station,Error,error,,,,,,,,,,,,,,,,,,,,,,,,,,,,,,,
952,Sinnonhyeon Station,Error,error,,,,,,,,,,,,,,,,,,,,,,,,,,,,,,,
953,Sinnonhyeon Station,Error,error,,,,,,,,,,,,,,,,,,,,,,,,,,,,,,,
954,Sinnonhyeon Station,Error,error,,,,,,,,,,,,,,,,,,,,,,,,,,,,,,,
955,Sinnonhyeon Station,Error,error,,,,,,,,,,,,,,,,,,,,,,,,,,,,,,,
956,Sinnonhyeon Station,Error,error,,,,,,,,,,,,,,,,,,,,,,,,,,,,,,,
957,Sinnonhyeon Station,Error,error,,,,,,,,,,,,,,,,,,,,,,,,,,,,,,,
958,Sinnonhyeon Station,Error,error,,,,,,,,,,,,,,,,,,,,,,,,,,,,,,,
959,Sinnonhyeon Station,Error,error,,,,,,,,,,,,,,,,,,,,,,,,,,,,,,,
960,Sinnonhyeon Station,Error,error,,,,,,,,,,,,,,,,,,,,,,,,,,,,,,,
961,Sinnonhyeon Station,Error,error,,,,,,,,,,,,,,,,,,,,,,,,,,,,,,,
962,Sinnonhyeon Station,Error,error,,,,,,,,,,,,,,,,,,,,,,,,,,,,,,,
963,Sinnonhyeon Station,Error,error,,,,,,,,,,,,,,,,,,,,,,,,,,,,,,,
964,Sinnonhyeon Station,Error,error,,,,,,,,,,,,,,,,,,,,,,,,,,,,,,,
965,Sinnonhyeon Station,Error,error,,,,,,,,,,,,,,,,,,,,,,,,,,,,,,,
966,Sinnonhyeon Station,Error,error,,,,,,,,,,,,,,,,,,,,,,,,,,,,,,,
967,Sinnonhyeon Station,Error,error,,,,,,,,,,,,,,,,,,,,,,,,,,,,,,,
968,Sinnonhyeon Station,Error,error,,,,,,,,,,,,,,,,,,,,,,,,,,,,,,,
969,Sinnonhyeon Station,Error,error,,,,,,,,,,,,,,,,,,,,,,,,,,,,,,,
970,Sinnonhyeon Station,Error,error,,,,,,,,,,,,,,,,,,,,,,,,,,,,,,,
971,Sinnonhyeon Station,Error,error,,,,,,,,,,,,,,,,,,,,,,,,,,,,,,,
972,Sinnonhyeon Station,Error,error,,,,,,,,,,,,,,,,,,,,,,,,,,,,,,,
973,Sinnonhyeon Station,Error,error,,,,,,,,,,,,,,,,,,,,,,,,,,,,,,,
974,Sinnonhyeon Station,Error,error,,,,,,,,,,,,,,,,,,,,,,,,,,,,,,,
975,Sinnonhyeon Station,Error,error,,,,,,,,,,,,,,,,,,,,,,,,,,,,,,,
976,Sinnonhyeon Station,Error,error,,,,,,,,,,,,,,,,,,,,,,,,,,,,,,,
977,Sinnonhyeon Station,Error,error,,,,,,,,,,,,,,,,,,,,,,,,,,,,,,,
978,Sinnonhyeon Station,Error,error,,,,,,,,,,,,,,,,,,,,,,,,,,,,,,,
979,Sinnonhyeon Station,Error,error,,,,,,,,,,,,,,,,,,,,,,,,,,,,,,,
980,Sinnonhyeon Station,Error,error,,,,,,,,,,,,,,,,,,,,,,,,,,,,,,,
981,Sinnonhyeon Station,Error,error,,,,,,,,,,,,,,,,,,,,,,,,,,,,,,,
982,Sinnonhyeon Station,Error,error,,,,,,,,,,,,,,,,,,,,,,,,,,,,,,,
983,Sinnonhyeon Station,Error,error,,,,,,,,,,,,,,,,,,,,,,,,,,,,,,,
984,Sinnonhyeon Station,Error,error,,,,,,,,,,,,,,,,,,,,,,,,,,,,,,,
985,Sinnonhyeon Station,Error,error,,,,,,,,,,,,,,,,,,,,,,,,,,,,,,,
986,Sinnonhyeon Station,Error,error,,,,,,,,,,,,,,,,,,,,,,,,,,,,,,,
987,Sinnonhyeon Station,Error,error,,,,,,,,,,,,,,,,,,,,,,,,,,,,,,,
988,Sinnonhyeon Station,Error,error,,,,,,,,,,,,,,,,,,,,,,,,,,,,,,,
989,Sinnonhyeon Station,Error,error,,,,,,,,,,,,,,,,,,,,,,,,,,,,,,,
990,Sinnonhyeon Station,Error,error,,,,,,,,,,,,,,,,,,,,,,,,,,,,,,,
991,Sinnonhyeon Station,Error,error,,,,,,,,,,,,,,,,,,,,,,,,,,,,,,,
992,Sinnonhyeon Station,6주,제주육,신논현역맛집,논현동맛집,영동시장맛집,제주돼지맛집,흑돼지맛집,제주흑돼지맛집,논현역맛집,논현동회식,논현역회식장소,신논현회식장소,논현역고기집,논현역삼겹살,논현동삽겹살,,,,,,,,,,,,,,,,,,
993,Sinnonhyeon Station,6주,신논현역맛집,개성집,고기가신선,국내산돼지고기,냉삼매니아,냉동대패삼겹살,,,,,,,,,,,,,,,,,,,,,,,,,,
994,Sinnonhyeon Station,6주,신논현난장캠프,논현역맛집,신논현역맛집,유림상회논현본점,,,,,,,,,,,,,,,,,,,,,,,,,,,,
995,Sinnonhyeon Station,6주,혼밥,혼밥마니아,프로혼밥러,누들톡,누들톡신논현역,고기쌈비빔국수,군만두,세트메뉴,신논현역맛집,혼밥집,,,,,,,,,,,,,,,,,,,,,,
996,Sinnonhyeon Station,6주,또바기포차,제로페이,제로페이가맹점,좋아요반사,신논현역맛집,논현역맛집,강남역맛집,논현또바기,신논현1번출구,신논현또바기,반포또바기,또바기포차,또바기,맛스타그램,먹스타그램,,,,,,,,,,,,,,,,,
997,Sinnonhyeon Station,6주,,,,,,,,,,,,,,,,,,,,,,,,,,,,,,,,
998,Sinnonhyeon Station,6주,우기식당,우기식당바다점,우기식당육지점,신논현,논현,논현역,영동시장,신논현맛집,신논현역맛집,논현역맛집,논현맛집,영동시장맛집,맛집,맛스타그램,술집,술스타그램,염따빠끄,염따,염따빠끄챌린지,flex,,,,,,,,,,,,
999,Sinnonhyeon Station,6주,강남,낙원타코,낙원파히타,,,,,,,,,,,,,,,,,,,,,,,,,,,,,
